monto,hora,es_madrugada,es_contacto_nuevo,es_ubicacion_inusual,saldo_previo,intentos_fallidos,es_fraude
54.42,11,0,0,0,2134.81,0,0
28.84,1,1,0,0,4263.9,0,0
63.29,18,0,1,0,3324.43,0,0
151.87,13,0,1,0,4198.41,0,0
26.2,17,0,1,0,2709.29,0,0
26.2,5,1,1,0,664.35,0,0
160.65,9,0,1,1,3055.65,0,0
71.34,9,0,0,0,946.64,2,0
20.71,11,0,1,0,1589.56,0,0
56.97,17,0,1,0,2317.8,0,0
20.83,11,0,0,0,750.28,0,0
20.79,8,0,0,1,142.48,0,0
42.18,5,1,1,0,1505.53,0,1
4.89,6,0,1,0,3718.21,0,1
5.9,16,0,0,0,118.44,0,0
18.87,12,0,1,0,536.98,0,1
12.03,16,0,1,0,3640.5,0,0
45.34,15,0,0,0,1411.04,0,0
13.36,7,0,1,0,4225.05,0,0
8.07,7,0,0,0,1742.09,0,0
143.4,16,0,0,0,3595.33,0,0
26.42,16,0,0,0,1201.61,0,0
35.43,11,0,1,0,325.15,0,0
7.97,6,0,0,0,3972.92,1,0
19.21,1,1,1,0,4176.47,1,0
37.0,10,0,0,0,3201.04,0,0
10.48,0,1,1,0,3476.8,0,1
48.22,9,0,1,0,81.72,3,0
18.16,11,0,1,0,3404.51,0,0
24.74,7,0,1,1,2151.27,1,1
18.14,7,0,1,0,2064.92,0,0
211.09,18,0,0,0,2453.31,0,0
32.67,13,0,0,0,1256.89,1,0
11.5,19,0,0,0,3148.48,0,0
75.38,10,0,1,0,1365.37,0,0
9.77,15,0,0,0,2535.8,0,0
40.81,8,0,0,0,659.33,1,0
4.67,14,0,1,0,3054.09,0,0
8.77,7,0,1,1,893.78,0,1
40.32,0,1,1,0,808.34,0,0
69.3,19,0,0,1,158.06,0,0
39.31,13,0,0,0,591.95,0,0
29.5,19,0,0,0,1084.94,0,0
24.51,10,0,0,0,1039.28,0,0
7.55,10,0,0,0,1508.14,0,0
16.12,11,0,0,0,292.15,0,0
20.89,15,0,0,0,4211.63,0,0
95.31,13,0,0,0,580.33,1,0
46.69,19,0,0,0,3173.74,0,0
5.68,2,1,0,0,2431.08,1,0
45.79,15,0,1,0,2509.91,0,1
22.53,10,0,1,0,519.55,1,0
16.83,8,0,1,0,1132.31,0,0
61.05,12,0,0,0,3520.47,0,0
92.85,12,0,1,1,2113.4,0,0
84.04,7,0,1,0,2083.95,1,0
14.31,8,0,0,0,2479.31,0,0
24.31,11,0,0,0,1980.44,0,0
46.12,11,0,0,0,3637.3,0,0
87.84,10,0,1,0,3381.74,0,1
20.51,7,0,0,0,1460.67,0,0
27.5,0,1,1,0,3663.76,0,1
10.95,20,0,0,0,2357.8,0,0
10.01,19,0,1,0,2843.43,0,1
74.63,12,0,1,0,3904.48,0,0
128.54,22,0,1,0,2168.17,0,0
30.81,15,0,0,0,3415.36,0,0
90.34,5,1,0,0,2844.99,0,1
47.54,7,0,1,0,1949.01,1,0
17.37,18,0,1,0,3561.27,0,0
47.53,14,0,0,0,517.96,0,0
154.17,17,0,1,0,2636.43,0,0
31.95,18,0,0,0,256.53,0,0
158.32,12,0,0,0,744.95,0,0
2.41,4,1,0,0,2714.99,0,1
75.33,8,0,1,0,1418.85,0,0
36.13,5,1,0,0,1218.01,0,0
24.56,8,0,1,0,4303.48,0,0
36.3,11,0,0,0,1678.28,0,0
4.54,7,0,1,0,2563.1,1,0
26.58,8,0,1,0,2427.41,0,0
47.33,12,0,0,0,325.98,1,0
145.17,10,0,0,0,3050.53,0,0
19.72,12,0,0,0,2332.41,0,0
14.75,11,0,1,0,1747.31,0,1
20.05,14,0,0,0,343.77,0,0
82.72,19,0,0,0,1353.91,0,0
46.01,7,0,0,0,3984.22,0,0
19.5,6,0,0,0,823.02,0,0
55.33,18,0,0,0,1026.03,1,0
36.49,12,0,1,0,963.56,1,0
87.24,16,0,0,0,4014.08,0,0
16.41,9,0,0,0,3164.98,0,0
23.86,17,0,1,0,3974.2,0,1
22.37,19,0,0,0,4116.17,1,0
7.66,14,0,0,0,4179.46,0,0
44.53,7,0,1,0,2211.43,0,1
42.99,18,0,0,0,2169.2,0,0
33.29,17,0,0,0,3738.71,0,0
26.19,16,0,0,0,1527.07,0,0
8.04,3,1,0,0,148.84,1,0
21.74,17,0,0,0,1525.39,0,0
23.51,7,0,1,0,3237.76,0,1
14.85,9,0,0,0,600.08,0,0
28.18,13,0,1,0,3542.27,0,0
49.6,9,0,0,0,3678.86,0,0
218.37,15,0,1,0,499.06,0,0
39.43,14,0,1,0,485.38,0,0
42.84,7,0,1,0,934.71,0,0
30.74,14,0,0,0,1635.93,0,0
4.86,19,0,0,0,2420.66,0,0
32.25,8,0,0,0,2210.66,0,0
35.17,13,0,1,0,3846.6,0,0
388.87,10,0,1,0,682.93,0,1
27.32,12,0,0,0,3154.2,0,0
44.77,10,0,1,0,2492.55,0,1
31.99,11,0,1,0,3328.87,0,0
10.29,2,1,0,0,1571.66,0,0
103.84,21,0,0,0,2147.64,0,0
70.24,14,0,1,0,177.24,0,1
73.04,12,0,0,0,566.67,0,0
13.34,11,0,1,0,1718.73,0,0
134.67,13,0,1,0,2191.58,1,0
8.15,11,0,0,0,431.57,0,0
59.55,11,0,0,0,3721.2,0,0
296.03,12,0,0,0,4259.93,0,0
12.3,9,0,1,0,2703.97,0,0
18.8,8,0,0,0,287.64,0,0
36.59,13,0,0,0,3337.78,0,0
20.02,17,0,1,0,1016.38,0,0
7.02,8,0,0,0,3314.75,0,0
35.47,3,1,0,0,1982.84,0,1
11.45,9,0,0,0,287.75,1,0
53.18,20,0,0,0,1290.43,0,0
13.2,17,0,0,0,1950.28,1,0
156.01,13,0,0,0,3326.31,0,0
15.13,19,0,1,0,642.16,0,1
24.0,12,0,0,0,1327.16,1,0
74.7,21,0,0,0,421.74,0,0
9.67,10,0,0,0,2790.34,0,0
41.57,9,0,0,0,2160.51,0,0
122.38,14,0,0,0,4184.07,0,0
6.64,11,0,0,0,3345.46,0,0
39.83,14,0,1,0,3511.6,0,0
42.94,10,0,0,0,781.55,0,0
72.37,14,0,0,1,1236.47,0,0
9.61,9,0,0,0,2333.47,0,0
8.84,5,1,0,0,110.01,0,0
55.81,18,0,0,0,3922.07,0,0
44.57,18,0,0,0,3510.94,0,0
42.54,20,0,0,0,307.83,0,0
46.83,15,0,0,0,3828.2,0,0
16.78,15,0,0,0,69.97,0,0
41.77,13,0,0,0,558.28,0,0
44.39,7,0,0,0,296.37,0,0
16.21,8,0,0,1,2182.26,0,0
213.96,10,0,1,0,3539.02,0,0
53.19,18,0,1,0,844.5,0,0
10.06,8,0,1,0,3483.11,0,0
63.85,19,0,0,0,872.92,0,0
12.49,13,0,0,0,4457.89,0,0
72.75,15,0,0,0,3847.96,0,0
105.49,7,0,1,0,3330.48,0,0
14.58,9,0,0,0,2683.01,1,0
86.78,19,0,0,0,1129.34,0,0
50.04,9,0,0,0,580.74,1,0
75.34,10,0,0,0,2098.37,0,0
220.7,8,0,0,1,1841.84,0,0
25.91,7,0,0,0,3051.44,0,0
15.58,9,0,0,0,806.9,0,0
13.61,14,0,1,0,2551.47,0,0
14.65,12,0,1,0,3135.41,0,1
30.66,13,0,0,0,1380.4,0,0
46.58,7,0,0,0,3521.06,1,0
43.67,17,0,0,0,1971.7,0,0
75.73,17,0,0,0,773.71,0,0
33.55,2,1,0,0,916.73,2,0
141.67,11,0,0,0,1291.1,0,0
25.42,5,1,1,0,753.66,0,1
502.79,17,0,0,0,2554.99,0,1
61.91,16,0,0,0,4273.68,0,0
14.05,18,0,0,0,4037.53,0,0
11.35,9,0,0,0,1490.71,1,0
53.65,12,0,1,0,3897.78,0,0
26.48,8,0,0,0,4295.4,0,0
67.63,11,0,0,1,1359.04,0,1
53.16,13,0,0,0,4078.52,1,0
30.79,5,1,0,0,4488.56,0,0
14.2,15,0,0,0,3599.64,0,0
7.28,13,0,0,0,1786.49,0,0
21.19,17,0,0,0,2758.01,0,0
77.98,9,0,0,0,1670.63,0,0
41.02,18,0,1,0,4482.03,0,0
9.53,22,0,0,0,351.95,0,0
39.38,18,0,0,0,4024.21,0,0
48.68,16,0,1,0,381.74,0,0
13.68,17,0,0,0,237.78,0,0
38.62,13,0,1,0,4232.73,0,0
35.1,8,0,0,0,3909.4,0,0
10.56,15,0,1,0,1658.95,0,0
47.36,15,0,0,0,4311.02,0,0
58.02,21,0,1,0,3885.26,0,1
97.81,13,0,0,0,4063.82,0,0
94.99,9,0,0,0,2698.26,0,0
8.35,15,0,0,1,4314.56,0,0
12.96,20,0,1,0,3652.64,0,0
55.43,8,0,0,0,4232.79,0,0
55.36,10,0,1,0,1302.72,0,1
55.43,13,0,0,0,2417.83,0,0
1560.45,8,0,0,0,3911.1,0,1
58.61,2,1,0,0,2629.79,2,0
103.09,10,0,0,0,3614.89,0,0
85.97,18,0,1,0,4380.28,0,1
63.52,4,1,0,0,3630.3,0,0
24.16,11,0,1,0,1453.35,0,1
70.74,16,0,0,0,578.21,0,0
15.29,19,0,0,0,1263.72,0,0
26.13,21,0,1,0,2999.42,1,1
20.38,11,0,0,0,98.7,0,0
35.94,19,0,0,0,894.25,0,0
335.18,3,1,0,0,1504.72,0,1
5.12,16,0,0,0,3944.75,0,0
65.78,14,0,1,0,276.97,0,0
6.6,9,0,1,0,272.22,0,1
20.66,12,0,1,0,2505.43,0,1
98.39,7,0,1,0,841.06,0,0
35.31,18,0,0,0,1127.86,0,0
11.27,11,0,0,1,869.85,0,0
16.19,14,0,1,0,2638.15,0,0
65.34,8,0,0,0,297.19,0,0
15.95,8,0,0,0,4233.0,0,0
41.12,22,0,1,0,597.97,1,1
34.66,16,0,0,0,4284.6,0,0
17.26,20,0,0,0,3512.67,0,0
282.58,10,0,1,0,3734.67,0,0
62.42,8,0,0,0,819.0,0,0
4.37,12,0,1,0,3029.93,0,0
39.9,12,0,0,0,3685.97,0,0
17.09,8,0,0,0,2533.26,3,0
77.67,16,0,0,0,2502.28,0,0
14.99,11,0,1,0,759.39,0,0
29.53,8,0,0,0,1893.33,0,0
54.87,10,0,0,0,719.9,0,0
78.71,13,0,0,0,4379.22,0,0
9.97,16,0,0,0,3097.58,0,0
23.7,12,0,0,0,265.48,0,0
20.6,13,0,0,0,2171.62,1,0
17.23,7,0,0,0,2888.94,0,0
193.53,18,0,0,0,475.6,0,0
49.65,19,0,0,0,3009.2,0,0
9.39,15,0,0,0,839.01,0,0
82.92,1,1,0,0,1865.06,0,1
276.48,13,0,0,0,2833.72,0,0
92.99,14,0,0,0,1674.49,1,0
7.25,22,0,1,0,1744.93,0,0
20.4,22,0,0,0,3804.09,0,0
117.56,18,0,0,0,1426.23,0,0
16.32,5,1,0,0,2965.61,2,0
51.62,19,0,1,0,3828.73,0,1
71.85,14,0,1,0,729.29,0,0
13.11,17,0,0,0,254.38,0,0
31.2,11,0,1,0,3723.63,0,1
1.3,10,0,0,0,2502.53,0,0
11.89,12,0,0,0,3733.27,0,0
25.72,7,0,0,0,998.01,0,0
9.51,11,0,0,0,3755.21,0,0
169.43,18,0,0,1,474.13,1,1
7.92,3,1,0,0,3980.25,0,0
21.33,8,0,0,0,3710.27,0,0
37.74,7,0,1,0,2574.64,0,0
139.95,11,0,0,0,2757.11,2,1
7.88,22,0,0,0,1589.01,0,0
105.97,8,0,0,0,947.19,0,0
33.46,7,0,0,0,2076.7,0,0
12.41,18,0,0,0,2975.66,0,0
52.57,18,0,0,0,4493.17,0,0
40.41,3,1,0,0,3686.78,0,0
18.17,16,0,0,0,1982.67,0,0
35.51,14,0,1,0,3357.45,0,0
22.53,16,0,0,0,530.81,0,0
37.1,12,0,0,0,1896.91,0,0
64.21,22,0,0,0,1940.91,0,0
161.74,4,1,1,0,4494.77,0,1
9.6,9,0,0,0,1790.02,0,0
279.51,11,0,0,0,420.6,1,0
4.7,12,0,0,0,349.16,0,0
28.45,19,0,0,0,3157.81,0,0
59.64,13,0,0,0,1336.46,0,0
43.86,4,1,0,0,3916.66,2,0
17.77,11,0,0,0,2199.12,1,0
26.89,11,0,0,0,1520.16,0,0
20.23,20,0,0,0,3428.06,0,0
18.37,13,0,1,0,1908.02,0,0
77.45,14,0,0,0,3331.36,0,0
47.32,15,0,1,0,3227.71,0,0
16.56,16,0,0,0,3268.29,0,0
81.42,14,0,0,1,3864.19,0,0
45.03,9,0,0,0,3825.38,2,0
74.65,18,0,0,0,3007.51,0,0
62.15,16,0,0,0,4308.48,0,0
14.45,16,0,1,0,142.24,0,0
18.91,22,0,0,0,4190.38,0,0
69.92,17,0,1,0,709.73,0,0
60.97,17,0,0,0,991.81,0,0
32.43,19,0,0,0,3687.43,0,0
37.24,8,0,1,0,1831.94,0,1
118.83,12,0,0,0,1942.63,0,0
18.33,13,0,0,0,1212.46,0,0
57.23,10,0,0,0,1048.76,0,0
27.05,17,0,0,0,522.77,0,0
26.64,16,0,1,0,925.63,0,0
99.36,16,0,0,0,2572.02,0,0
75.6,22,0,0,0,3194.41,0,0
74.7,9,0,1,0,3337.83,0,0
122.18,16,0,1,0,1697.05,1,0
33.82,13,0,0,0,4152.7,0,0
65.49,10,0,0,0,1512.84,0,0
24.28,8,0,0,0,544.56,0,0
45.79,18,0,0,0,4256.24,0,0
29.07,13,0,0,0,2456.01,0,0
36.49,17,0,0,0,4372.62,0,0
60.05,13,0,0,0,1801.82,0,0
14.61,9,0,0,0,3420.4,0,0
268.38,10,0,0,0,539.22,0,0
12.11,11,0,0,1,3850.65,0,1
9.83,20,0,0,0,809.61,0,0
105.44,0,1,0,0,355.62,0,0
73.09,21,0,0,0,485.0,0,0
61.81,21,0,0,0,2530.32,1,0
62.08,22,0,0,1,1348.84,0,1
32.71,12,0,0,0,4326.25,0,0
13.5,20,0,0,0,3844.41,0,0
35.72,11,0,1,0,3624.72,2,0
16.82,2,1,1,0,3652.89,0,0
87.81,9,0,0,0,4013.51,0,0
28.59,19,0,0,0,3900.18,0,0
14.51,1,1,1,1,4180.52,0,1
24.01,13,0,1,0,4207.93,0,0
50.05,6,0,1,0,1377.53,0,0
18.85,10,0,0,0,1027.06,0,0
14.55,6,0,1,0,2911.79,0,0
42.25,18,0,0,1,598.82,0,0
42.31,13,0,0,0,989.6,0,0
19.95,18,0,0,0,3489.66,2,1
20.68,15,0,0,0,2939.54,0,0
41.76,20,0,0,0,2946.29,0,0
7.78,12,0,0,0,4280.34,0,0
8.11,14,0,1,0,3020.93,0,0
16.14,13,0,0,0,1967.09,0,0
26.75,12,0,1,1,1297.48,0,1
45.19,17,0,0,0,1556.57,0,0
144.8,14,0,0,0,1286.27,0,0
78.07,17,0,0,0,205.7,0,0
28.22,17,0,0,0,1214.0,0,0
32.49,8,0,1,0,3767.4,1,0
12.15,14,0,0,0,3290.62,2,0
32.51,8,0,0,0,2817.18,0,0
24.81,13,0,1,0,4064.81,0,0
45.73,15,0,0,0,1225.36,1,0
14.48,22,0,0,1,2620.7,0,1
55.66,3,1,0,0,189.4,0,0
153.35,6,0,0,0,4019.43,0,0
29.7,6,0,0,0,2042.43,3,0
49.49,11,0,0,0,841.53,0,0
66.03,17,0,0,0,1114.96,0,0
22.17,17,0,0,0,3824.66,0,0
41.43,16,0,1,0,534.19,0,1
33.54,18,0,1,0,4167.15,0,0
36.51,10,0,0,0,1711.91,0,0
15.29,6,0,0,0,1167.33,1,0
33.94,5,1,0,0,1526.77,0,0
54.49,18,0,0,0,1869.98,0,0
141.34,16,0,0,0,2489.1,0,0
86.42,15,0,1,0,2661.29,0,0
285.2,10,0,1,0,2042.8,0,0
15.37,11,0,0,0,2036.32,0,0
79.23,19,0,0,0,1319.58,0,0
39.78,5,1,0,0,1757.95,0,0
295.84,16,0,1,0,2128.77,0,0
14.76,10,0,1,0,2709.27,0,0
14.3,3,1,0,0,631.61,0,0
18.19,16,0,0,0,3449.68,0,0
3.96,10,0,0,0,3078.54,0,0
19.57,16,0,0,0,1379.52,0,0
15.5,15,0,0,0,2094.08,0,0
38.49,13,0,0,1,4263.83,0,1
46.61,16,0,0,1,141.12,0,0
216.19,13,0,0,1,3660.51,0,0
85.66,10,0,0,0,2327.17,0,0
18.6,16,0,0,0,2803.72,0,0
13.49,13,0,0,0,3096.17,0,0
54.16,1,1,0,0,2079.29,0,1
8.84,18,0,1,0,903.78,0,1
206.74,13,0,0,0,4097.68,0,0
107.71,18,0,0,0,3343.85,0,0
20.71,18,0,0,1,2540.17,0,0
5.97,12,0,0,0,2045.63,0,0
128.24,12,0,0,0,2272.03,0,0
29.53,11,0,0,1,3714.75,0,0
114.18,12,0,1,0,105.64,0,0
6.72,18,0,0,0,3900.74,0,0
18.19,17,0,1,0,258.05,0,0
33.29,7,0,0,0,2790.81,0,0
34.71,14,0,0,0,1532.4,0,0
21.11,22,0,0,0,3068.15,0,0
61.73,13,0,1,0,430.67,0,0
11.39,17,0,1,0,2525.23,0,0
28.72,16,0,1,0,3855.79,0,1
37.35,11,0,0,0,2251.14,0,0
55.39,11,0,0,0,425.34,0,0
67.47,16,0,0,0,216.33,1,0
10.75,12,0,0,0,2814.35,0,1
7.14,13,0,0,0,359.41,2,0
118.83,15,0,0,0,367.24,0,0
46.17,16,0,0,0,1943.21,0,0
15.67,9,0,0,0,982.31,0,0
156.2,7,0,0,0,958.67,2,0
37.18,10,0,1,0,2190.34,0,1
107.69,12,0,0,0,1299.57,0,0
35.43,10,0,0,0,1025.74,0,0
260.02,13,0,0,0,2339.14,0,0
191.59,5,1,0,0,1344.43,0,0
25.82,12,0,0,0,406.98,1,0
87.49,11,0,1,0,3088.19,0,0
63.14,13,0,0,0,2655.96,0,0
130.14,11,0,0,0,993.92,0,0
12.62,10,0,0,0,2641.0,0,0
65.76,18,0,0,0,4302.37,1,0
95.43,8,0,0,0,4306.33,0,0
5.7,15,0,0,0,2417.14,2,1
10.14,19,0,0,0,486.23,0,0
4.31,13,0,1,0,2088.93,0,0
25.29,18,0,0,0,170.08,0,0
67.87,7,0,0,0,1897.65,0,0
148.76,12,0,0,0,4096.91,0,0
35.66,12,0,0,0,2130.12,0,0
168.78,0,1,0,0,2499.67,0,0
8.33,12,0,1,0,753.26,0,0
6.03,11,0,1,0,119.65,0,0
31.33,15,0,0,0,4470.56,0,0
48.62,19,0,0,0,1555.24,0,0
32.05,6,0,1,0,1293.11,1,0
4.19,10,0,1,0,2592.2,0,0
30.29,12,0,0,0,3366.67,0,0
8.98,12,0,0,0,1168.76,0,0
64.69,16,0,1,0,2382.35,0,0
47.78,12,0,0,0,1530.23,0,0
12.94,2,1,0,1,2190.3,0,1
19.81,15,0,0,0,767.83,0,0
11.48,18,0,1,0,2320.03,0,0
31.1,12,0,0,0,260.69,0,0
86.07,13,0,0,0,3787.99,0,0
12.36,8,0,0,0,2843.09,0,0
54.82,9,0,1,0,4239.63,0,0
19.49,9,0,0,0,2718.81,0,0
14.99,12,0,1,0,860.64,0,0
29.75,19,0,1,0,2204.03,1,0
11.76,13,0,0,0,3007.89,0,0
19.04,8,0,0,0,1715.29,0,0
10.0,9,0,0,0,2509.29,1,0
236.21,11,0,1,0,773.96,0,0
34.3,14,0,0,0,3508.2,0,0
16.45,12,0,0,0,4097.41,0,0
41.02,11,0,0,0,1451.2,0,0
29.6,13,0,0,0,3580.32,0,0
26.55,9,0,0,1,459.16,0,1
61.2,6,0,0,0,1147.83,0,0
70.63,2,1,0,0,2105.32,1,0
19.48,9,0,1,0,1769.51,0,0
18.62,6,0,0,0,2807.33,0,0
25.15,10,0,0,1,2555.28,0,0
3.31,16,0,1,0,438.36,1,0
7.28,15,0,0,1,636.04,1,0
129.91,14,0,0,0,280.12,0,0
171.57,18,0,1,0,4289.1,0,1
25.82,10,0,1,0,2921.78,0,0
58.94,18,0,0,0,3857.35,0,0
45.21,11,0,1,0,2458.62,0,0
719.73,11,0,0,1,912.58,0,1
101.45,11,0,0,0,2838.37,0,0
29.14,6,0,1,0,2298.76,0,0
12.74,20,0,0,0,1866.46,0,0
6.64,7,0,0,0,1704.53,0,0
40.59,10,0,0,0,2942.84,0,0
15.54,10,0,0,0,2799.04,0,0
7.99,6,0,0,0,724.47,2,1
17.35,8,0,0,0,3682.19,0,0
11.23,4,1,0,0,2880.61,0,0
178.96,10,0,0,0,2434.35,0,0
79.97,18,0,0,0,3382.68,0,0
32.85,10,0,0,0,733.82,0,0
145.47,7,0,0,0,4142.74,0,0
35.78,14,0,1,0,1254.11,0,0
14.0,22,0,0,0,1219.27,0,0
151.89,9,0,0,0,3676.32,0,0
56.76,9,0,0,0,1536.26,0,0
11.74,20,0,0,1,3746.65,0,0
27.38,8,0,0,0,1509.64,0,0
13.8,12,0,0,0,2500.56,0,0
8.31,9,0,0,0,1077.26,0,0
83.61,19,0,0,0,3305.27,0,0
223.5,21,0,0,0,792.89,0,0
8.18,17,0,0,0,4052.47,0,0
58.15,10,0,0,0,1703.84,0,0
17.28,11,0,1,0,2148.51,0,0
20.35,9,0,1,0,156.9,0,1
18.31,18,0,0,0,4392.27,2,0
13.96,18,0,1,0,3668.63,0,0
34.76,11,0,0,0,2039.19,0,0
14.43,14,0,0,1,4145.16,0,0
43.4,8,0,0,0,4193.22,0,0
31.49,12,0,0,0,2422.08,0,0
26.08,14,0,0,0,1090.64,0,0
13.36,11,0,0,0,2217.64,0,0
18.6,11,0,1,0,1495.35,2,1
70.48,0,1,1,0,2043.54,0,1
54.65,17,0,1,0,4105.69,0,0
12.46,18,0,1,0,1304.16,0,0
36.57,20,0,1,0,3783.4,0,1
70.2,15,0,0,0,4212.09,0,0
6.24,13,0,0,0,3632.48,0,0
57.02,9,0,0,0,2396.28,0,0
17.07,22,0,0,0,2559.7,1,0
58.59,13,0,0,1,3697.38,0,1
15.44,15,0,1,0,248.03,0,0
5.45,15,0,1,0,3324.89,0,0
6.5,17,0,0,1,2403.46,0,0
34.75,0,1,0,0,1817.26,2,1
42.94,9,0,1,0,3462.83,0,0
13.41,15,0,0,0,1234.8,0,0
62.71,18,0,0,0,4035.13,0,0
6.29,15,0,1,0,3113.77,0,0
31.0,11,0,1,0,2765.19,0,0
9.86,11,0,0,0,2377.89,0,0
17.26,16,0,1,0,996.77,0,0
34.72,16,0,0,0,2795.41,0,0
14.01,14,0,0,1,3275.87,0,0
22.54,10,0,0,0,102.02,0,0
90.59,19,0,0,0,1680.57,0,0
18.6,13,0,0,0,3754.47,1,0
76.38,17,0,1,0,2863.34,2,0
10.7,9,0,0,1,2787.95,0,0
56.25,10,0,0,0,1067.33,0,0
139.99,18,0,0,0,2862.79,0,0
2.8,5,1,0,0,3548.37,0,0
14.93,12,0,1,0,1837.82,1,0
58.97,12,0,0,0,860.31,0,0
27.03,16,0,0,0,393.87,0,0
48.0,10,0,0,0,2300.35,0,0
18.1,9,0,1,0,3093.17,0,0
36.11,19,0,0,0,773.74,0,0
28.34,13,0,0,0,1925.42,1,0
106.46,7,0,1,0,2580.46,0,0
42.71,8,0,0,0,743.57,0,0
46.41,22,0,0,0,1251.01,0,0
21.94,8,0,1,0,2757.44,0,1
20.34,14,0,0,0,3276.36,0,0
21.49,11,0,1,0,2880.17,0,0
49.13,18,0,0,0,3225.67,0,0
21.74,16,0,0,0,2637.69,0,0
44.25,13,0,0,0,3769.46,0,0
263.86,1,1,1,0,3728.98,0,1
79.13,18,0,1,0,3593.3,1,1
23.9,12,0,0,0,2610.79,0,0
110.08,19,0,0,0,4473.88,2,0
22.02,12,0,0,0,224.05,0,0
4.31,15,0,0,0,920.66,0,0
12.08,5,1,0,0,3649.5,0,0
5.1,16,0,1,0,3727.0,0,1
23.3,10,0,1,0,3693.45,0,0
33.73,11,0,1,0,3933.58,0,0
177.05,7,0,0,1,1930.61,0,0
45.92,7,0,1,0,4196.66,0,0
26.6,8,0,1,0,980.81,0,0
75.9,10,0,0,0,4219.42,0,0
3.63,18,0,0,0,2527.22,0,0
41.91,11,0,0,0,779.28,0,0
71.58,16,0,0,0,3325.54,0,0
7.55,6,0,1,0,1366.66,0,1
103.93,13,0,0,0,1031.04,0,0
46.46,12,0,1,0,815.73,0,0
21.86,20,0,0,0,180.85,0,0
62.35,17,0,1,0,3452.71,0,1
320.76,12,0,1,0,2214.94,0,0
39.72,16,0,0,0,4405.36,2,1
42.45,8,0,1,1,2004.76,1,0
20.92,13,0,0,0,3802.91,0,0
14.16,6,0,0,0,4358.02,0,0
75.97,10,0,0,0,149.96,0,0
14.07,9,0,0,0,518.67,0,0
35.57,15,0,1,0,1597.99,0,0
20.54,12,0,0,0,3922.02,0,0
53.46,16,0,0,0,3778.88,0,0
46.23,12,0,1,0,1681.97,0,0
93.46,6,0,0,0,939.57,0,0
19.89,16,0,0,0,3620.33,0,0
25.28,17,0,0,0,2706.27,0,0
12.44,18,0,0,0,190.62,0,0
21.24,13,0,0,0,3628.76,0,0
48.29,16,0,0,0,4308.48,0,0
70.6,16,0,0,0,237.29,0,0
13.17,8,0,0,0,1322.14,0,0
79.01,8,0,0,1,3696.62,0,0
128.46,6,0,1,0,2651.69,0,0
50.07,10,0,0,0,4452.64,0,0
216.33,12,0,1,1,4123.99,0,1
15.27,22,0,1,0,843.31,0,0
9.54,12,0,1,0,3049.43,1,1
5.59,16,0,0,0,2957.13,0,0
147.83,15,0,1,0,543.31,0,0
63.71,8,0,1,0,448.36,0,0
31.32,5,1,0,0,2584.03,0,1
43.81,13,0,0,0,1843.23,0,0
10.75,15,0,0,0,2477.23,0,0
382.13,22,0,0,0,1112.79,0,0
37.68,11,0,0,0,2527.15,0,0
36.94,18,0,0,0,1756.11,0,0
68.43,11,0,0,0,3999.54,0,0
53.57,15,0,1,0,1412.09,0,1
41.42,13,0,0,0,3925.21,0,0
15.02,5,1,0,0,1785.47,0,1
53.06,6,0,0,1,2622.84,0,1
217.46,2,1,0,1,1324.38,0,0
127.16,11,0,0,0,3650.45,0,0
162.91,16,0,1,0,3804.23,0,0
19.86,8,0,0,0,3650.27,0,0
12.31,14,0,0,0,2897.27,0,0
29.2,10,0,0,0,1406.29,0,0
35.01,17,0,1,0,2882.37,0,0
98.91,17,0,1,0,4319.83,0,0
6.1,16,0,0,0,2935.31,0,0
152.86,13,0,0,0,4305.95,1,0
28.28,10,0,1,0,1405.38,1,0
21.61,17,0,1,0,3814.7,0,0
12.04,8,0,0,0,3247.18,0,0
6.33,10,0,0,0,3695.46,0,0
75.43,8,0,0,0,3212.9,0,0
35.63,15,0,0,0,2187.61,0,0
9.12,15,0,0,0,3105.26,0,0
9.07,14,0,0,0,4197.8,0,0
23.67,11,0,0,0,1908.06,0,0
175.74,7,0,0,0,4285.27,0,0
25.54,18,0,1,0,269.83,0,0
7.37,12,0,1,1,113.07,0,1
25.9,11,0,0,0,2247.42,0,0
25.21,13,0,1,0,3825.88,0,0
2.23,8,0,0,0,1152.87,0,0
31.37,7,0,0,0,3135.74,0,0
26.29,11,0,0,0,2483.73,2,0
66.43,9,0,1,0,1344.04,0,1
210.39,9,0,1,0,1321.78,0,0
102.16,18,0,1,0,376.08,1,1
25.31,13,0,0,0,2436.15,0,0
10.95,12,0,1,0,2053.13,0,0
434.14,15,0,1,0,1337.93,0,0
35.14,19,0,0,0,4368.42,2,0
33.58,7,0,1,0,3692.21,0,0
32.33,17,0,0,1,2386.03,0,1
40.37,13,0,1,0,2371.58,0,0
28.66,7,0,0,0,911.57,0,0
18.66,10,0,0,0,2938.62,1,0
19.17,12,0,1,0,4293.68,0,0
32.05,15,0,0,0,4047.39,0,0
19.23,9,0,0,0,427.23,0,0
16.23,13,0,0,0,286.28,0,0
36.83,15,0,1,0,4327.54,2,1
25.66,12,0,0,0,939.58,1,0
149.01,18,0,1,0,2499.34,0,0
2.34,18,0,1,0,382.46,3,0
98.64,12,0,0,0,3802.67,0,0
115.13,20,0,0,0,574.5,0,0
4.16,6,0,0,0,2914.72,0,0
23.51,0,1,0,0,301.99,1,0
22.84,11,0,0,0,747.19,0,0
8.11,14,0,0,0,2329.03,1,0
15.21,14,0,0,0,253.3,0,0
10.91,12,0,0,0,920.48,0,0
191.0,7,0,1,1,655.97,0,0
84.41,8,0,0,0,230.56,0,0
118.1,18,0,1,0,4370.94,1,0
68.15,18,0,0,0,2053.24,0,0
10.71,15,0,0,0,3872.26,0,0
19.6,15,0,0,0,1644.09,0,0
54.02,13,0,0,0,239.53,0,0
9.76,8,0,1,0,3145.66,0,1
67.56,11,0,0,0,222.46,0,0
26.04,15,0,0,0,2509.88,1,0
22.76,13,0,0,0,669.05,0,0
67.42,1,1,0,0,3035.14,0,0
51.64,19,0,0,0,4022.53,0,0
23.08,17,0,0,0,4303.15,0,0
105.57,9,0,0,0,2398.6,3,0
11.23,14,0,0,0,2420.53,1,0
61.31,19,0,0,0,220.34,0,0
59.93,6,0,1,0,3475.95,0,0
24.3,12,0,0,0,4305.13,0,0
45.88,12,0,0,0,2000.14,0,0
9.48,11,0,0,0,3581.93,0,0
83.43,17,0,0,0,3598.68,0,0
27.53,11,0,0,0,3546.37,1,0
19.63,5,1,0,1,3426.13,2,1
94.54,5,1,0,0,1007.18,0,0
16.37,4,1,0,0,3393.84,0,0
8.1,11,0,1,0,692.56,0,0
6.98,15,0,1,0,3220.64,0,0
60.7,8,0,0,1,65.75,0,0
9.2,14,0,0,0,4138.77,0,0
191.48,15,0,0,0,3731.88,1,0
4.13,9,0,1,0,3089.19,0,0
180.63,14,0,1,0,470.38,0,0
40.9,15,0,0,0,3721.2,0,0
30.06,12,0,0,0,3944.52,0,0
19.2,10,0,1,0,3111.55,0,0
49.36,14,0,1,0,4392.7,0,0
31.89,20,0,0,0,463.31,0,0
99.81,11,0,0,0,3203.49,0,0
37.12,11,0,0,0,2385.34,0,0
38.49,12,0,0,0,697.95,0,0
23.02,6,0,0,0,2979.94,0,0
31.28,13,0,0,0,3607.9,0,0
45.05,10,0,1,0,783.13,0,0
5.99,7,0,1,0,3581.03,0,1
8.6,12,0,1,0,463.72,1,1
69.63,0,1,0,0,2681.73,0,0
39.29,11,0,0,0,3603.19,0,0
27.55,7,0,0,0,699.51,0,0
33.73,2,1,0,0,2593.26,0,0
46.88,17,0,0,0,1940.71,0,0
19.3,18,0,0,0,2752.38,0,0
15.21,8,0,0,0,1937.79,1,0
40.28,13,0,0,0,1166.56,0,0
12.45,9,0,0,0,1179.46,0,0
49.81,12,0,0,0,3897.92,0,0
6.03,12,0,0,0,746.22,0,0
92.68,9,0,1,0,597.86,0,0
53.12,15,0,0,0,482.0,0,0
42.78,7,0,0,0,379.99,0,0
88.47,5,1,0,0,114.49,0,0
175.12,16,0,1,0,763.81,0,0
91.32,15,0,0,1,907.64,2,1
5.25,12,0,1,0,1250.27,0,1
9.21,12,0,0,0,601.98,2,0
17.73,12,0,0,1,468.99,0,0
33.99,12,0,1,0,2459.57,0,0
55.57,11,0,0,0,3248.15,0,0
16.03,12,0,0,0,2854.33,0,0
39.92,13,0,0,0,2527.34,0,0
15.56,15,0,0,0,2010.51,0,0
17.97,15,0,0,0,2871.21,0,0
8.11,11,0,0,0,4063.31,0,0
13.15,11,0,0,0,2842.01,0,0
8.57,11,0,1,0,320.83,0,0
12.48,13,0,0,0,2588.36,0,0
94.98,12,0,0,0,2382.75,0,0
12.81,18,0,0,0,2061.5,1,0
460.53,15,0,0,0,2581.14,0,1
54.23,18,0,0,0,3043.15,0,0
39.84,15,0,0,0,215.81,0,0
14.04,20,0,1,0,2186.89,0,1
66.71,14,0,0,0,3686.66,0,0
18.62,20,0,0,0,2411.96,0,0
37.41,8,0,0,0,351.97,2,0
428.41,5,1,0,0,3499.06,0,1
30.08,13,0,1,1,4238.93,1,1
104.51,21,0,0,0,3840.71,0,0
16.39,11,0,0,0,1663.43,0,0
31.98,9,0,1,0,2429.97,0,1
194.57,13,0,1,0,2681.34,0,0
17.69,14,0,0,0,3235.3,0,0
202.85,10,0,1,0,3014.01,1,0
67.21,15,0,0,1,935.87,3,0
18.87,20,0,0,1,3801.52,0,0
62.33,18,0,0,0,3828.86,0,0
87.58,10,0,0,0,1849.36,0,0
61.67,10,0,0,0,632.57,0,0
6.89,11,0,0,0,2758.12,0,0
16.0,11,0,0,0,1639.81,0,0
25.85,7,0,0,0,3349.19,0,0
30.74,16,0,0,0,1454.67,0,0
61.6,11,0,1,0,1220.35,0,0
39.56,18,0,0,1,3911.31,0,0
8.71,19,0,0,0,2790.4,0,0
48.43,2,1,0,0,432.66,1,0
60.98,21,0,0,0,3117.66,0,0
57.96,15,0,0,0,3399.66,0,0
97.59,13,0,1,0,1096.66,0,0
76.24,11,0,0,0,4356.07,0,0
52.41,12,0,1,0,1709.22,1,0
30.87,10,0,0,0,4235.55,0,0
6.29,14,0,1,0,1356.6,0,0
50.89,6,0,0,0,2760.92,0,0
40.76,14,0,1,0,2353.19,0,0
43.45,9,0,0,1,4465.11,0,1
9.24,1,1,0,0,1867.18,0,0
11.23,13,0,0,0,847.84,0,0
94.93,13,0,0,0,3757.78,0,0
31.83,11,0,0,0,237.1,0,0
65.46,6,0,0,1,3988.05,0,0
34.07,18,0,1,0,542.12,0,0
34.12,14,0,0,0,2595.46,0,0
84.63,7,0,0,0,3224.7,0,0
19.77,12,0,0,0,1546.64,0,0
36.46,12,0,0,0,3809.1,1,0
20.86,5,1,0,0,2691.99,0,0
21.45,14,0,0,0,1808.44,0,0
24.31,17,0,0,0,1497.87,0,0
41.35,16,0,0,0,548.44,2,0
20.52,8,0,0,0,2899.62,0,0
116.25,18,0,1,0,1669.99,0,0
13.54,10,0,0,0,1476.49,0,0
27.47,19,0,0,0,4277.27,1,0
21.33,6,0,0,0,1263.95,0,0
140.75,12,0,0,0,3950.71,0,0
40.31,13,0,0,0,4388.29,0,0
92.93,9,0,1,0,3711.19,0,0
7.5,16,0,1,0,136.85,0,0
43.25,14,0,0,0,3915.38,0,0
80.61,1,1,0,0,999.7,1,0
35.96,14,0,1,0,1622.09,0,0
96.11,12,0,0,1,4462.55,1,0
19.74,8,0,0,1,1852.15,0,0
135.55,22,0,0,0,2964.02,0,0
329.94,18,0,0,0,1432.7,0,0
23.04,10,0,1,0,1693.96,0,0
21.21,13,0,1,0,2709.43,0,0
141.65,10,0,0,0,4269.87,1,0
160.71,16,0,1,0,1306.93,0,0
19.63,19,0,0,0,1150.78,0,0
21.75,11,0,1,0,166.92,0,1
24.98,17,0,0,0,949.38,0,0
8.63,12,0,0,0,1217.74,0,0
13.21,11,0,0,0,329.8,1,0
12.13,19,0,0,0,2558.06,0,0
15.37,12,0,0,0,614.1,0,0
31.99,12,0,0,0,2324.29,1,0
41.86,15,0,1,0,890.97,1,0
156.1,9,0,1,0,4213.98,0,0
12.2,10,0,0,0,1416.58,1,0
88.62,19,0,1,0,463.53,0,0
26.74,15,0,1,0,3770.89,0,0
31.52,17,0,0,0,1839.06,0,0
65.03,9,0,0,0,3699.54,1,0
10.78,13,0,1,0,1440.58,0,0
48.54,20,0,0,0,2275.17,1,0
39.11,10,0,0,1,2031.84,0,0
54.19,8,0,0,0,2532.68,1,0
44.22,12,0,0,0,1837.35,1,0
385.79,11,0,1,0,2260.77,1,0
17.5,8,0,0,0,3073.01,0,0
19.47,18,0,1,0,1895.34,0,0
17.76,22,0,1,0,3095.6,0,1
19.0,13,0,0,0,3228.64,0,0
17.51,16,0,1,0,3382.72,1,0
108.75,18,0,0,0,2145.67,1,0
137.07,15,0,0,1,66.87,0,0
18.71,4,1,1,0,3403.12,0,1
14.41,8,0,0,0,4095.43,0,0
53.06,6,0,1,0,2954.15,0,0
19.06,0,1,0,0,2384.23,0,0
62.36,10,0,1,0,2540.18,0,1
40.57,11,0,0,0,2901.61,0,0
7.27,9,0,0,0,4493.43,0,0
155.63,5,1,0,0,326.15,0,0
199.51,13,0,0,0,144.26,0,0
17.94,9,0,0,0,4340.55,0,0
22.47,17,0,0,1,2010.11,0,0
44.07,0,1,0,0,2774.97,0,0
46.27,17,0,0,0,3402.81,0,0
63.98,19,0,0,0,3352.33,0,0
247.2,15,0,0,0,2930.01,2,1
27.74,16,0,1,0,2149.92,0,1
14.91,19,0,1,0,2613.55,0,1
8.34,8,0,0,0,3296.92,0,0
15.94,22,0,0,0,3836.12,0,0
32.04,16,0,0,0,616.5,0,0
199.25,16,0,0,0,1286.92,0,0
19.73,11,0,0,0,1819.3,0,0
41.42,13,0,0,0,3011.47,0,0
32.58,14,0,0,0,1810.74,0,0
108.68,14,0,0,0,1113.04,0,0
414.44,15,0,0,0,197.49,1,0
19.47,6,0,0,0,3799.16,0,0
20.3,11,0,1,0,1914.26,0,1
94.08,12,0,1,0,1515.07,1,0
65.49,9,0,1,0,2412.18,0,0
209.92,8,0,0,0,596.99,0,0
59.38,7,0,0,0,1818.24,0,0
23.12,11,0,0,0,3395.45,0,0
59.78,12,0,0,1,3325.72,1,1
100.35,5,1,0,0,3484.94,0,0
75.22,19,0,1,1,2130.01,0,1
55.0,16,0,1,0,1691.67,1,0
96.22,16,0,1,0,3749.91,2,0
106.62,8,0,1,0,821.15,0,0
131.92,14,0,0,0,3276.86,0,0
63.35,13,0,1,0,4001.37,0,0
28.02,21,0,1,0,1323.38,0,1
38.35,16,0,0,0,930.19,0,0
110.67,13,0,0,0,2330.73,0,0
14.63,18,0,0,0,1012.94,0,0
47.88,8,0,0,0,3924.92,0,0
22.35,1,1,0,0,1137.66,0,0
34.08,15,0,1,0,1447.15,0,0
118.92,6,0,0,0,4003.47,0,0
40.09,7,0,0,0,965.02,3,0
34.69,16,0,0,0,3987.29,0,0
8.5,9,0,0,0,983.62,0,0
69.84,14,0,0,0,4107.54,1,0
63.15,18,0,1,0,1463.51,0,0
288.08,10,0,0,1,1145.74,0,0
24.34,9,0,1,0,2173.49,0,0
41.23,7,0,0,0,1693.04,0,0
42.49,7,0,0,0,947.79,0,0
160.37,5,1,1,0,1555.67,0,0
30.11,6,0,1,0,3223.87,0,0
43.77,12,0,0,0,3751.96,0,0
60.82,10,0,1,0,3702.39,0,0
39.91,15,0,0,0,3417.84,1,0
21.19,18,0,0,0,74.19,0,0
40.21,17,0,0,0,1948.39,0,0
96.9,13,0,0,0,801.93,0,0
11.86,7,0,0,0,376.97,0,0
37.82,15,0,0,0,3324.68,0,0
16.44,11,0,0,0,3580.99,0,0
109.4,6,0,0,1,3675.04,2,1
7.22,17,0,0,0,4011.88,2,0
18.94,10,0,1,0,2675.71,0,0
48.29,9,0,0,0,4491.68,0,0
158.46,18,0,0,0,2202.57,0,0
31.01,18,0,1,0,3981.57,0,0
19.01,10,0,0,0,552.59,0,0
217.27,11,0,0,0,712.71,0,0
7.78,13,0,0,0,2677.06,0,0
3.67,16,0,0,0,602.4,0,0
51.42,5,1,0,0,385.09,0,0
20.04,13,0,1,0,922.49,0,0
11.93,19,0,0,0,3554.54,3,0
67.25,9,0,0,0,4177.19,0,0
42.26,18,0,0,0,1533.93,0,0
18.84,19,0,0,0,4387.66,0,0
9.2,9,0,1,0,3652.5,0,0
79.24,16,0,1,0,1056.18,0,0
63.45,9,0,0,0,2658.21,0,0
29.99,16,0,1,0,4418.98,1,0
209.9,17,0,1,0,3827.1,0,0
11.36,9,0,0,0,1666.95,0,0
7.2,15,0,1,0,1413.14,0,0
16.58,17,0,1,0,3695.68,1,1
31.64,11,0,0,0,2493.79,0,0
42.24,8,0,0,0,777.32,0,0
26.02,6,0,1,1,1508.85,0,1
47.09,13,0,0,0,2995.07,0,0
9.47,20,0,1,0,731.56,0,0
140.3,17,0,0,0,3159.29,0,0
30.5,12,0,0,0,3209.18,0,0
101.22,13,0,0,0,1254.82,0,0
46.65,9,0,0,0,1821.24,0,0
52.29,8,0,0,0,4212.76,0,0
58.54,12,0,1,0,3383.83,0,0
51.82,12,0,0,1,3555.76,2,0
62.97,13,0,0,0,2347.38,0,0
125.1,19,0,0,0,998.47,0,0
40.31,14,0,0,0,2681.09,0,0
67.29,14,0,1,0,3485.86,0,0
30.27,7,0,1,0,67.28,0,0
139.79,22,0,0,0,556.3,1,0
16.84,16,0,0,0,2160.61,0,0
200.53,18,0,0,0,1995.52,0,0
31.81,11,0,0,0,4421.16,0,0
7.92,12,0,1,0,460.08,0,1
37.64,13,0,0,0,1490.4,0,0
16.76,8,0,0,0,3677.24,1,0
76.76,15,0,0,0,2775.3,0,0
17.24,18,0,1,0,2549.18,1,0
21.2,8,0,1,0,3348.34,0,0
5.01,6,0,1,0,227.92,0,1
21.07,16,0,1,0,4266.34,0,0
2.93,9,0,1,0,901.12,0,0
6.79,14,0,1,0,414.18,0,1
70.84,15,0,1,0,1558.34,1,0
72.66,10,0,1,0,3175.49,0,0
50.68,17,0,0,1,1080.1,0,0
12.59,13,0,0,0,271.88,0,0
31.57,18,0,0,0,305.49,0,0
33.0,16,0,0,0,1191.77,0,0
10.4,18,0,1,0,651.97,0,0
148.92,2,1,1,0,1707.33,0,1
79.63,9,0,0,1,820.18,0,1
26.55,6,0,0,0,1582.2,0,0
34.02,12,0,1,0,2027.97,1,0
40.79,18,0,0,0,3354.3,0,0
4.3,12,0,0,0,1061.93,0,0
25.86,17,0,1,0,2164.03,0,0
16.74,10,0,0,0,3678.33,0,0
12.16,10,0,0,0,4439.38,0,0
25.0,18,0,0,0,2530.01,0,0
199.87,11,0,0,0,1973.83,0,0
62.86,17,0,0,0,2860.32,0,0
18.71,9,0,0,0,2214.02,0,0
58.71,19,0,0,0,783.17,0,0
134.2,13,0,0,0,2094.54,0,0
83.48,16,0,1,0,4407.0,0,1
35.15,6,0,0,0,2899.91,1,0
17.34,12,0,0,0,1311.27,1,0
66.57,18,0,0,0,4264.8,0,0
49.08,18,0,0,0,1779.19,0,0
81.06,4,1,0,0,1786.04,0,0
62.5,10,0,0,0,2793.87,0,0
94.59,12,0,1,0,2581.93,0,0
19.39,8,0,1,0,1342.44,1,0
123.64,16,0,0,0,2128.51,0,0
40.35,8,0,0,0,1529.68,0,0
263.82,10,0,0,0,3333.12,1,0
16.62,15,0,0,0,595.14,0,0
187.91,12,0,1,0,3388.62,1,0
40.36,16,0,0,0,767.19,0,0
17.26,20,0,1,0,1411.62,0,0
20.41,7,0,1,0,1533.33,0,0
24.04,15,0,0,0,4457.33,0,0
50.61,9,0,0,0,2674.71,0,0
55.86,11,0,0,1,3510.12,0,0
18.66,3,1,0,0,2521.43,1,1
32.32,7,0,1,0,4425.05,0,0
282.1,10,0,0,0,839.35,0,0
186.33,10,0,0,0,2741.69,1,0
51.23,18,0,1,0,3598.35,0,0
34.4,16,0,0,0,2847.07,0,0
37.34,20,0,0,0,4041.37,0,0
61.16,13,0,0,0,2723.15,0,0
11.91,9,0,0,0,3727.65,0,0
25.6,10,0,0,0,832.3,0,0
6.24,10,0,0,0,1216.18,0,0
49.36,10,0,0,0,2026.11,0,0
63.26,15,0,0,0,3839.7,0,0
20.43,13,0,0,0,1948.19,0,0
159.81,11,0,1,0,2842.19,0,0
9.72,7,0,0,0,1811.36,0,0
7.66,2,1,0,0,3635.46,0,0
41.45,9,0,1,0,941.28,0,1
94.36,7,0,1,0,2692.27,0,0
178.38,17,0,1,0,2621.61,0,1
20.93,7,0,0,0,1844.43,0,0
97.39,16,0,0,0,3187.82,0,0
31.86,11,0,0,0,176.72,0,0
27.87,6,0,1,0,3794.67,0,0
80.13,17,0,0,0,1598.45,0,0
63.58,13,0,0,0,3578.95,0,0
6.85,9,0,0,0,1407.51,1,0
144.97,18,0,0,0,886.18,0,0
131.64,4,1,0,0,1783.23,0,0
17.72,8,0,1,0,3598.28,0,0
49.2,16,0,1,0,3180.66,0,1
54.27,15,0,0,0,1834.59,0,0
42.98,10,0,1,0,4223.52,0,0
19.1,5,1,0,0,1869.05,0,0
16.92,18,0,0,0,1610.85,0,0
32.28,10,0,0,0,694.0,1,0
106.99,8,0,0,0,362.74,0,0
57.03,12,0,0,0,1607.07,1,0
22.86,18,0,0,0,459.41,2,0
71.64,4,1,1,0,2108.73,2,1
1.92,16,0,1,0,3877.04,0,0
104.46,13,0,0,0,2168.72,0,0
5.81,11,0,0,0,2188.59,0,0
23.05,16,0,0,0,1177.81,3,0
10.81,20,0,0,0,790.02,0,0
9.07,9,0,0,0,1039.36,0,0
105.72,7,0,0,0,2577.55,0,0
20.74,18,0,0,0,2683.48,0,0
46.83,15,0,0,0,1029.84,1,0
31.6,12,0,0,0,1825.2,0,0
53.36,13,0,1,0,2580.64,0,0
35.76,16,0,1,0,3434.06,0,0
9.18,16,0,0,0,1472.97,0,0
89.68,18,0,0,0,1257.54,0,0
20.21,11,0,1,0,3300.58,1,0
6.98,10,0,0,1,2336.46,0,0
21.58,14,0,0,1,3862.52,0,0
148.53,11,0,0,0,988.96,0,0
77.5,13,0,0,1,3480.7,0,1
23.37,11,0,0,0,771.05,0,0
23.35,8,0,0,0,2652.23,0,0
24.01,12,0,0,1,1312.17,0,0
264.21,15,0,1,0,499.85,0,0
48.52,17,0,0,0,2794.6,0,0
50.91,12,0,0,0,2305.26,0,0
92.78,8,0,0,0,2212.61,0,0
42.05,11,0,0,0,2686.71,0,0
25.56,17,0,0,1,1707.35,1,1
27.21,11,0,0,1,3032.25,0,0
30.83,15,0,0,0,632.25,0,0
31.91,12,0,0,0,3231.62,0,0
68.55,9,0,1,0,2630.17,0,0
34.88,17,0,1,0,2214.8,0,0
68.9,6,0,0,1,618.04,0,0
30.55,13,0,0,0,1288.28,0,0
35.82,8,0,1,0,1364.07,0,0
4.49,5,1,0,0,1090.47,0,0
82.79,12,0,1,1,4296.1,0,0
46.83,12,0,0,0,4124.6,0,0
89.84,15,0,0,0,2480.29,0,0
1.83,16,0,0,0,965.24,0,0
267.3,16,0,1,0,4104.57,2,1
28.8,11,0,0,0,3384.86,0,0
100.3,14,0,1,0,222.53,0,0
11.71,13,0,1,0,2233.67,0,0
61.12,11,0,0,0,2742.0,0,0
11.55,13,0,0,0,345.81,0,0
17.75,19,0,0,0,271.75,0,0
224.53,8,0,0,1,2112.68,0,1
27.37,18,0,1,0,58.69,0,0
41.16,5,1,0,0,258.42,0,0
79.05,10,0,0,1,784.86,1,0
54.36,10,0,0,0,4099.37,0,0
38.49,14,0,1,0,3459.96,0,0
47.7,7,0,0,0,2054.4,0,0
366.29,18,0,1,0,2182.47,1,0
31.26,17,0,1,0,3102.81,0,0
40.49,14,0,1,0,2161.02,0,0
94.69,12,0,0,1,334.47,0,0
100.04,19,0,0,0,3337.35,0,0
108.53,17,0,0,0,306.99,0,0
62.72,12,0,0,0,2213.11,0,0
10.56,15,0,1,0,3884.6,0,0
169.6,13,0,0,0,572.34,1,0
10.52,13,0,0,0,3194.49,0,0
44.82,10,0,0,0,256.16,0,0
15.58,12,0,0,0,4469.12,0,0
31.06,6,0,0,0,3085.28,0,0
46.01,11,0,0,0,4362.0,0,0
45.67,15,0,0,0,3023.6,0,0
50.5,19,0,0,0,1128.16,0,0
166.29,20,0,0,0,4172.32,0,0
52.12,13,0,0,0,2838.68,0,0
25.94,14,0,0,0,2612.92,0,0
86.84,8,0,1,0,1959.55,1,0
108.8,15,0,1,0,1316.44,0,1
9.7,6,0,0,0,2408.81,0,0
60.18,10,0,0,1,1678.96,1,0
66.76,15,0,0,0,3850.41,0,0
24.59,10,0,1,0,178.15,0,0
131.07,4,1,1,0,2408.91,0,1
28.5,17,0,0,0,3772.71,0,0
37.55,10,0,1,0,172.85,0,0
27.85,5,1,0,0,1306.25,0,0
33.64,6,0,0,0,279.28,0,0
11.06,9,0,1,0,2697.77,0,1
7.85,8,0,0,0,1459.48,2,0
163.12,16,0,0,0,4320.8,0,0
14.2,10,0,1,1,2792.51,0,0
12.29,17,0,0,0,2550.02,0,0
3.84,8,0,1,0,4131.72,0,0
17.48,12,0,0,0,1044.91,0,0
8.82,15,0,0,0,2551.98,0,0
171.06,14,0,0,0,2465.38,0,0
90.91,14,0,0,0,415.41,0,0
16.64,19,0,1,0,4197.67,0,0
314.96,9,0,1,0,3166.04,0,1
88.39,12,0,0,0,4002.07,0,0
23.93,18,0,0,0,4422.29,0,0
2.72,6,0,1,0,2184.46,0,0
327.32,5,1,1,0,3626.29,0,1
8.25,9,0,1,0,2620.14,1,0
6.39,14,0,0,0,4398.2,0,0
92.07,9,0,0,0,1150.14,0,0
379.84,8,0,1,0,111.49,0,0
132.19,12,0,1,0,877.47,0,0
58.2,14,0,0,1,619.68,0,0
60.02,9,0,0,0,1994.44,0,0
77.74,10,0,0,0,394.48,0,0
70.73,14,0,1,0,1029.88,0,0
43.87,19,0,1,0,478.38,0,0
36.75,15,0,1,0,2216.05,1,0
31.11,17,0,0,0,1237.16,0,0
15.58,11,0,0,1,2145.98,0,0
25.01,9,0,1,1,445.55,1,1
6.09,12,0,0,0,2350.07,0,0
30.01,17,0,0,0,628.81,0,0
12.32,12,0,0,0,492.09,0,0
10.98,17,0,1,1,1429.59,0,0
39.64,21,0,0,0,3941.16,0,0
133.22,6,0,0,0,3558.92,0,0
82.96,4,1,0,0,4318.22,0,1
6.89,7,0,0,0,2097.87,0,0
12.31,11,0,0,0,1440.36,2,0
84.84,7,0,0,0,4370.53,0,0
12.4,18,0,1,0,1748.87,0,0
26.45,2,1,0,0,90.51,0,0
57.4,10,0,0,0,3699.48,0,0
12.57,8,0,1,0,802.99,1,0
36.8,19,0,0,0,3244.71,0,0
8.72,15,0,0,0,117.29,0,0
18.15,18,0,0,0,543.91,1,0
45.59,20,0,1,0,2201.86,2,1
6.73,12,0,1,0,352.15,0,0
51.44,9,0,0,0,4004.41,0,0
32.47,8,0,0,0,3386.92,0,0
57.54,9,0,1,0,1510.42,0,0
41.43,15,0,0,0,2708.97,0,0
129.56,4,1,1,0,3234.09,0,1
37.53,5,1,0,0,3411.53,0,1
21.55,14,0,0,0,1810.76,0,0
37.42,14,0,0,0,4049.66,0,0
57.01,15,0,0,0,4240.94,0,0
34.77,11,0,0,0,920.93,0,0
34.49,17,0,0,0,4105.01,0,0
16.41,13,0,0,0,3221.43,0,0
17.07,7,0,0,0,4002.21,0,0
8.14,17,0,0,0,1940.16,0,0
190.49,19,0,0,0,2992.33,0,0
9.55,5,1,1,0,1097.44,0,0
16.56,11,0,1,0,3392.4,0,1
16.14,12,0,0,0,2638.71,0,0
81.04,7,0,0,0,2190.21,0,0
24.66,18,0,0,0,3132.43,0,0
115.32,10,0,0,0,2507.94,0,0
16.89,17,0,0,0,3455.83,0,0
43.77,15,0,0,0,3870.04,0,0
14.36,13,0,1,0,3612.7,0,0
282.92,8,0,0,0,1418.4,1,0
10.1,9,0,0,0,4393.73,0,0
45.14,4,1,1,0,2941.35,0,0
62.41,9,0,0,0,1489.43,0,0
50.09,10,0,0,0,239.48,0,0
27.51,17,0,0,0,4447.03,2,0
29.08,11,0,1,0,2715.63,0,0
34.6,16,0,0,0,1062.55,0,0
28.59,12,0,0,0,2235.5,0,0
86.82,17,0,1,0,1819.06,0,1
302.03,20,0,0,0,4283.58,2,1
18.96,9,0,1,1,2242.34,0,0
8.42,18,0,0,0,2206.77,0,1
30.32,14,0,1,0,3585.97,0,0
436.9,17,0,1,0,1789.56,0,1
14.83,14,0,0,0,924.51,0,0
170.57,11,0,0,0,3469.37,0,0
177.27,9,0,1,0,4099.98,1,0
19.04,6,0,0,0,253.48,0,0
58.5,13,0,0,0,3876.56,0,0
168.75,22,0,1,1,1998.49,1,0
22.67,16,0,0,0,1336.64,0,0
27.02,10,0,0,0,224.35,0,0
18.51,17,0,0,0,964.58,0,0
12.0,16,0,0,0,1531.27,0,0
17.3,10,0,0,0,364.54,1,0
9.74,1,1,0,0,890.12,0,1
34.26,7,0,1,0,3328.94,0,0
15.33,18,0,0,0,3106.53,0,0
41.84,17,0,0,0,3475.78,0,0
6.99,10,0,1,0,785.4,1,0
46.1,10,0,0,0,241.48,0,0
76.21,17,0,0,0,2135.22,0,0
4.51,19,0,1,0,1575.39,0,0
48.14,16,0,0,0,3506.46,1,0
113.03,14,0,0,0,2447.78,0,0
9.88,9,0,0,0,4193.75,0,0
176.37,13,0,0,0,322.37,0,0
50.35,9,0,1,0,1668.36,0,1
16.36,17,0,0,0,1853.32,0,0
31.32,11,0,0,0,610.21,0,0
57.88,17,0,1,1,2644.42,0,0
35.73,11,0,0,0,228.9,0,0
56.76,17,0,0,0,3221.63,0,0
13.19,10,0,0,0,216.62,0,0
39.23,12,0,0,0,3936.95,0,0
8.05,14,0,0,0,339.37,0,0
29.63,6,0,0,1,2080.75,0,1
13.41,19,0,0,0,741.47,0,0
15.87,13,0,0,1,642.39,1,0
113.99,12,0,0,0,3259.41,0,0
98.62,17,0,1,0,3495.42,0,1
60.89,18,0,0,0,3339.44,0,0
11.11,13,0,0,0,1847.76,1,0
24.13,19,0,0,0,4459.0,0,0
111.4,5,1,0,0,1562.86,0,0
38.16,7,0,0,0,1141.49,0,0
336.75,13,0,1,0,4484.45,0,1
49.07,11,0,1,0,4398.88,1,1
40.13,12,0,0,0,2683.67,0,0
24.31,10,0,0,1,980.22,0,0
37.85,11,0,0,0,1111.32,0,0
28.43,17,0,0,0,2367.94,0,0
67.23,13,0,0,0,3503.66,0,0
86.2,22,0,0,0,394.67,0,0
15.09,17,0,0,1,3110.13,0,0
8.75,9,0,0,0,508.84,1,0
5.28,9,0,0,0,3806.29,0,0
55.04,10,0,1,0,2417.93,0,0
10.99,17,0,1,0,4454.14,0,0
3.85,2,1,0,0,3400.77,0,0
48.84,9,0,0,0,2262.67,0,0
400.61,18,0,0,0,678.24,1,0
32.92,14,0,1,0,2463.66,1,0
76.59,9,0,1,1,559.28,1,1
35.94,9,0,1,0,4077.97,0,0
30.0,18,0,0,1,1073.8,0,1
83.02,18,0,0,0,3900.88,0,0
24.77,9,0,0,0,1402.37,0,0
43.27,11,0,0,0,1037.45,0,0
45.68,17,0,0,0,1403.85,0,0
16.98,16,0,0,0,3198.62,0,0
89.3,17,0,1,0,2387.21,0,0
27.8,12,0,1,0,528.25,0,0
15.55,18,0,0,0,659.91,0,0
56.63,10,0,1,0,1734.46,0,0
13.48,8,0,0,0,1556.52,0,0
34.06,15,0,1,0,3840.22,0,0
32.81,13,0,1,1,2596.53,0,1
98.09,18,0,0,0,880.88,0,0
53.23,6,0,0,0,176.13,0,0
32.3,17,0,0,0,505.52,0,0
75.02,10,0,1,1,3166.83,1,0
132.98,14,0,0,0,3819.58,0,0
57.85,4,1,1,0,3532.29,0,0
33.46,14,0,0,0,3564.95,0,0
8.92,15,0,0,0,1211.28,2,0
11.41,11,0,1,0,4451.43,2,1
24.4,9,0,0,0,434.52,0,0
18.0,13,0,0,0,3703.87,1,0
27.47,17,0,0,0,480.84,0,0
35.05,10,0,0,0,1240.51,0,0
56.24,9,0,0,0,2254.59,0,0
30.86,9,0,0,0,287.37,0,0
53.87,19,0,0,0,1804.06,0,0
35.32,11,0,1,0,1608.01,0,0
4.59,0,1,0,1,2929.92,1,1
12.94,17,0,1,0,3245.16,0,0
28.67,15,0,0,0,452.7,0,0
9.88,7,0,0,0,219.4,0,0
60.34,21,0,0,0,3502.72,0,0
153.05,14,0,0,0,2399.56,0,0
112.03,12,0,0,0,2429.13,1,0
26.75,11,0,0,0,4414.19,0,0
147.04,18,0,1,0,1997.95,0,0
38.42,9,0,0,0,923.06,0,0
23.64,10,0,0,0,3078.85,0,0
17.93,7,0,0,0,3679.77,0,0
24.47,16,0,1,0,2285.51,0,0
22.46,13,0,0,0,3128.57,1,0
39.27,14,0,1,0,2336.99,0,0
38.88,9,0,0,0,1862.72,0,0
33.22,14,0,0,1,202.54,0,1
51.26,16,0,0,0,823.15,0,0
108.92,11,0,1,0,2184.97,0,0
85.59,17,0,0,0,1814.55,0,0
7.5,10,0,0,0,3800.83,0,0
2.58,16,0,0,0,532.58,0,0
84.29,3,1,0,0,273.07,1,1
8.44,13,0,0,0,437.76,0,0
26.45,20,0,0,1,3067.51,1,0
10.28,21,0,0,0,2695.41,0,0
5.46,10,0,1,0,2863.38,1,0
56.91,12,0,0,0,748.3,0,0
70.75,5,1,0,0,2347.77,0,0
18.61,18,0,0,0,3466.13,0,0
2.48,13,0,1,0,3093.25,0,0
19.18,11,0,0,0,2002.16,0,0
49.0,7,0,0,0,510.58,0,0
7.55,19,0,0,0,3924.39,1,0
39.78,13,0,0,0,2391.61,0,0
32.61,10,0,0,1,4008.99,2,1
59.1,11,0,0,0,2002.22,0,0
37.32,9,0,0,0,1104.71,0,0
12.52,14,0,1,1,1417.99,0,0
109.57,19,0,1,0,1910.76,0,0
28.26,18,0,0,0,2783.29,0,0
32.22,12,0,0,0,3471.65,0,0
13.02,17,0,1,0,1129.75,2,0
21.26,11,0,1,0,885.36,0,1
13.67,9,0,0,0,951.83,0,0
27.86,21,0,0,0,4208.52,0,0
183.41,10,0,1,0,779.57,3,1
8.4,10,0,0,0,1588.56,1,0
6.6,21,0,1,0,2212.11,0,0
144.2,7,0,0,0,2525.11,0,0
26.86,16,0,0,0,3868.48,0,0
16.96,19,0,0,0,552.33,0,0
93.68,12,0,0,0,530.66,0,0
18.07,0,1,0,0,1458.02,0,0
205.62,11,0,1,0,1888.75,0,0
65.23,7,0,0,0,1713.3,0,0
20.33,11,0,1,0,1793.96,0,0
286.38,17,0,0,0,3838.97,0,0
18.07,12,0,0,0,3773.17,1,0
69.55,12,0,0,0,3634.48,0,0
44.67,13,0,1,0,3411.0,1,0
121.72,13,0,0,0,229.73,0,0
157.83,18,0,0,0,714.78,0,0
34.19,10,0,1,0,3308.26,0,0
15.59,17,0,0,0,2697.06,0,0
52.46,13,0,1,0,3049.05,0,1
16.82,10,0,1,0,3240.34,1,0
247.99,10,0,0,0,4105.57,0,0
37.96,11,0,0,0,2876.39,0,0
22.98,14,0,1,0,1276.28,0,0
39.83,9,0,0,0,419.42,0,0
8.61,19,0,0,0,1972.78,1,0
12.53,13,0,0,1,3208.83,0,0
109.99,19,0,0,0,1304.46,0,0
17.17,4,1,1,0,584.35,0,0
11.62,10,0,1,1,4494.4,0,1
56.64,2,1,1,0,1913.99,1,1
108.39,9,0,1,0,1012.6,0,0
67.96,18,0,0,0,782.27,0,0
89.66,3,1,1,0,3889.38,0,1
15.54,12,0,0,0,3697.24,0,0
7.99,7,0,0,0,2779.28,0,0
148.61,11,0,1,0,2484.98,0,1
23.98,17,0,0,0,4283.9,0,0
25.77,14,0,1,0,1065.79,0,0
124.99,16,0,0,0,1898.5,1,0
57.76,10,0,1,0,159.76,1,0
52.24,19,0,0,0,1912.72,0,0
288.59,15,0,0,0,1759.76,0,0
17.4,11,0,0,0,4275.24,0,0
83.75,11,0,0,0,1644.13,0,0
35.06,18,0,0,0,3764.81,0,0
43.32,13,0,1,0,3461.34,0,0
152.7,15,0,0,0,705.36,0,0
55.03,11,0,0,0,4334.09,0,0
56.73,9,0,0,0,2857.8,0,0
96.79,16,0,0,0,2704.65,0,0
22.99,14,0,0,0,102.09,0,0
14.31,12,0,0,0,3161.49,0,0
11.65,14,0,0,0,297.55,2,1
4.64,8,0,1,0,874.94,1,0
258.84,17,0,0,0,488.86,0,0
10.99,19,0,0,0,1733.02,1,0
26.54,18,0,0,0,3590.92,0,0
25.11,10,0,0,0,3197.85,0,0
45.03,11,0,1,0,524.79,1,0
74.87,17,0,0,0,3603.15,0,0
78.29,13,0,0,0,2100.77,3,0
18.48,13,0,0,0,195.21,0,0
28.02,19,0,1,0,1046.03,0,0
43.93,13,0,0,0,3544.08,0,0
25.82,12,0,0,0,3313.18,0,0
165.23,4,1,0,0,888.16,0,0
54.11,5,1,0,0,219.1,0,0
69.05,0,1,0,1,1363.65,0,1
64.26,18,0,1,0,3587.42,0,0
107.07,11,0,0,0,4225.84,0,0
39.69,12,0,1,1,2599.34,0,1
9.05,17,0,0,0,455.41,0,0
49.39,14,0,0,0,2284.28,0,0
17.26,14,0,1,0,4494.62,0,0
19.52,10,0,0,0,4227.08,0,0
59.52,17,0,0,0,4469.79,0,0
114.24,8,0,1,1,3162.4,0,0
33.83,5,1,1,1,1946.09,0,1
45.1,8,0,1,0,4024.43,0,0
181.67,9,0,1,0,4033.55,0,0
42.13,10,0,0,0,692.42,0,1
446.61,15,0,0,0,3500.47,0,0
58.29,9,0,1,0,4140.93,0,0
5.69,15,0,1,0,4048.41,0,0
70.34,6,0,0,0,3195.41,2,0
48.48,7,0,0,0,2441.24,0,0
120.27,12,0,0,0,3506.53,0,0
64.92,19,0,0,0,2346.89,0,0
28.83,18,0,0,0,1479.49,0,0
9.73,20,0,1,0,1202.28,0,0
26.87,14,0,0,0,2455.92,0,0
14.15,15,0,0,0,2079.0,0,0
18.53,14,0,0,0,2384.0,0,0
59.66,14,0,0,0,1210.1,0,0
175.9,7,0,0,0,2678.09,0,0
49.14,13,0,0,0,2996.23,0,0
10.02,11,0,0,0,3640.48,0,0
51.66,12,0,0,0,2675.44,1,0
109.58,13,0,0,0,3414.52,0,0
18.0,7,0,0,0,803.76,0,0
28.96,11,0,1,0,588.73,1,0
33.61,5,1,1,0,849.4,0,1
15.11,20,0,1,0,3815.88,0,0
63.33,7,0,0,0,2524.87,0,0
29.34,9,0,0,0,2076.15,0,0
50.38,18,0,0,0,3441.61,1,0
13.63,12,0,1,1,602.15,0,0
21.38,7,0,0,0,77.63,0,0
68.2,11,0,1,0,1433.79,0,0
22.81,7,0,0,0,1157.58,0,0
186.23,8,0,0,0,1417.62,0,0
22.21,5,1,0,0,4382.38,0,0
41.46,12,0,1,0,2576.47,0,0
84.15,17,0,0,0,2671.55,0,0
8.02,13,0,0,0,2967.73,0,0
5.69,14,0,1,0,1819.88,0,0
7.2,8,0,0,0,4406.44,0,0
117.05,10,0,0,0,4381.01,0,0
19.07,17,0,0,0,3473.14,0,0
427.6,6,0,0,0,992.03,0,1
18.84,18,0,0,0,3966.88,0,0
39.83,12,0,1,0,499.09,0,0
154.8,17,0,0,1,2853.03,1,0
246.19,10,0,1,0,2084.61,0,0
260.21,10,0,0,0,224.51,0,0
110.87,16,0,0,0,4072.39,1,0
92.21,17,0,1,0,4326.86,0,1
59.89,9,0,0,0,4087.91,2,0
72.12,20,0,1,0,906.48,0,0
19.08,6,0,1,0,1531.77,0,0
14.61,5,1,0,0,4303.01,0,1
33.0,13,0,0,0,523.59,0,0
27.93,16,0,0,0,2645.71,0,0
21.05,20,0,1,0,2210.58,0,0
66.45,11,0,0,0,725.95,0,0
86.08,2,1,0,0,3995.27,2,1
36.18,14,0,0,0,646.99,0,0
145.12,10,0,0,0,2687.55,0,0
10.57,12,0,0,1,1465.9,0,1
27.29,12,0,0,1,1910.02,0,1
16.17,5,1,1,0,990.55,0,1
5.12,12,0,0,0,2829.78,0,0
30.49,11,0,0,0,4449.61,0,0
29.32,15,0,0,1,3759.27,0,0
150.42,14,0,1,0,3090.27,0,1
62.23,8,0,0,0,3415.9,0,0
11.89,8,0,0,0,3784.83,0,0
211.47,9,0,0,0,2152.83,0,0
112.28,8,0,0,0,2573.35,0,0
59.27,14,0,0,0,4034.9,0,0
26.4,22,0,0,0,3146.97,0,0
12.69,14,0,0,0,655.3,0,0
22.82,14,0,0,0,3518.93,0,0
98.37,11,0,1,0,151.04,0,1
218.02,10,0,0,0,3821.5,0,0
154.97,18,0,1,0,3557.93,0,0
20.31,20,0,0,0,3746.82,1,0
10.81,12,0,1,0,154.99,0,0
38.13,10,0,0,0,4377.4,2,1
5.65,16,0,0,0,2782.89,0,0
45.75,7,0,1,0,3610.22,0,0
28.57,16,0,0,0,2571.19,0,0
20.78,17,0,0,0,1561.88,0,0
6.72,7,0,1,0,1367.86,0,1
55.35,20,0,1,1,361.21,0,1
19.44,21,0,0,1,2464.19,0,0
10.28,19,0,0,0,688.97,0,0
1.87,12,0,0,0,2575.45,0,0
32.22,9,0,1,0,2830.88,1,0
194.85,13,0,0,0,2017.26,1,0
174.38,11,0,1,0,745.65,0,0
20.97,8,0,0,0,1975.55,0,0
18.13,11,0,0,0,3960.09,0,0
52.92,15,0,0,0,2088.31,0,0
12.2,6,0,0,0,1575.15,0,0
44.78,10,0,0,0,2852.45,0,0
71.24,1,1,0,0,2803.94,2,0
112.95,16,0,0,0,453.24,1,0
29.96,14,0,0,0,1102.38,0,0
27.01,5,1,0,0,2250.1,0,0
13.76,20,0,0,1,1680.17,0,1
14.49,2,1,1,1,1473.81,0,0
26.4,13,0,0,0,2033.43,0,0
47.82,16,0,0,1,1341.9,0,1
82.56,17,0,1,0,1596.25,1,1
14.83,3,1,0,0,3492.65,0,1
147.33,18,0,1,0,2320.53,0,0
25.25,18,0,0,0,3934.21,0,0
32.42,13,0,0,0,4271.09,0,0
15.69,12,0,0,0,4153.24,0,0
2.93,4,1,0,0,1179.01,0,1
80.16,13,0,0,0,2154.34,0,0
69.19,11,0,0,0,2430.98,0,0
24.99,16,0,1,0,3842.25,0,0
35.41,11,0,0,0,2537.64,0,0
55.48,15,0,0,0,1174.58,0,0
6.94,7,0,0,0,2486.55,0,0
19.51,7,0,1,0,247.07,1,1
73.28,7,0,0,1,3761.91,0,0
9.45,4,1,0,0,2568.7,0,0
44.41,13,0,1,0,2950.14,0,0
8.53,17,0,1,0,944.18,0,1
52.8,14,0,0,0,2533.7,0,0
31.96,13,0,1,0,2411.33,0,0
6.59,15,0,0,1,2807.36,0,0
106.14,10,0,1,0,3821.02,2,0
15.89,11,0,0,0,3452.2,0,0
14.73,10,0,1,0,2483.59,0,0
40.47,15,0,1,0,4025.64,0,0
104.44,8,0,0,0,1644.96,0,0
11.99,1,1,0,0,2241.85,0,1
35.22,13,0,0,0,2939.98,0,0
50.85,19,0,0,0,2011.41,0,0
66.23,14,0,0,0,1658.31,0,0
39.51,17,0,1,0,550.15,0,0
22.94,15,0,0,0,2879.75,0,0
14.47,12,0,0,0,907.1,0,0
36.09,15,0,0,0,665.23,0,0
11.33,17,0,0,0,860.58,2,1
1.78,9,0,0,0,3113.74,0,0
51.24,10,0,0,0,665.7,0,0
81.77,9,0,1,0,4394.25,0,0
3.12,12,0,1,0,3425.51,0,0
12.06,18,0,1,0,1797.67,2,1
61.51,10,0,1,0,2690.11,0,1
259.17,11,0,0,0,83.94,0,0
33.81,18,0,1,0,3808.17,0,0
15.99,12,0,0,0,1256.89,0,0
27.58,13,0,0,0,369.88,0,0
130.96,18,0,0,0,3423.63,0,0
17.36,12,0,0,0,1516.64,0,0
14.89,15,0,0,0,2575.56,0,0
20.44,6,0,0,0,3805.94,0,0
12.76,8,0,0,0,3502.89,1,0
37.44,11,0,0,0,1548.92,0,0
168.12,12,0,1,0,3915.7,0,0
45.74,20,0,0,0,1780.38,0,0
25.73,20,0,1,0,2275.11,0,0
24.73,18,0,0,1,2775.44,1,0
6.94,10,0,0,0,365.86,1,0
80.09,20,0,0,0,2707.38,0,0
30.64,15,0,1,0,2619.51,0,0
27.65,11,0,0,0,3937.05,0,0
806.83,15,0,0,0,1623.8,0,1
44.65,1,1,0,0,1127.74,0,0
15.61,7,0,0,0,2170.49,0,0
21.62,17,0,0,0,3108.63,1,0
104.42,14,0,1,0,2550.43,0,1
37.09,11,0,0,0,665.02,0,0
7.86,12,0,0,0,1598.12,0,0
83.03,18,0,0,0,333.85,0,0
16.98,14,0,0,0,3340.0,2,0
215.57,11,0,1,0,3979.12,0,0
97.52,7,0,1,1,253.24,0,0
21.17,10,0,0,0,2388.15,0,0
119.23,20,0,0,0,2568.61,0,0
35.44,12,0,1,0,2002.78,1,0
77.69,12,0,0,0,2287.17,1,0
53.77,12,0,0,1,3211.09,0,0
14.21,18,0,1,0,2202.58,0,1
17.4,14,0,0,0,4142.45,0,0
92.75,15,0,0,0,2456.89,0,0
23.69,11,0,0,0,369.5,0,0
22.12,2,1,1,0,4292.29,0,0
12.74,19,0,0,0,703.31,1,0
50.58,19,0,0,0,3540.85,0,0
260.48,19,0,1,1,2394.73,0,0
11.39,19,0,1,0,3346.97,0,0
33.93,17,0,0,0,2334.76,0,0
135.94,15,0,0,0,312.42,0,0
30.58,17,0,0,0,1718.42,0,0
52.06,14,0,0,0,2812.05,0,0
11.45,7,0,0,0,2848.53,0,0
50.82,11,0,1,0,4380.05,0,0
27.46,20,0,0,0,2748.14,0,0
88.74,11,0,0,0,1324.65,0,0
108.57,18,0,0,1,243.24,0,1
441.23,6,0,0,0,3558.45,0,0
59.12,10,0,1,0,4007.34,1,0
45.87,11,0,1,0,2780.69,0,0
40.22,5,1,0,0,2196.58,0,0
23.26,7,0,0,0,3881.39,0,0
46.45,8,0,0,0,1119.58,0,0
24.65,17,0,0,0,1824.36,0,0
39.19,5,1,0,0,2309.07,0,1
123.67,10,0,0,0,269.71,0,0
12.1,1,1,0,0,3114.18,0,0
103.53,15,0,0,0,889.09,0,0
123.61,14,0,0,0,1532.53,0,0
29.43,14,0,0,0,1894.49,0,0
3.97,11,0,0,0,2891.37,1,0
18.03,8,0,1,0,341.4,0,0
121.15,16,0,0,0,1566.83,1,0
32.37,17,0,1,0,1270.91,0,0
12.19,7,0,0,0,56.76,0,0
19.99,12,0,0,0,3127.86,0,0
76.76,9,0,0,0,1099.91,0,0
57.21,8,0,0,0,790.65,0,0
26.08,16,0,1,0,3600.95,1,0
22.95,13,0,0,0,224.43,0,0
22.38,9,0,0,0,4056.07,0,0
13.17,10,0,0,0,3106.71,1,0
166.56,20,0,0,0,814.27,0,0
23.99,17,0,0,0,1607.96,1,0
111.85,18,0,0,0,4277.42,0,0
151.61,12,0,0,0,2803.86,0,0
89.87,14,0,1,0,2758.79,0,1
21.51,11,0,0,0,2956.17,0,0
49.59,6,0,0,0,2109.18,2,0
32.32,11,0,0,0,794.5,0,0
13.41,13,0,1,0,721.47,0,0
45.8,10,0,1,0,3108.53,0,0
10.19,17,0,0,0,3983.54,0,0
108.6,8,0,0,0,1385.94,0,0
20.81,11,0,0,0,2290.15,0,0
40.49,7,0,0,0,4465.46,1,0
43.96,11,0,0,0,1194.37,0,0
25.56,3,1,0,0,1786.45,2,1
59.54,9,0,1,0,1667.67,0,0
20.6,11,0,0,0,195.01,0,0
79.15,12,0,0,0,2317.35,0,0
8.62,13,0,0,0,978.62,0,0
37.58,9,0,1,0,622.26,2,1
230.2,13,0,0,1,3211.35,0,0
12.18,12,0,0,1,3457.63,0,1
16.81,10,0,0,0,4005.57,0,0
55.36,17,0,0,0,4206.89,0,0
39.63,13,0,0,0,3917.34,2,0
47.02,10,0,0,0,595.1,0,0
54.01,19,0,0,0,1045.15,0,0
62.47,17,0,0,0,595.02,0,0
100.45,21,0,0,0,1623.18,0,0
49.89,15,0,0,0,602.12,0,0
26.02,11,0,0,0,2957.08,0,0
64.88,10,0,0,0,3239.38,3,0
221.38,15,0,1,0,760.19,0,0
29.0,21,0,1,0,2816.01,0,0
12.5,14,0,1,0,152.3,0,0
100.19,18,0,0,0,1982.95,1,0
29.36,10,0,0,0,1319.76,0,0
3.77,11,0,0,0,4493.3,0,0
77.28,18,0,0,0,4156.39,0,0
19.39,16,0,0,0,706.67,1,0
30.25,21,0,0,0,4132.3,0,0
46.15,16,0,0,0,1913.61,0,0
40.06,12,0,0,0,2616.08,0,0
67.32,13,0,1,0,2425.25,0,0
21.42,18,0,0,0,3281.4,0,0
55.32,13,0,0,0,1540.56,1,0
25.55,9,0,0,0,360.09,1,0
69.33,12,0,1,0,1908.44,0,0
61.27,12,0,1,0,2473.05,0,0
12.99,6,0,0,0,2519.37,1,0
98.1,16,0,0,0,3577.06,0,0
19.38,7,0,1,0,246.81,0,0
74.3,11,0,0,0,4447.02,0,0
47.81,17,0,1,0,4458.01,0,1
208.13,12,0,0,0,490.62,1,0
26.48,17,0,0,0,1580.88,0,0
23.35,10,0,1,0,2676.88,0,0
32.48,19,0,0,1,1711.3,0,1
24.45,8,0,0,0,2219.93,0,0
73.7,3,1,0,0,1500.38,1,1
6.58,18,0,1,0,3218.99,0,0
11.55,16,0,0,0,1669.88,0,0
11.38,9,0,0,0,1962.99,0,0
85.65,21,0,0,0,2612.79,0,0
183.21,12,0,1,0,4362.95,0,0
29.83,19,0,0,0,2906.03,0,0
27.97,12,0,0,0,481.3,0,0
35.52,12,0,0,0,1469.11,0,0
105.83,12,0,1,0,1917.73,2,1
13.1,10,0,1,1,3343.77,0,1
42.03,13,0,0,1,2038.6,1,0
87.81,12,0,1,1,2983.01,0,0
54.66,3,1,0,0,3785.75,0,0
40.03,9,0,0,0,514.3,2,1
90.11,9,0,1,0,3457.54,0,0
2.22,18,0,0,0,3367.83,0,0
65.23,13,0,0,0,3697.72,0,0
17.22,16,0,1,1,4304.5,0,0
5.31,19,0,0,0,1427.71,0,0
55.21,14,0,0,0,1959.14,0,0
130.8,21,0,1,1,1218.93,0,0
28.86,10,0,0,1,1505.62,0,0
85.87,8,0,0,0,1517.73,0,0
166.05,11,0,0,0,3920.5,0,0
123.34,12,0,0,0,329.9,0,0
170.71,18,0,0,0,952.01,0,0
69.56,13,0,0,0,2766.98,0,0
35.71,10,0,0,0,3455.12,0,0
6.67,16,0,1,0,3153.33,0,1
25.89,12,0,0,0,257.26,0,0
14.25,8,0,0,0,2069.38,1,0
290.31,13,0,1,0,870.91,0,0
27.77,18,0,1,0,4447.23,0,0
37.46,17,0,0,0,4495.07,0,0
57.48,13,0,0,0,276.5,0,0
34.59,11,0,0,0,3021.37,0,0
180.38,6,0,0,0,3668.14,0,0
17.77,12,0,0,0,1495.27,0,0
40.23,16,0,0,0,3136.68,0,0
15.76,11,0,0,0,885.12,0,0
8.85,9,0,1,0,619.42,0,0
17.96,19,0,1,0,4167.59,0,0
31.91,17,0,0,1,2909.28,0,1
21.56,14,0,0,0,3685.42,1,0
16.57,7,0,1,0,2420.57,0,0
8.11,7,0,1,1,738.53,0,1
30.47,7,0,1,0,1726.12,2,0
7.35,14,0,0,0,3973.37,1,0
70.81,7,0,0,0,119.45,0,0
35.96,17,0,1,0,971.94,0,0
7.71,22,0,0,0,1177.13,0,0
24.31,11,0,1,0,1220.33,1,0
15.61,12,0,0,0,488.71,0,0
45.57,15,0,1,1,3824.58,0,0
126.53,19,0,0,0,759.84,0,0
5.08,18,0,0,0,3742.05,0,0
37.15,5,1,0,0,1630.02,0,0
28.22,8,0,1,0,2085.07,0,0
64.8,16,0,0,0,2109.69,0,0
40.98,15,0,0,0,3223.51,0,0
15.61,7,0,0,0,3304.28,0,0
24.07,12,0,1,0,2901.06,0,0
14.94,17,0,0,0,3493.27,3,0
97.13,9,0,0,0,86.95,0,0
33.83,18,0,0,0,2296.41,0,0
221.67,5,1,0,0,2381.91,0,0
31.17,17,0,0,0,1115.06,0,0
16.31,14,0,0,0,2525.85,1,0
7.29,10,0,1,0,2128.85,0,0
5.46,16,0,0,0,2150.9,0,0
6.79,17,0,0,0,577.1,0,0
43.26,19,0,1,0,1986.92,0,0
55.08,11,0,1,0,3460.62,0,0
6.81,15,0,1,0,1874.46,0,0
81.05,14,0,0,1,2219.37,1,1
20.43,13,0,0,0,4355.47,1,0
38.35,18,0,0,0,3929.44,3,1
166.04,0,1,0,0,4182.72,0,0
81.19,10,0,0,0,395.66,0,0
25.32,13,0,1,0,2802.68,0,0
13.58,8,0,0,0,1044.18,0,0
3.85,18,0,0,0,1848.88,0,0
16.13,14,0,0,1,3074.89,0,0
26.81,12,0,0,0,2626.17,0,0
12.34,17,0,0,0,2300.51,0,0
29.04,12,0,0,0,3674.3,0,0
35.76,13,0,0,0,3087.56,0,0
26.45,0,1,0,0,3703.65,0,0
17.29,11,0,1,0,4197.1,0,0
39.2,7,0,0,0,3218.27,1,0
51.52,15,0,1,0,1809.51,0,0
11.13,12,0,0,0,996.86,0,0
135.77,10,0,1,0,1255.57,0,1
30.01,12,0,0,0,1815.0,0,0
33.75,8,0,1,0,3343.41,0,0
67.24,19,0,0,0,228.69,0,0
41.81,5,1,0,0,3673.55,0,0
85.9,18,0,0,0,3423.7,0,0
44.13,12,0,0,0,2272.4,0,0
17.95,14,0,0,0,1828.52,0,0
47.54,10,0,1,0,551.5,1,1
10.55,20,0,0,0,1339.17,0,0
36.91,10,0,0,0,537.84,0,0
32.03,13,0,0,0,3694.04,0,0
26.89,22,0,0,0,2316.55,0,0
29.12,18,0,0,0,1148.2,0,0
5.04,13,0,0,0,130.5,0,0
19.13,22,0,1,0,2381.45,0,1
36.34,15,0,0,0,3396.79,0,0
38.86,8,0,1,0,3460.9,0,0
11.85,11,0,0,1,1004.2,0,1
117.41,10,0,1,0,4478.03,3,1
13.93,10,0,0,0,2581.07,0,0
87.31,16,0,1,0,1527.43,0,0
50.76,13,0,0,0,1797.99,0,0
17.35,3,1,0,0,603.74,0,0
195.45,18,0,0,0,2245.43,0,0
10.04,10,0,0,0,3402.16,0,0
83.03,22,0,0,0,1871.87,0,0
90.07,19,0,0,0,3907.49,0,0
16.93,19,0,0,0,2171.55,1,0
133.28,17,0,1,0,4057.71,0,0
25.79,9,0,1,0,3179.26,0,0
44.2,13,0,0,0,294.79,0,0
42.96,9,0,0,0,348.23,0,0
28.95,9,0,0,0,3610.47,0,0
74.5,14,0,1,0,1637.87,0,1
73.22,4,1,1,0,892.14,0,1
5.76,20,0,1,0,3900.68,0,0
122.04,18,0,1,0,4425.71,0,0
6.28,11,0,1,0,3648.93,0,0
93.0,12,0,1,0,3276.83,0,0
102.18,12,0,0,0,54.27,0,0
11.12,18,0,1,0,521.58,0,1
21.96,15,0,1,0,3035.7,0,0
10.96,9,0,0,0,1872.56,0,0
26.71,12,0,0,0,136.67,0,0
24.34,11,0,0,0,3346.87,0,0
72.22,19,0,1,0,1913.5,0,0
122.77,8,0,0,0,2981.77,0,0
133.71,6,0,0,0,2134.09,0,0
18.87,18,0,1,0,167.91,0,1
26.86,18,0,0,0,2879.86,0,0
6.15,18,0,1,0,3556.98,0,0
14.79,12,0,1,0,744.1,0,0
86.91,14,0,1,0,4015.32,1,0
166.6,13,0,0,0,857.95,0,0
9.64,5,1,1,0,1931.62,0,0
18.31,13,0,0,0,2395.98,1,0
32.25,1,1,0,0,1446.7,0,0
43.82,10,0,0,0,2277.03,1,0
14.74,19,0,0,0,3246.69,0,0
50.61,10,0,1,0,3229.33,0,0
20.62,19,0,0,0,4154.16,0,0
32.64,9,0,1,0,3886.3,1,0
57.18,10,0,0,0,4433.72,0,0
33.33,14,0,0,0,2699.44,0,0
21.4,16,0,0,1,1832.29,0,0
29.68,12,0,0,0,1118.44,0,0
30.31,18,0,1,0,1135.66,0,0
22.87,4,1,1,0,721.61,0,0
25.56,19,0,0,0,3283.67,1,0
163.8,8,0,1,0,2961.38,0,1
58.03,18,0,0,0,1350.71,1,0
24.64,11,0,0,0,4020.01,0,0
66.48,17,0,0,0,2507.67,0,0
23.72,15,0,0,0,357.13,0,0
107.03,8,0,1,0,323.46,0,0
47.93,18,0,0,0,687.18,0,0
29.75,9,0,0,1,990.12,0,0
51.82,9,0,0,0,3999.1,0,0
6.88,17,0,0,0,3514.1,0,0
10.73,7,0,0,0,947.67,0,0
10.03,9,0,0,0,1155.79,0,0
38.2,12,0,1,0,2883.71,0,0
187.26,17,0,0,0,3928.28,0,0
308.37,7,0,0,0,1459.44,0,0
62.68,13,0,0,0,2388.46,0,0
54.64,15,0,0,0,4012.18,0,0
5.47,18,0,1,0,3479.31,0,0
19.25,19,0,0,1,4017.22,1,0
15.06,17,0,0,0,1287.43,0,0
17.8,14,0,0,0,3124.66,0,0
27.99,12,0,1,0,557.36,1,1
20.65,7,0,1,0,2792.12,2,0
4.58,15,0,0,0,1402.91,0,0
69.96,22,0,0,0,3171.59,2,1
11.33,16,0,0,0,681.34,0,0
42.07,1,1,1,0,3011.83,0,1
263.51,12,0,0,0,3202.91,1,0
13.21,14,0,0,1,3864.35,0,1
2.64,15,0,0,1,3107.49,0,0
24.88,15,0,0,0,2376.75,0,0
99.58,13,0,0,0,3539.51,0,0
234.71,9,0,0,0,1315.73,0,0
9.68,19,0,0,0,3064.73,0,0
54.42,15,0,0,0,3274.15,0,0
20.79,9,0,0,1,1796.81,0,1
29.79,10,0,0,0,4450.9,1,0
466.07,19,0,0,0,1634.6,0,0
7.37,18,0,1,0,425.99,1,1
42.68,11,0,0,0,1400.46,0,0
52.86,3,1,0,0,492.5,1,0
98.08,4,1,1,0,1559.9,1,1
36.52,10,0,0,0,619.03,0,0
45.06,14,0,0,0,2005.93,1,0
22.38,13,0,0,0,3511.99,0,0
43.34,14,0,0,0,350.12,0,0
23.5,15,0,0,0,2555.83,0,0
61.66,1,1,0,0,245.03,0,0
22.88,7,0,1,0,3986.51,0,0
48.28,11,0,1,0,4150.15,0,1
32.16,8,0,0,0,2240.99,0,0
102.11,6,0,1,0,3473.08,0,0
31.46,14,0,0,0,2688.45,0,0
5.62,17,0,0,0,1565.95,0,0
116.97,16,0,0,0,1140.88,0,0
13.39,17,0,0,0,3425.75,0,0
17.22,15,0,0,0,1963.41,0,0
18.25,16,0,0,0,4145.06,1,0
130.9,9,0,0,0,4391.83,0,0
3.91,22,0,1,0,986.25,0,0
763.37,8,0,0,0,2546.73,0,1
95.21,9,0,0,0,2439.36,0,0
41.4,10,0,0,0,3913.04,0,0
31.35,20,0,0,1,3124.88,1,1
44.06,21,0,1,0,2752.83,0,1
55.76,17,0,1,0,3071.66,1,0
63.13,14,0,1,0,1783.09,0,0
57.72,13,0,1,0,4323.3,0,0
36.22,20,0,0,0,306.43,1,0
27.18,15,0,0,0,179.62,1,0
28.47,19,0,0,0,1899.37,0,0
27.25,10,0,1,0,737.86,0,1
102.9,10,0,0,1,2474.36,0,0
59.95,18,0,0,0,90.09,0,0
1.75,7,0,0,0,2095.59,0,0
63.81,19,0,0,0,1362.41,0,0
40.23,12,0,0,0,950.5,0,0
32.5,19,0,1,0,2028.69,0,0
22.45,10,0,0,0,3852.74,0,0
101.91,15,0,1,0,2966.51,0,0
85.42,12,0,1,0,761.74,0,0
15.29,14,0,1,0,2269.99,0,0
49.75,12,0,1,0,4195.94,0,0
12.53,20,0,0,0,2004.55,0,0
8.33,15,0,1,0,2143.93,0,0
17.7,9,0,0,0,4239.04,0,0
78.44,18,0,1,0,654.35,0,1
85.89,10,0,0,0,3320.93,0,0
55.32,11,0,0,0,1381.27,0,0
68.38,7,0,0,0,3903.22,0,0
55.49,18,0,0,0,291.91,0,0
17.44,10,0,1,0,4457.29,0,0
51.0,9,0,1,1,3470.31,1,1
73.73,19,0,0,1,1315.28,0,0
70.41,17,0,0,0,3435.81,0,0
108.73,7,0,1,0,4157.22,0,0
67.24,16,0,0,0,552.48,1,0
47.06,18,0,1,0,4115.42,0,0
96.56,6,0,0,0,1652.78,0,0
32.25,17,0,0,0,78.74,1,0
13.71,13,0,1,0,550.27,0,1
28.13,15,0,0,0,3987.33,0,0
15.72,12,0,0,0,4422.87,0,0
16.86,15,0,1,0,4034.41,0,1
28.66,3,1,1,0,2014.84,0,0
14.99,16,0,1,0,4328.27,0,0
24.34,3,1,0,0,1860.48,2,0
4.98,12,0,0,0,555.95,0,0
40.99,8,0,0,0,1567.19,0,0
33.16,17,0,0,1,4492.97,0,1
14.63,10,0,1,0,2835.46,1,0
64.02,12,0,0,0,1562.99,0,0
84.57,11,0,0,0,2827.6,0,0
6.64,16,0,1,0,1959.65,0,0
15.44,12,0,1,0,270.49,0,0
15.35,17,0,0,0,945.02,1,0
12.94,6,0,0,0,135.6,0,0
75.9,8,0,1,0,1183.83,0,0
27.28,13,0,0,0,3341.06,0,0
25.42,19,0,1,0,910.27,0,0
4.46,6,0,1,0,2399.85,0,0
62.52,4,1,0,0,3172.14,0,0
9.59,8,0,0,0,2491.64,0,0
35.16,14,0,0,1,118.4,0,0
43.7,11,0,0,0,1666.87,0,0
129.11,17,0,0,0,2015.26,0,0
8.95,6,0,1,0,1575.25,0,0
1.62,8,0,1,1,2480.87,0,0
39.8,10,0,0,0,2333.53,0,0
200.44,14,0,1,0,884.15,0,0
114.31,15,0,0,1,3396.28,1,0
40.84,7,0,1,0,767.18,0,0
20.25,19,0,0,0,2092.4,0,0
74.23,10,0,0,0,3415.54,1,0
12.51,15,0,0,0,3152.82,0,0
53.32,13,0,0,1,1973.23,0,0
54.9,9,0,0,0,3560.7,1,0
95.6,17,0,1,0,3226.22,0,0
523.04,17,0,0,0,1761.18,0,1
49.03,11,0,1,1,4035.03,0,0
19.91,13,0,0,0,681.72,0,0
32.28,9,0,0,0,1645.25,2,1
5.65,15,0,0,0,3155.25,1,0
16.53,10,0,1,0,3934.75,0,0
21.99,17,0,0,0,1485.48,0,0
19.61,9,0,0,1,2547.53,2,1
38.57,1,1,1,0,102.69,0,1
14.55,9,0,0,1,1700.25,0,0
101.6,8,0,0,0,1522.66,0,0
33.12,12,0,0,0,3799.0,0,0
32.81,8,0,0,0,379.2,0,0
23.86,16,0,0,0,326.41,0,0
38.67,9,0,1,0,2020.02,0,0
75.57,15,0,1,0,1862.88,0,0
13.91,13,0,0,0,768.94,0,0
17.15,21,0,0,0,1221.88,0,0
24.44,22,0,0,0,4385.17,0,0
8.62,18,0,0,0,2333.66,0,0
14.6,16,0,0,0,440.95,0,0
20.57,11,0,0,0,271.37,0,0
79.39,16,0,0,0,236.62,0,0
43.06,19,0,0,0,1781.13,0,0
40.19,2,1,1,0,3902.0,0,1
77.55,13,0,1,0,3756.48,0,1
28.86,9,0,0,0,1687.09,0,0
48.93,13,0,1,1,3496.18,0,1
29.87,12,0,0,0,3397.51,0,0
43.18,13,0,0,0,2199.33,0,0
18.49,13,0,1,0,1849.53,0,0
2.89,20,0,1,0,853.44,0,0
28.95,13,0,0,0,1290.53,0,0
137.38,17,0,0,1,1557.19,0,1
83.61,10,0,1,0,3666.59,0,0
86.96,12,0,0,1,2510.64,0,0
113.99,12,0,0,0,944.07,1,0
36.19,9,0,1,0,476.43,1,0
40.34,11,0,0,0,2260.15,0,0
17.86,13,0,0,0,3015.11,0,0
24.14,13,0,1,0,3694.03,1,0
61.3,14,0,0,0,3598.05,0,0
110.38,11,0,0,0,3717.49,0,0
28.81,10,0,0,0,2042.92,0,0
21.11,14,0,0,0,3902.18,0,0
33.13,7,0,0,0,2028.51,0,0
60.41,9,0,0,0,798.14,0,0
7.82,4,1,0,0,1818.33,0,1
3.33,6,0,0,0,1563.11,0,0
19.1,9,0,0,0,1795.19,2,0
9.77,1,1,0,0,2980.86,0,0
19.92,9,0,0,0,2973.28,0,0
28.57,14,0,0,0,1050.81,0,0
21.05,5,1,0,0,1455.89,0,0
141.52,12,0,0,0,2699.33,1,0
45.91,18,0,1,0,424.37,0,0
44.72,17,0,1,0,3114.56,0,0
61.7,10,0,0,0,846.07,2,0
10.6,19,0,0,1,3835.66,2,0
93.61,10,0,0,0,1837.07,0,0
30.7,6,0,0,0,1032.59,1,0
64.75,22,0,0,0,3021.8,0,1
11.34,18,0,0,0,2515.44,0,0
7.0,12,0,0,0,815.11,0,0
75.03,15,0,1,0,3730.87,0,0
48.25,15,0,0,0,2067.14,0,0
13.44,8,0,1,0,727.49,0,0
13.88,8,0,0,0,3593.01,1,0
102.05,12,0,0,0,643.78,0,0
10.08,18,0,0,0,4357.77,0,0
171.17,0,1,1,0,2016.05,0,0
13.46,17,0,0,0,3290.59,0,0
62.7,5,1,0,0,2061.26,0,0
23.84,12,0,0,0,884.65,1,0
60.53,14,0,1,0,3423.61,0,0
19.22,15,0,0,0,1337.64,0,0
28.14,5,1,0,0,3086.76,0,0
34.5,11,0,1,0,1195.31,0,1
12.16,13,0,0,0,1122.93,1,0
69.47,5,1,0,0,2085.63,0,0
19.82,7,0,0,0,3682.27,1,0
26.35,15,0,1,0,2780.67,0,0
12.25,13,0,0,0,337.78,0,0
2.55,8,0,0,0,3315.7,0,0
27.36,13,0,1,0,2629.98,0,0
369.67,18,0,0,0,2824.87,1,0
72.57,1,1,1,0,1623.42,0,1
32.48,14,0,0,0,2524.92,0,0
25.46,6,0,0,0,1704.9,1,0
33.87,0,1,0,0,412.7,0,0
57.23,8,0,1,0,3807.71,0,0
10.17,11,0,0,0,3067.22,0,0
100.92,17,0,0,0,3033.45,0,0
67.72,10,0,0,0,911.87,0,0
67.91,14,0,1,0,3003.0,1,0
51.34,11,0,0,0,1082.54,0,0
33.77,9,0,0,0,3109.53,0,0
64.9,12,0,1,0,1534.21,1,0
59.85,17,0,1,0,750.94,0,1
23.24,17,0,0,0,4082.88,0,0
18.66,17,0,1,0,515.69,0,0
36.67,10,0,0,0,3439.96,0,0
155.87,17,0,0,0,502.9,0,0
9.59,9,0,0,0,3097.0,0,0
7.63,16,0,0,0,541.22,1,0
39.05,19,0,1,0,2314.27,0,0
34.84,1,1,1,0,886.58,0,1
39.38,12,0,0,0,3906.29,2,0
42.26,14,0,1,0,1836.61,0,1
26.49,15,0,0,0,118.65,0,0
146.92,8,0,0,0,2845.32,0,0
6.68,20,0,1,0,2030.87,0,0
14.46,14,0,1,1,3875.84,0,1
29.87,8,0,0,0,1977.49,0,0
6.4,2,1,0,0,1879.58,0,0
27.78,17,0,0,0,2070.71,0,0
174.42,6,0,0,0,3876.35,0,0
33.81,7,0,0,1,2661.36,0,0
41.71,13,0,0,0,3028.66,0,0
9.39,14,0,0,0,3255.83,2,1
17.88,15,0,1,0,4221.94,2,1
22.76,11,0,0,0,3776.97,2,0
24.1,16,0,0,0,4176.41,1,0
119.3,20,0,1,0,1577.71,0,0
57.84,9,0,0,0,1006.04,0,0
10.9,15,0,1,0,955.08,2,1
42.37,19,0,0,0,3867.21,0,0
54.5,15,0,0,0,3746.13,0,0
103.56,15,0,0,0,2944.33,0,0
160.86,9,0,0,0,330.09,0,0
12.0,13,0,0,0,1465.31,0,0
14.72,13,0,0,0,3317.2,0,0
9.42,15,0,0,0,1156.13,0,0
26.21,22,0,0,0,2827.06,0,0
52.79,3,1,0,0,2465.2,0,1
88.88,5,1,1,0,1218.89,1,0
30.69,6,0,1,1,4207.8,0,0
24.05,16,0,1,0,1192.49,1,0
38.54,7,0,0,0,4031.82,0,0
14.37,14,0,0,0,2457.15,1,0
267.61,10,0,0,1,458.63,0,0
6.63,12,0,1,1,3759.63,0,0
39.83,9,0,0,0,3571.87,0,0
250.54,18,0,0,0,3747.84,0,0
33.34,13,0,0,0,2889.76,0,0
27.38,19,0,0,0,3216.69,0,0
23.16,13,0,0,0,4086.41,0,0
27.65,7,0,1,0,618.26,1,0
130.69,8,0,1,1,419.52,0,0
3.63,21,0,0,0,606.59,0,0
153.46,16,0,0,0,3921.82,0,0
7.97,4,1,0,0,2555.06,0,1
25.36,15,0,0,0,833.49,0,0
21.56,11,0,1,0,680.62,0,0
59.65,10,0,0,0,2032.13,0,0
6.7,8,0,1,0,3680.02,0,0
52.57,17,0,0,1,3633.04,0,0
250.71,5,1,0,0,3838.08,0,0
8.47,10,0,0,0,3471.8,0,0
40.03,10,0,1,0,324.21,0,0
17.08,8,0,0,0,3254.74,0,0
50.7,12,0,1,1,2359.38,0,1
33.76,1,1,1,0,3282.53,0,0
17.44,10,0,1,0,2205.06,0,1
53.94,19,0,1,0,2201.75,0,0
201.21,10,0,0,0,611.3,0,0
27.36,11,0,0,0,4078.25,0,0
68.02,12,0,0,1,1717.07,0,0
9.09,13,0,0,0,2641.56,0,0
12.72,17,0,1,0,971.85,0,1
53.11,8,0,0,0,1691.56,0,0
146.07,18,0,0,0,3924.07,0,0
47.26,16,0,1,0,982.72,0,0
24.21,16,0,0,0,967.17,0,0
33.09,6,0,0,0,1209.22,0,0
9.48,2,1,0,0,2607.24,1,0
60.61,13,0,1,0,2367.06,0,0
80.02,18,0,0,0,830.18,0,0
21.07,13,0,1,0,3129.26,0,0
20.7,9,0,0,0,4088.55,0,0
43.2,6,0,1,0,934.79,0,0
21.4,15,0,0,0,3044.64,0,0
31.0,16,0,0,0,2659.41,0,0
270.35,8,0,0,0,1513.78,0,0
25.87,2,1,0,0,2799.35,0,1
23.14,11,0,0,0,984.09,1,0
17.33,13,0,0,0,3761.1,0,0
69.7,15,0,0,1,148.84,0,1
27.63,17,0,1,0,2573.43,0,0
17.3,14,0,0,0,1468.57,0,0
124.13,7,0,1,0,3972.06,0,0
136.95,15,0,1,0,2272.18,0,0
18.17,21,0,0,0,3621.07,1,0
5.12,18,0,0,0,4161.0,0,0
90.7,18,0,0,0,1537.86,0,0
16.7,10,0,1,0,3967.52,0,0
73.01,16,0,1,0,3281.94,0,1
4.62,18,0,0,0,531.38,0,0
80.85,15,0,0,0,512.44,0,0
9.86,9,0,0,0,3687.19,0,0
68.77,19,0,1,0,2134.01,0,0
33.59,12,0,1,0,2253.42,0,0
12.76,7,0,1,0,4016.05,0,0
22.04,7,0,0,0,4071.92,0,0
65.78,14,0,0,0,551.54,0,0
36.81,12,0,1,0,1712.74,0,0
59.41,6,0,1,0,4033.76,0,0
238.99,16,0,0,0,3698.35,0,0
6.93,17,0,0,0,3258.49,0,0
166.87,16,0,0,0,503.75,1,0
36.76,8,0,1,0,2814.32,0,0
13.48,15,0,0,0,2639.24,0,0
8.76,1,1,0,0,793.89,0,0
27.41,10,0,0,0,3493.67,1,0
83.23,11,0,0,0,1438.3,0,0
29.15,17,0,0,0,2811.78,0,0
150.08,11,0,0,0,1660.17,0,0
7.76,1,1,1,0,425.56,0,1
32.72,11,0,0,0,2385.34,0,0
9.47,12,0,0,0,1414.56,1,0
47.64,19,0,0,0,367.34,0,0
80.39,19,0,0,0,933.36,0,0
21.74,8,0,0,0,2803.91,0,0
2.45,8,0,0,0,501.15,0,0
40.4,8,0,0,0,439.23,0,0
51.25,17,0,1,0,4250.9,0,0
49.62,0,1,1,1,528.48,0,1
113.95,7,0,0,0,1723.47,0,0
11.35,13,0,1,0,643.68,1,0
65.38,9,0,1,0,4229.75,0,0
109.13,6,0,1,0,2191.17,0,0
5.59,11,0,0,0,544.48,0,0
45.59,9,0,1,0,3471.23,0,0
20.0,12,0,0,0,3524.5,0,0
30.52,20,0,1,0,4060.34,0,1
46.88,7,0,0,0,3190.17,0,0
20.34,11,0,0,0,293.49,0,0
16.85,19,0,0,0,2498.89,0,0
34.27,18,0,1,0,1758.98,1,0
11.16,11,0,1,0,3381.19,0,0
11.18,15,0,0,0,2679.63,1,0
65.32,6,0,0,0,3277.14,0,0
10.5,15,0,1,0,852.98,0,0
64.48,20,0,0,0,1994.97,0,0
52.59,13,0,0,1,1972.86,0,1
5.9,12,0,1,0,4415.34,1,1
16.82,8,0,1,0,135.04,0,0
109.3,14,0,0,1,3681.39,0,1
12.41,13,0,0,0,482.15,0,0
20.81,14,0,1,0,407.68,0,1
52.57,2,1,1,1,1510.39,0,1
72.49,13,0,0,0,3168.41,0,0
25.75,13,0,0,1,3069.09,0,0
18.22,8,0,0,0,2844.07,2,0
137.33,8,0,1,0,3496.75,0,0
188.46,9,0,0,0,1084.08,0,0
88.13,15,0,0,0,2870.61,1,0
36.06,14,0,0,0,2889.27,0,0
14.76,17,0,0,0,2961.79,0,0
14.43,10,0,0,0,2695.32,1,0
55.84,18,0,0,0,1035.78,1,0
50.32,16,0,0,0,4118.63,1,0
134.5,11,0,0,0,4393.22,1,0
63.46,6,0,0,0,3116.88,0,0
7.37,9,0,1,0,2026.15,0,0
94.82,19,0,0,0,2440.5,0,0
12.21,10,0,1,0,532.25,0,1
22.56,10,0,0,0,1667.11,0,0
42.53,8,0,0,0,4393.8,1,0
243.63,17,0,0,0,2487.36,0,0
742.42,9,0,1,0,2544.79,0,0
60.75,10,0,0,0,4295.21,0,0
27.57,11,0,0,0,3994.28,0,0
56.51,12,0,0,1,2580.79,0,1
80.45,11,0,0,0,1247.01,0,0
24.03,12,0,0,0,570.34,1,0
199.38,17,0,1,0,3893.25,0,1
41.68,17,0,0,0,4144.41,0,0
54.48,17,0,0,0,2249.57,0,0
64.45,7,0,1,0,470.74,3,1
50.48,17,0,0,0,2747.7,0,0
76.63,7,0,0,0,1685.2,0,0
17.86,7,0,0,0,752.48,0,0
18.95,19,0,0,0,4140.19,0,0
11.02,17,0,0,0,1115.55,0,0
51.39,13,0,0,0,3214.67,2,1
72.16,18,0,1,0,1960.73,0,0
52.34,21,0,0,0,3734.25,0,0
176.71,14,0,1,0,3168.72,0,0
32.93,14,0,0,0,598.06,0,0
64.63,16,0,0,0,2050.77,0,0
11.12,9,0,0,0,1206.06,0,0
22.49,8,0,0,0,3225.45,0,0
66.39,16,0,0,0,2473.87,0,0
77.41,10,0,0,0,1563.81,0,0
24.68,7,0,1,0,1516.1,1,0
30.83,10,0,1,0,559.47,0,0
7.26,11,0,0,1,1001.51,0,0
23.17,20,0,1,0,3224.92,0,0
80.67,15,0,1,0,2764.07,0,0
58.86,13,0,0,0,1632.4,0,0
54.63,20,0,0,0,3770.71,0,0
34.81,18,0,1,0,2205.64,0,0
33.35,12,0,0,0,3585.23,1,0
17.11,18,0,1,0,3526.25,0,0
66.61,11,0,0,0,3823.6,3,1
50.45,9,0,0,0,3831.48,0,0
54.16,9,0,0,0,3071.83,0,0
19.57,15,0,1,0,3384.93,0,1
3.84,12,0,0,0,3507.24,0,0
99.2,14,0,0,1,802.76,1,0
20.52,15,0,0,0,1386.09,0,0
13.97,2,1,0,1,513.87,1,0
66.25,5,1,0,0,892.7,0,1
22.38,13,0,0,0,3513.38,0,0
95.58,8,0,0,0,4264.64,0,0
61.38,14,0,0,0,3047.68,0,0
65.6,13,0,0,0,3992.91,0,0
8.45,13,0,0,0,1465.0,0,0
111.27,10,0,0,0,3813.79,0,0
43.0,14,0,0,0,1557.6,0,0
22.89,17,0,1,0,4029.04,0,1
38.22,22,0,0,0,3601.3,0,0
5.61,17,0,0,0,4427.01,0,0
49.83,13,0,0,0,3731.36,0,0
11.83,8,0,0,0,1822.03,0,0
8.56,15,0,0,0,539.86,0,0
7.23,19,0,0,0,3940.52,1,0
100.75,9,0,1,0,2591.8,0,0
17.65,9,0,1,0,3868.73,0,1
153.5,7,0,0,1,1772.72,0,1
19.38,16,0,0,0,178.82,0,0
6.01,11,0,1,0,283.25,2,1
10.84,5,1,0,0,3033.72,0,1
113.96,18,0,0,0,559.36,0,0
28.34,13,0,0,0,3367.31,0,0
19.14,10,0,0,0,1916.52,0,0
38.86,10,0,1,0,2555.83,0,0
54.7,10,0,0,0,3615.4,0,0
101.23,12,0,0,0,1176.17,0,0
140.96,10,0,1,0,1887.42,0,1
23.11,13,0,0,0,3296.53,0,0
8.79,16,0,0,0,4137.0,0,0
21.9,15,0,0,1,1341.83,0,0
42.96,10,0,0,0,2821.12,0,0
12.63,13,0,0,0,4282.9,0,0
12.72,17,0,0,0,2937.39,0,0
46.7,5,1,1,1,4022.91,0,1
31.54,6,0,1,0,4231.8,1,1
34.22,13,0,0,0,4185.57,0,0
15.51,14,0,1,0,3425.22,1,1
26.3,9,0,0,1,2506.82,0,0
13.14,16,0,0,0,480.55,0,0
80.66,14,0,0,0,1041.04,1,0
93.25,19,0,0,0,1188.16,0,0
5.23,8,0,0,0,198.01,0,0
13.07,16,0,0,0,503.56,0,0
7.41,6,0,1,0,1361.67,2,0
17.29,13,0,0,0,453.8,0,0
30.46,13,0,0,0,804.43,0,0
7.77,11,0,0,0,292.16,2,0
13.17,17,0,0,0,1903.57,0,0
12.13,0,1,0,1,3704.91,2,1
40.74,13,0,0,0,3664.49,0,0
35.49,9,0,0,0,4076.76,0,0
16.09,16,0,0,0,3367.92,0,0
39.52,4,1,0,0,1137.77,0,0
19.17,17,0,1,0,3175.64,0,0
25.24,17,0,0,0,3404.51,0,0
176.52,17,0,1,0,2466.83,1,0
126.53,8,0,1,0,3641.2,0,0
9.03,14,0,0,0,367.13,0,0
75.92,1,1,0,0,2696.77,0,0
74.54,17,0,0,0,2185.53,0,0
10.5,16,0,0,1,3633.19,0,1
75.1,13,0,0,0,619.42,0,0
154.15,16,0,0,0,996.18,0,0
10.78,6,0,0,0,2536.18,1,0
13.23,13,0,0,1,4265.06,0,1
91.62,10,0,0,0,420.24,0,0
43.44,20,0,1,0,3358.03,0,0
57.48,18,0,0,1,964.03,0,1
46.55,16,0,0,0,519.25,0,0
48.94,19,0,1,0,1806.71,0,0
8.79,10,0,1,0,2644.59,0,0
94.38,18,0,0,0,3730.23,0,0
106.65,10,0,0,0,2874.38,0,0
26.33,16,0,0,0,2237.92,0,0
31.71,16,0,0,0,1321.22,0,0
7.16,1,1,0,0,1351.86,2,0
55.38,11,0,0,0,3479.07,0,0
58.68,1,1,0,0,557.57,0,1
31.12,22,0,1,0,701.81,0,1
101.94,7,0,0,0,3252.83,0,0
23.71,13,0,0,0,4326.64,0,0
58.24,17,0,1,0,585.04,2,1
11.95,8,0,0,0,2761.95,0,0
32.34,12,0,0,0,1114.39,0,0
27.82,14,0,0,0,164.62,0,0
41.48,8,0,1,0,3753.59,0,0
22.88,16,0,0,0,2313.29,1,0
29.04,10,0,0,0,156.31,0,0
75.64,9,0,1,0,4034.77,0,0
21.4,13,0,0,0,2433.8,0,0
6.64,11,0,1,0,3329.95,0,0
190.49,19,0,1,0,1934.6,0,0
131.82,18,0,0,0,872.73,0,0
9.1,12,0,0,0,2121.8,0,0
66.0,11,0,1,0,1330.14,0,0
20.03,10,0,0,0,1370.47,0,0
43.1,9,0,1,0,2915.26,0,1
44.44,13,0,0,1,468.65,0,1
26.2,17,0,0,0,1816.71,1,0
15.12,10,0,0,0,2482.57,0,0
16.6,8,0,0,0,3208.87,0,0
13.25,12,0,0,0,2866.4,0,0
14.41,5,1,0,0,3993.8,0,0
30.96,15,0,0,1,4466.11,0,1
16.19,12,0,0,0,4221.53,1,0
65.5,12,0,1,0,3450.48,0,0
146.53,10,0,1,0,3102.77,0,0
18.54,18,0,0,0,207.67,0,0
42.07,6,0,0,0,2424.07,0,0
54.58,18,0,0,0,3003.54,0,0
53.09,11,0,0,0,1887.58,0,0
35.73,18,0,0,0,1762.34,1,0
69.59,16,0,1,0,2464.24,0,0
53.64,7,0,0,0,4084.55,0,0
9.61,17,0,1,0,1211.13,0,0
78.98,15,0,1,0,1825.79,0,0
80.42,3,1,0,0,2956.24,0,0
15.44,7,0,0,0,877.73,0,0
34.4,14,0,0,1,3765.32,0,0
65.58,15,0,0,0,3014.0,0,0
26.86,16,0,0,0,1617.57,0,0
96.83,16,0,0,0,3263.64,1,0
352.08,14,0,0,0,1293.09,0,0
15.09,16,0,0,0,3496.35,0,0
8.32,13,0,0,0,364.56,0,0
44.87,9,0,0,0,1949.05,0,0
68.14,18,0,0,0,1214.29,0,0
26.29,1,1,0,0,3684.32,0,1
141.64,11,0,0,0,3399.72,0,0
8.68,16,0,1,0,3796.28,0,1
66.22,11,0,1,0,2949.46,0,0
18.07,2,1,0,0,3589.18,2,1
184.82,5,1,0,1,2002.61,1,1
242.87,14,0,1,0,3067.36,0,0
15.38,20,0,0,0,188.47,0,0
19.11,13,0,0,0,3969.22,0,0
78.22,12,0,1,0,3097.24,0,0
22.49,10,0,0,0,3904.13,0,0
31.65,9,0,0,0,3480.32,0,0
33.97,2,1,1,0,1324.38,0,1
4.86,9,0,0,0,1264.32,0,0
32.66,12,0,1,0,3608.39,0,0
16.61,8,0,0,0,871.96,0,0
20.22,6,0,0,0,542.44,0,0
140.28,15,0,0,0,116.94,0,0
9.43,18,0,1,1,1378.0,0,0
74.68,19,0,0,0,491.73,1,0
25.05,14,0,0,0,3617.51,0,0
25.03,5,1,1,1,2206.22,0,0
72.99,16,0,0,0,1173.69,0,0
46.53,7,0,0,1,2729.29,2,1
58.59,15,0,0,0,363.07,0,0
87.2,16,0,0,0,3281.24,0,0
23.78,16,0,1,0,2281.2,2,1
17.95,19,0,0,0,78.82,0,0
11.19,16,0,0,0,1470.52,0,0
14.51,15,0,0,0,3388.36,0,0
632.13,9,0,0,0,887.11,0,0
114.97,19,0,0,0,4330.35,0,0
8.58,8,0,0,1,4040.0,0,0
8.82,18,0,1,0,3513.16,0,0
53.62,10,0,1,0,399.54,0,0
57.24,7,0,0,0,1624.58,0,0
57.33,17,0,0,0,1376.98,0,0
25.66,0,1,0,0,662.43,2,0
29.21,17,0,0,0,4498.3,0,0
45.96,9,0,0,0,705.03,0,0
36.09,18,0,0,0,1453.21,1,0
3.6,15,0,0,0,3966.63,0,0
26.32,15,0,0,0,692.51,0,0
14.13,11,0,1,0,2139.4,0,0
39.46,5,1,0,0,4391.82,0,0
655.41,17,0,0,0,1150.43,0,0
47.82,8,0,0,0,3178.61,1,0
24.2,11,0,0,0,406.18,0,0
83.25,14,0,1,0,2723.88,0,0
53.66,12,0,0,0,1558.77,0,0
50.41,8,0,1,0,3163.06,0,1
60.76,7,0,0,0,1976.36,0,0
258.93,7,0,0,0,1380.54,0,0
10.69,18,0,0,0,2479.74,0,0
53.18,3,1,1,0,671.61,0,1
13.11,20,0,0,0,3674.22,2,0
57.71,8,0,1,0,3390.66,0,1
13.21,7,0,0,0,2475.11,0,0
21.82,13,0,0,0,1683.36,0,0
24.65,6,0,0,0,4122.76,0,0
87.87,14,0,0,0,2873.34,0,0
82.97,18,0,0,0,1317.36,0,0
9.53,4,1,1,0,3639.85,2,1
34.99,17,0,0,0,2875.84,0,0
16.29,11,0,0,0,615.21,0,0
9.41,8,0,0,1,558.34,0,0
26.66,8,0,0,0,4224.57,0,0
24.33,18,0,0,0,1331.21,0,0
374.92,7,0,0,0,3002.5,0,1
51.06,18,0,1,1,212.13,0,1
8.35,13,0,0,0,2526.43,0,0
18.83,3,1,1,0,1078.52,2,1
91.96,12,0,0,0,671.34,0,0
267.32,17,0,0,0,3492.09,0,0
6.78,16,0,0,0,3652.46,1,0
5.05,12,0,1,0,3232.69,0,0
215.07,18,0,1,1,99.78,0,0
48.89,7,0,0,0,1317.85,0,0
13.9,18,0,0,0,1656.28,0,0
56.52,17,0,0,0,3124.28,0,0
2.37,15,0,1,0,3412.17,2,0
33.23,17,0,1,0,2843.95,0,0
45.96,13,0,0,0,3561.44,1,0
83.45,15,0,0,0,1951.48,0,0
12.01,13,0,1,0,2461.21,0,0
36.08,11,0,0,1,335.91,1,0
13.13,13,0,0,0,1950.88,0,0
42.75,9,0,0,0,1975.22,0,0
13.53,12,0,0,1,2771.26,0,1
22.02,10,0,1,0,1731.64,0,0
12.23,7,0,1,0,1111.12,0,0
63.51,10,0,0,0,1107.3,0,0
78.14,18,0,0,0,645.73,0,0
26.19,11,0,1,0,3169.55,0,0
34.41,16,0,0,0,2820.43,0,0
7.78,8,0,0,0,2627.66,0,0
24.54,11,0,0,0,2413.04,0,0
31.49,7,0,0,0,1685.54,0,0
455.23,7,0,0,0,3470.79,2,1
10.89,14,0,0,0,4153.01,0,0
143.19,14,0,0,0,2007.95,0,0
89.73,9,0,1,0,1870.44,0,0
43.84,12,0,1,0,774.14,2,1
192.22,18,0,1,0,3034.65,3,1
48.04,8,0,0,0,2533.51,0,0
48.87,1,1,0,0,4446.59,2,1
31.4,14,0,1,0,2650.24,0,0
112.57,5,1,1,0,1334.32,0,0
99.13,20,0,0,0,2555.09,0,0
17.71,14,0,0,0,4431.89,0,0
8.85,12,0,0,0,3268.84,0,0
27.03,11,0,0,0,622.17,0,0
14.88,13,0,0,0,1577.07,0,0
31.08,6,0,1,0,1379.15,0,1
114.14,19,0,0,0,3862.87,1,0
20.96,14,0,0,1,2769.67,0,0
31.73,8,0,1,0,3654.95,0,0
35.09,13,0,0,1,834.29,0,0
77.36,7,0,1,1,4090.76,0,0
3.5,1,1,0,0,309.48,0,0
18.05,14,0,1,0,1718.03,0,0
40.91,14,0,0,0,112.96,2,0
109.96,13,0,1,0,870.04,0,0
20.25,8,0,0,0,4331.91,0,0
5.07,14,0,0,0,399.3,1,0
61.54,5,1,0,0,697.06,1,0
17.54,14,0,0,0,4165.58,0,0
10.08,13,0,0,0,3210.28,0,0
17.74,14,0,1,1,1860.99,1,0
27.54,18,0,0,1,356.01,2,1
18.09,18,0,0,0,3543.42,0,0
3.65,21,0,0,0,2242.63,0,0
81.21,20,0,1,0,1487.43,0,0
118.5,16,0,0,0,1655.34,0,0
63.53,19,0,1,0,2298.49,1,0
10.62,18,0,0,0,2502.99,0,0
27.07,16,0,0,1,3690.54,0,0
32.9,6,0,0,0,3484.08,1,0
60.27,4,1,1,0,3463.41,0,0
64.61,17,0,0,0,3295.38,0,0
15.89,12,0,1,0,3422.15,0,0
35.95,17,0,0,0,3065.33,0,1
52.31,10,0,0,0,3912.7,0,0
142.0,11,0,1,0,2530.67,0,0
66.99,15,0,0,0,2367.76,0,0
72.9,18,0,0,0,3170.77,0,0
36.01,6,0,1,0,788.73,0,0
135.7,18,0,0,0,3507.44,3,0
49.89,17,0,0,0,4215.89,0,0
14.0,10,0,0,0,1368.36,2,0
134.74,11,0,1,0,2769.15,0,0
66.55,4,1,1,0,195.17,2,1
21.26,1,1,0,0,3457.91,2,0
20.5,12,0,0,0,2540.52,0,0
44.55,6,0,0,0,3047.76,0,0
52.62,8,0,1,0,686.32,0,0
40.34,17,0,0,0,3652.07,0,0
45.21,13,0,1,0,1188.92,0,0
181.26,14,0,0,0,3097.33,0,0
96.69,8,0,0,0,2689.48,0,0
40.07,17,0,0,1,2959.37,0,0
84.89,18,0,0,0,273.56,0,0
11.79,13,0,1,0,3351.24,0,1
49.3,18,0,1,0,3588.86,0,0
202.21,17,0,0,0,2162.93,0,0
26.63,16,0,0,0,1869.43,0,0
14.19,16,0,1,0,1574.32,1,1
17.25,7,0,0,0,4179.07,0,0
11.14,9,0,0,0,3410.05,0,0
15.11,5,1,0,0,3158.85,0,0
22.86,0,1,1,0,4168.95,0,1
8.12,8,0,0,0,1602.02,2,0
33.64,18,0,1,0,2854.11,0,0
81.64,9,0,1,0,3102.95,0,0
13.36,20,0,1,0,4483.21,0,0
151.3,13,0,1,0,1950.98,0,0
55.19,9,0,1,0,1830.81,0,0
92.81,12,0,0,0,425.97,0,0
17.15,9,0,0,0,488.11,1,0
77.83,21,0,0,0,2327.51,0,0
11.11,17,0,0,0,811.76,0,0
80.66,2,1,0,0,374.54,0,0
39.32,19,0,0,0,4343.77,1,0
57.58,16,0,0,0,4283.81,0,0
10.22,6,0,0,0,1497.48,0,0
13.53,15,0,1,0,3564.92,1,0
60.17,14,0,1,0,3932.84,0,0
12.83,9,0,1,0,2118.12,1,0
52.63,16,0,0,0,1045.45,0,0
8.44,6,0,0,0,627.63,0,0
77.34,12,0,0,0,676.66,0,0
9.66,0,1,0,1,3596.35,0,1
57.53,20,0,0,0,1760.65,0,0
61.91,16,0,0,0,3136.11,0,0
16.5,8,0,0,0,2447.19,1,0
59.27,10,0,1,0,1806.27,0,1
42.97,8,0,1,0,600.98,0,0
19.32,16,0,0,0,1533.85,1,0
12.08,5,1,0,0,3788.77,0,0
4.65,17,0,0,0,3660.72,0,0
46.98,19,0,0,0,176.24,1,0
6.93,15,0,1,0,674.23,0,0
36.43,9,0,1,0,3413.76,0,0
25.45,11,0,0,0,1544.01,0,0
65.31,12,0,0,0,2913.98,0,0
24.48,14,0,0,0,2553.91,0,0
23.82,15,0,0,0,2951.7,0,0
68.85,13,0,1,0,288.95,0,0
46.3,11,0,1,0,4193.48,0,0
45.43,18,0,0,0,143.31,0,0
52.95,6,0,0,0,85.74,0,0
7.13,12,0,1,1,1056.38,0,0
70.58,16,0,0,0,4471.06,0,0
61.1,5,1,0,0,372.77,0,0
11.98,15,0,0,0,3941.53,1,0
25.94,17,0,0,0,757.95,0,0
31.84,15,0,0,0,535.51,0,0
28.95,1,1,0,0,3516.42,0,0
46.24,8,0,0,1,3817.72,0,0
138.57,10,0,0,0,3575.21,1,0
97.69,9,0,0,0,1122.58,0,0
8.92,20,0,1,1,3965.3,0,1
61.69,14,0,0,0,369.89,0,0
125.08,10,0,1,1,1571.8,0,1
48.76,19,0,0,0,2111.16,0,0
98.59,16,0,0,0,351.42,0,0
247.71,10,0,1,0,2630.3,0,0
92.18,11,0,0,0,2539.25,0,0
42.49,8,0,0,0,4465.21,1,0
94.17,20,0,0,0,2816.4,2,0
38.28,12,0,0,0,1819.08,0,0
33.92,18,0,1,0,3566.32,0,0
23.3,10,0,0,0,1540.6,0,0
158.13,18,0,0,1,2421.27,1,1
14.61,5,1,0,0,296.84,2,1
153.3,21,0,0,0,1485.86,0,0
54.59,18,0,1,0,2400.08,2,0
8.17,11,0,0,0,3175.29,0,0
47.83,16,0,0,0,490.7,0,0
4.06,16,0,0,0,3597.48,0,0
61.9,18,0,0,0,4055.71,0,0
80.26,10,0,0,0,1300.62,2,1
18.31,12,0,0,0,3455.79,0,0
37.47,18,0,0,0,852.55,0,0
233.73,16,0,1,0,2379.2,0,0
19.97,11,0,1,1,3599.48,0,0
11.49,17,0,0,1,1769.89,0,0
145.72,4,1,0,0,167.04,0,0
235.71,17,0,0,0,2452.85,1,0
33.24,8,0,0,0,3808.91,0,0
91.05,10,0,1,0,532.06,0,0
126.66,12,0,1,0,181.9,0,0
15.76,12,0,0,0,3650.23,0,0
20.38,13,0,0,0,1238.74,0,0
113.39,13,0,0,0,1671.33,0,0
178.58,10,0,0,0,437.07,2,0
58.14,8,0,0,0,479.95,0,0
13.74,16,0,0,0,2784.72,0,0
241.55,11,0,0,0,2507.42,0,0
19.47,12,0,0,0,1351.19,0,0
23.69,14,0,0,0,2064.68,0,0
46.63,18,0,0,0,1777.48,1,0
156.67,15,0,1,0,3142.99,0,0
77.79,4,1,1,0,3886.3,0,0
50.14,17,0,1,0,3454.71,0,0
52.63,21,0,0,0,69.61,2,0
34.59,12,0,0,0,493.01,0,0
57.87,20,0,0,0,1960.73,0,0
2.64,13,0,1,0,3840.5,0,0
24.62,12,0,0,0,1104.54,0,0
42.15,10,0,0,0,3961.34,0,0
10.47,14,0,0,0,539.56,1,0
48.73,9,0,1,0,373.1,0,1
26.99,7,0,1,0,4114.72,2,0
191.61,2,1,0,1,770.8,0,0
159.66,10,0,1,0,2113.8,0,1
20.78,11,0,0,0,1500.51,0,0
28.48,13,0,0,0,706.98,0,0
30.75,10,0,1,0,2862.89,0,0
21.08,21,0,0,0,4338.34,0,0
40.25,10,0,0,0,2978.59,0,0
15.51,12,0,1,0,1623.96,0,0
10.69,7,0,0,0,3217.5,0,0
61.73,9,0,1,0,687.45,0,0
62.15,4,1,0,0,2631.07,0,0
14.82,13,0,0,0,2139.09,0,0
81.07,16,0,0,0,1651.93,0,0
17.61,8,0,1,0,3341.07,0,0
42.66,11,0,0,0,577.27,0,0
75.21,1,1,0,0,2420.92,0,1
32.02,17,0,0,0,3852.07,1,0
52.18,16,0,1,1,947.61,0,0
19.76,5,1,0,0,1227.21,0,0
27.21,11,0,0,0,2989.99,0,0
26.95,19,0,0,0,3488.01,0,0
15.7,11,0,0,0,1310.84,0,0
27.75,13,0,0,0,1651.55,1,0
7.04,11,0,0,0,3342.61,0,0
20.26,13,0,1,0,1319.69,0,0
24.91,20,0,0,0,3014.8,0,0
25.63,22,0,0,0,756.81,2,0
26.01,16,0,0,0,1880.33,0,0
31.13,11,0,1,0,3114.61,0,0
53.49,12,0,0,0,2096.58,0,0
79.4,11,0,1,0,135.61,0,0
17.29,21,0,1,0,1858.39,0,0
9.94,15,0,0,0,1333.09,0,0
11.68,12,0,0,0,500.71,0,0
20.34,1,1,0,0,90.66,1,0
23.29,13,0,1,0,252.54,0,1
15.33,21,0,1,0,4274.15,0,1
9.06,13,0,1,0,3386.7,0,1
20.99,8,0,0,0,4231.85,0,0
39.7,2,1,0,0,560.79,1,0
60.04,11,0,0,0,2588.77,2,0
18.96,18,0,0,0,420.63,0,0
21.91,22,0,0,0,169.29,1,0
13.11,19,0,0,0,2124.95,0,0
32.09,16,0,0,0,2926.23,2,1
14.18,13,0,0,0,332.85,1,0
58.74,13,0,0,0,1674.52,0,0
5.55,13,0,1,1,451.24,0,0
23.11,15,0,0,0,1661.36,0,0
44.75,11,0,1,0,2149.49,0,0
39.8,15,0,0,0,1552.01,0,0
489.33,7,0,0,0,2614.31,0,0
46.98,9,0,0,0,2651.43,0,0
12.13,17,0,0,0,1531.56,0,0
30.1,18,0,0,0,1783.71,0,0
5.61,13,0,1,0,2012.74,1,0
30.55,3,1,0,0,1721.66,0,0
14.4,19,0,0,0,3434.88,2,1
82.71,15,0,0,0,672.77,1,0
19.11,11,0,0,0,3863.81,0,0
29.47,13,0,0,0,1524.07,0,0
17.54,11,0,0,0,3271.63,0,0
188.45,12,0,0,0,3982.8,0,0
24.02,18,0,0,0,3999.16,0,0
206.97,8,0,0,0,2063.02,0,0
74.75,7,0,0,1,1191.88,0,0
53.63,0,1,0,0,2745.63,0,1
47.88,10,0,0,0,868.64,0,0
49.1,7,0,1,0,3568.16,0,0
4.82,9,0,0,0,3215.48,0,0
25.06,1,1,0,0,3590.6,0,1
77.1,9,0,0,0,1978.0,0,0
31.54,10,0,1,0,2530.56,0,0
8.12,3,1,1,0,507.13,0,1
31.42,14,0,0,0,3110.02,0,0
182.02,13,0,0,0,2216.43,0,0
115.23,6,0,0,0,2316.11,0,0
31.12,13,0,0,0,3819.12,0,0
85.75,22,0,0,0,3486.83,0,0
22.95,19,0,0,0,2431.61,0,0
6.03,0,1,0,0,1630.22,0,0
13.14,17,0,0,0,2036.64,2,0
158.05,11,0,1,0,1610.9,0,1
25.18,5,1,0,0,724.64,0,1
25.96,10,0,0,0,2923.7,0,0
24.54,10,0,0,0,3127.24,0,0
222.32,13,0,1,0,4371.88,1,0
168.34,15,0,0,0,2077.88,0,0
304.53,16,0,0,0,4487.95,0,1
28.25,9,0,1,1,882.59,0,0
44.51,10,0,0,0,2972.01,0,0
7.27,10,0,0,0,4476.72,0,0
145.03,11,0,0,0,2899.45,1,0
10.3,22,0,1,0,2063.05,0,0
41.13,16,0,1,0,2342.87,0,0
11.05,20,0,1,1,3812.52,0,1
18.38,15,0,1,0,4229.04,0,0
14.34,11,0,0,0,2069.97,0,0
18.03,11,0,1,0,3487.05,1,0
19.31,12,0,0,1,4204.91,0,1
19.14,11,0,1,0,1305.44,0,1
76.2,17,0,0,0,2244.56,1,0
10.97,12,0,1,0,4479.61,0,1
41.29,10,0,0,0,1622.98,0,0
111.94,16,0,0,0,2807.61,0,0
19.82,18,0,0,1,2973.79,0,1
16.15,11,0,0,0,735.96,0,0
26.3,15,0,0,0,3639.45,0,0
107.74,5,1,1,0,1887.41,0,0
40.21,13,0,0,0,2276.44,0,0
19.47,4,1,1,0,2910.65,0,0
53.72,2,1,1,0,1876.66,0,0
11.0,14,0,0,0,1496.62,0,0
65.45,10,0,0,0,2481.62,0,0
49.83,16,0,0,0,1593.19,1,0
24.34,18,0,0,0,1981.88,0,0
14.32,7,0,0,0,532.41,1,0
13.64,16,0,0,0,3809.11,0,0
56.53,12,0,0,0,1882.1,0,0
113.18,7,0,0,0,418.39,0,0
17.51,14,0,0,0,3565.61,0,0
52.37,14,0,0,0,137.33,0,0
4.11,12,0,1,0,2717.09,0,0
18.46,19,0,0,0,3176.85,2,0
32.1,13,0,0,0,900.89,0,0
13.33,22,0,0,0,634.1,3,1
12.98,12,0,1,0,556.78,1,1
16.98,7,0,0,0,4470.32,0,0
44.35,12,0,0,0,3410.14,1,0
27.46,8,0,0,0,1441.56,0,0
3.53,13,0,1,0,1543.23,0,0
3.97,15,0,1,0,2936.38,0,0
18.05,12,0,0,0,2086.64,0,0
52.34,6,0,1,0,1257.46,0,0
2.12,12,0,0,0,304.08,1,0
20.09,6,0,0,0,3538.15,0,0
19.57,15,0,0,1,4002.61,0,0
132.73,17,0,0,0,966.52,0,0
22.53,20,0,1,0,332.15,0,1
48.57,7,0,1,0,577.88,1,0
38.14,13,0,0,0,1893.45,0,0
3.93,13,0,0,0,1382.1,0,0
71.39,19,0,0,0,376.89,1,0
41.07,14,0,0,0,2074.17,0,0
55.05,7,0,1,0,957.44,0,0
1679.48,12,0,1,1,347.92,0,1
4.12,14,0,0,0,2977.78,2,0
185.8,15,0,0,0,2597.65,0,0
24.84,18,0,1,0,3727.47,0,0
44.14,8,0,0,0,1395.15,0,0
31.64,19,0,1,0,654.41,0,0
21.67,5,1,0,0,1652.72,0,1
18.73,21,0,0,0,3515.25,0,0
46.04,18,0,0,0,1125.74,0,0
7.26,15,0,0,0,1184.75,0,0
70.15,16,0,0,0,706.75,0,0
21.84,6,0,0,0,4439.99,0,0
10.7,4,1,1,0,4354.53,0,0
21.12,7,0,0,0,2978.33,0,0
116.41,6,0,0,0,1005.94,0,0
19.39,13,0,1,0,3461.18,0,0
47.39,9,0,1,0,2648.5,0,0
15.94,18,0,0,0,3385.57,0,0
70.66,12,0,1,0,3878.83,0,0
65.73,15,0,1,0,1467.21,2,0
210.32,14,0,0,0,4115.96,1,0
27.78,10,0,0,0,4048.58,0,0
64.63,9,0,0,0,2484.73,0,0
36.53,10,0,0,0,3096.34,0,0
121.01,17,0,0,0,1879.11,0,0
16.14,13,0,0,0,2965.21,0,0
69.76,9,0,1,0,2492.87,0,0
27.26,17,0,0,0,1486.55,2,0
31.06,5,1,0,0,1486.63,0,1
36.3,15,0,1,0,2949.91,1,0
42.62,12,0,0,0,4306.99,0,0
29.48,16,0,0,0,946.89,0,0
41.05,19,0,0,0,1796.79,0,0
160.47,16,0,0,0,3635.41,0,0
88.72,12,0,1,0,597.4,2,0
78.98,8,0,0,0,4474.04,0,0
21.0,17,0,1,0,3067.72,0,0
13.61,12,0,0,0,4103.06,0,0
86.08,6,0,1,0,3779.34,0,0
79.52,15,0,0,0,3508.25,1,0
144.41,10,0,0,0,196.41,0,0
18.1,4,1,1,0,1858.91,1,0
26.32,18,0,0,0,948.29,0,0
6.43,12,0,0,0,3927.43,0,0
22.37,10,0,0,1,3077.27,0,0
89.71,15,0,0,0,526.48,0,0
20.77,18,0,1,0,1650.21,0,0
62.83,0,1,1,0,358.42,0,0
27.37,15,0,0,0,3342.98,0,0
45.79,16,0,1,0,1911.51,0,0
10.51,8,0,0,0,1092.95,0,0
36.06,12,0,0,0,2353.72,0,0
1.66,6,0,0,0,237.1,0,0
27.47,16,0,0,0,1194.96,0,0
6.49,17,0,0,0,830.1,0,0
110.61,7,0,0,1,4191.36,0,1
72.05,17,0,1,0,1728.13,0,1
52.81,16,0,0,0,2650.9,0,0
151.56,10,0,0,0,2288.09,0,0
12.82,15,0,0,0,2983.46,0,0
190.06,0,1,0,0,1292.07,0,1
84.12,19,0,0,0,587.47,0,0
26.14,13,0,0,0,412.46,0,0
103.09,14,0,0,0,910.62,0,0
10.95,15,0,0,0,2198.59,0,0
14.52,13,0,1,0,1100.32,0,0
18.02,18,0,1,0,1981.31,2,0
19.51,14,0,0,0,180.4,1,0
11.51,18,0,0,0,2842.6,0,0
112.51,13,0,0,0,3957.82,0,0
25.56,8,0,1,0,261.78,0,0
47.11,18,0,0,0,1020.28,0,0
18.72,15,0,0,0,1464.08,0,0
5.36,15,0,0,0,1328.22,0,0
43.38,21,0,1,0,229.71,0,0
4.89,6,0,0,0,524.27,0,0
30.92,11,0,0,0,4110.45,0,0
8.43,9,0,0,0,3215.56,0,0
241.6,14,0,0,0,4315.05,0,0
82.38,17,0,1,0,2010.06,1,0
36.81,20,0,1,0,3961.7,0,1
117.18,12,0,1,0,3683.6,0,0
14.21,17,0,0,0,3943.49,0,0
57.02,18,0,0,0,224.24,0,0
40.44,15,0,0,0,2953.69,0,0
43.12,9,0,0,0,2571.5,0,0
118.2,14,0,1,0,2476.21,0,0
68.89,20,0,0,0,2294.51,0,0
44.2,21,0,0,0,3592.1,0,0
6.33,14,0,1,0,4357.85,0,0
12.68,18,0,1,0,3738.69,0,0
29.29,8,0,0,0,3923.26,0,0
36.36,9,0,0,0,2203.37,0,0
10.7,19,0,0,0,3123.21,1,0
369.32,7,0,1,0,1899.26,0,0
150.87,8,0,0,0,1653.27,0,0
60.47,11,0,1,0,4034.0,2,1
35.59,13,0,0,0,4078.19,0,0
26.78,14,0,0,0,3085.88,0,0
12.78,10,0,0,0,3778.4,0,0
35.78,19,0,0,0,1653.62,0,0
42.85,18,0,1,0,1980.23,0,0
9.57,11,0,0,0,3703.52,0,0
46.26,12,0,0,0,1821.32,0,0
28.35,15,0,0,0,227.86,1,0
4.91,15,0,1,0,1622.18,0,1
14.01,11,0,0,0,1822.12,0,0
21.9,11,0,1,0,738.13,0,0
218.7,10,0,0,0,1581.35,0,0
57.77,9,0,0,0,4208.18,0,0
8.71,12,0,0,1,3870.47,0,0
53.84,15,0,0,0,2034.36,0,0
7.05,16,0,0,0,3209.01,0,0
97.78,16,0,1,0,725.73,0,0
20.67,11,0,0,0,3398.85,0,0
30.16,16,0,0,0,2167.24,0,0
124.69,0,1,0,1,3265.43,1,0
9.14,12,0,0,0,2915.9,0,0
8.19,17,0,1,0,1085.8,0,0
18.47,14,0,1,0,3764.38,0,0
93.54,12,0,0,0,2596.19,1,0
7.25,14,0,0,0,3539.68,0,0
1.95,18,0,0,0,468.24,0,0
21.09,13,0,0,0,2788.31,0,0
57.5,17,0,0,0,1348.88,1,0
109.98,21,0,1,0,3880.98,0,0
20.84,15,0,0,0,4275.3,0,0
21.95,13,0,0,0,298.43,0,0
104.99,3,1,0,0,3273.06,0,0
5.11,11,0,0,1,508.25,0,0
22.45,13,0,0,0,3865.91,0,0
40.06,17,0,0,0,604.13,0,0
51.89,12,0,1,0,917.78,0,1
19.89,20,0,0,0,1169.71,0,0
34.28,9,0,0,0,3288.86,0,0
2.75,16,0,1,0,1351.78,2,0
17.15,11,0,1,0,2702.58,0,0
52.12,12,0,0,1,2595.14,0,0
12.4,17,0,0,0,1840.06,0,0
35.13,10,0,1,0,2450.73,0,0
51.77,6,0,0,1,575.95,0,0
23.51,13,0,0,0,3948.98,0,0
39.27,13,0,0,1,971.49,0,0
12.65,17,0,1,0,3967.01,0,0
26.93,20,0,0,1,2358.38,2,0
60.96,5,1,0,0,2782.01,0,1
38.74,13,0,0,0,1194.97,0,0
18.42,15,0,1,0,1039.37,0,0
41.44,21,0,0,0,2233.63,0,0
67.67,19,0,1,0,1239.75,0,0
4.26,15,0,0,0,1932.97,0,0
105.54,13,0,0,0,2008.98,0,0
23.66,8,0,1,0,1255.58,1,0
50.68,11,0,0,1,1348.2,0,0
109.64,13,0,1,0,4379.45,0,0
8.4,16,0,1,0,2664.18,0,1
16.29,14,0,1,0,3751.84,1,0
24.82,15,0,1,0,253.55,0,0
15.12,11,0,1,0,58.56,0,0
187.72,16,0,0,0,2360.01,0,0
14.06,7,0,0,0,3729.28,0,0
19.0,8,0,0,0,2768.59,0,0
40.63,8,0,0,0,2803.79,0,0
9.95,18,0,1,0,670.14,1,0
22.29,6,0,0,0,4404.63,1,0
45.49,17,0,0,0,2407.17,0,0
23.74,9,0,1,0,506.58,0,0
30.16,12,0,1,0,1893.18,0,0
19.5,18,0,1,0,370.27,0,0
7.28,13,0,1,1,1910.72,0,1
45.68,9,0,0,0,3216.45,0,0
191.51,10,0,1,0,1489.69,0,0
33.73,19,0,0,0,1443.31,0,0
41.48,11,0,1,0,2338.81,0,0
66.2,13,0,0,0,2268.26,0,0
9.31,12,0,1,0,2128.78,0,0
181.73,11,0,0,0,2349.96,0,0
40.54,9,0,0,0,263.42,0,0
169.33,15,0,1,0,2160.49,0,0
15.91,15,0,1,0,4464.45,0,1
203.99,9,0,1,0,3451.29,0,0
71.89,17,0,0,0,1329.68,0,0
57.57,18,0,0,0,3065.83,0,0
41.85,19,0,0,0,1518.07,1,0
25.83,8,0,0,0,902.24,0,0
110.01,10,0,0,0,3492.31,1,0
38.11,18,0,1,1,982.66,1,1
4.63,8,0,0,0,3870.89,0,0
10.84,0,1,1,1,1742.82,0,1
27.5,18,0,0,0,3417.95,0,0
45.15,10,0,0,0,1205.2,0,0
31.29,11,0,0,0,2954.67,0,0
112.05,12,0,1,0,995.77,0,0
4.71,17,0,1,0,147.16,0,1
38.23,10,0,0,0,3674.99,0,0
5.38,18,0,0,0,3859.92,1,0
70.79,14,0,0,0,3968.56,0,0
30.13,13,0,1,0,211.52,0,1
50.38,10,0,1,0,3436.1,0,0
13.96,9,0,0,0,3769.62,0,0
119.04,14,0,0,0,1437.06,0,0
93.85,12,0,0,1,2143.51,0,0
59.36,18,0,0,0,1865.22,0,0
29.09,12,0,0,0,2008.46,0,0
59.14,12,0,0,0,3817.83,0,0
16.33,11,0,0,0,1909.52,0,0
77.91,17,0,0,0,1395.52,1,0
172.34,11,0,0,0,630.21,2,0
96.6,9,0,0,0,3053.03,0,0
15.96,18,0,0,0,424.71,1,0
47.53,13,0,0,0,322.26,0,0
9.09,13,0,0,0,3083.03,0,0
58.7,14,0,0,0,3139.59,0,0
51.97,15,0,1,0,935.91,0,0
5.1,10,0,1,0,4309.47,0,0
10.36,3,1,0,0,3555.77,0,1
24.95,17,0,0,0,3104.6,0,0
24.51,7,0,1,0,3406.85,0,0
9.88,16,0,1,0,1882.9,0,0
48.86,6,0,0,0,2077.61,0,0
42.58,11,0,0,0,3922.46,0,0
27.27,5,1,1,0,163.11,0,1
15.55,13,0,0,0,3620.77,0,0
94.51,14,0,1,0,2041.68,0,0
173.37,8,0,0,0,2114.66,0,0
20.42,11,0,1,0,1499.36,0,0
17.95,19,0,0,0,2751.47,0,0
54.12,12,0,0,0,3056.75,0,0
23.15,17,0,1,0,765.35,0,1
28.81,19,0,0,0,2567.44,0,0
69.38,20,0,0,0,2118.86,0,0
4.91,18,0,1,0,3529.49,1,0
123.75,10,0,0,0,2476.53,1,0
35.61,20,0,0,0,1961.6,0,0
21.94,17,0,0,0,2403.74,2,0
30.29,17,0,0,0,2233.03,0,0
31.89,1,1,1,0,4211.54,0,1
5.86,19,0,1,1,1437.9,0,1
147.66,16,0,0,0,216.2,1,0
34.51,16,0,0,0,2995.89,0,0
51.57,6,0,0,0,2737.1,0,0
85.76,9,0,1,0,4099.36,2,1
11.93,20,0,1,0,572.77,0,0
53.17,12,0,1,0,2375.77,0,0
25.34,11,0,1,0,720.93,0,0
77.23,17,0,0,0,2077.9,0,0
3.95,6,0,0,0,3607.2,0,0
29.99,11,0,0,0,3865.38,0,0
18.12,11,0,0,0,3760.68,0,0
51.02,10,0,0,1,2485.95,0,0
52.99,10,0,1,1,2871.12,0,0
16.32,9,0,0,0,2504.46,1,0
16.25,8,0,0,0,2547.5,0,0
29.65,14,0,0,0,3988.92,0,0
13.51,18,0,1,0,981.26,0,0
76.86,12,0,0,0,2002.51,3,0
22.89,10,0,0,0,2764.78,0,0
1.81,8,0,0,0,3455.82,0,0
22.76,17,0,1,0,3440.41,0,0
11.72,20,0,0,0,571.76,0,0
6.48,10,0,1,0,1037.5,0,1
9.61,10,0,0,0,4106.26,0,0
36.94,14,0,1,0,1640.96,2,0
125.04,16,0,1,0,62.07,2,0
45.29,12,0,0,0,939.1,0,0
18.06,14,0,0,0,4364.51,3,0
52.24,15,0,0,0,1428.38,2,0
20.92,20,0,1,0,2781.03,0,1
16.53,8,0,0,0,3283.59,0,0
10.44,22,0,0,0,2927.29,0,0
5.74,11,0,0,0,1730.17,0,0
22.42,16,0,1,0,1965.35,0,0
38.79,13,0,0,0,3779.03,0,0
30.07,12,0,0,0,2999.39,1,0
21.85,15,0,0,0,154.29,0,0
12.86,11,0,0,0,955.39,0,0
60.84,7,0,0,0,1324.03,0,0
8.87,12,0,1,0,1676.42,0,0
71.95,13,0,0,0,2617.18,0,0
12.16,8,0,0,0,1680.97,0,0
15.6,19,0,0,0,3721.3,0,0
7.64,9,0,1,0,2158.57,0,1
20.06,11,0,0,0,2284.7,0,0
87.82,8,0,1,0,1951.88,0,0
55.46,13,0,0,0,1431.58,0,0
88.1,10,0,0,0,3275.36,0,0
55.82,12,0,1,0,1071.56,0,0
10.98,9,0,0,0,3118.23,0,0
23.79,5,1,1,0,2407.19,2,1
15.18,16,0,1,0,505.07,0,0
125.28,14,0,0,0,129.95,1,0
10.01,10,0,0,0,804.02,0,0
80.94,4,1,0,0,3436.54,0,1
80.88,18,0,1,0,1761.46,1,0
206.36,8,0,0,0,3631.7,2,0
21.98,19,0,0,0,2283.48,0,0
67.51,12,0,0,0,195.72,0,0
324.29,10,0,1,0,3815.14,3,1
17.86,16,0,0,0,4216.37,0,0
7.13,18,0,0,0,380.26,0,0
5.05,11,0,0,0,977.16,0,0
67.54,11,0,1,0,3234.21,0,1
5.04,12,0,0,0,4487.43,0,0
22.82,19,0,0,0,3949.55,1,0
51.28,15,0,0,0,490.32,0,0
39.85,9,0,0,0,2752.21,0,0
50.68,8,0,0,0,3010.16,0,0
41.36,9,0,0,0,2857.2,0,0
118.97,9,0,0,0,2577.87,0,0
12.78,9,0,0,0,1350.31,0,0
16.83,14,0,0,0,3024.85,0,0
15.29,7,0,0,0,3291.61,0,0
75.96,11,0,1,0,2612.16,0,0
81.48,14,0,0,0,2262.34,1,0
52.0,10,0,0,0,1024.69,0,0
108.15,5,1,0,0,2474.02,0,0
10.2,6,0,0,1,620.71,0,0
175.43,7,0,1,0,373.59,0,0
151.9,17,0,0,1,3511.44,0,0
69.1,14,0,0,0,3059.41,0,0
196.72,5,1,1,0,2938.19,0,1
6.32,11,0,1,0,4180.17,0,0
19.6,9,0,1,0,1744.44,0,1
15.87,13,0,0,0,1828.81,0,0
68.13,13,0,0,0,1891.17,0,0
11.59,12,0,1,0,2120.51,0,0
70.63,10,0,1,0,2332.15,0,0
130.39,7,0,0,0,3512.18,0,0
66.37,16,0,1,0,1018.78,0,0
43.98,18,0,0,0,1981.68,0,0
12.33,19,0,0,0,2297.82,0,0
14.2,5,1,0,0,802.57,0,0
115.54,16,0,0,0,3173.65,0,0
72.19,16,0,0,0,300.4,2,0
31.85,19,0,0,0,2657.31,0,0
21.8,9,0,0,0,949.53,0,0
4.37,16,0,0,0,87.68,2,0
11.35,5,1,0,0,1455.18,0,0
223.95,14,0,1,0,1959.68,2,1
9.2,11,0,0,0,3686.99,0,0
40.02,16,0,1,0,1864.91,0,0
90.69,18,0,0,0,4123.69,0,0
9.44,11,0,1,0,3799.3,0,1
39.83,13,0,0,0,907.68,0,0
84.6,7,0,1,0,742.94,0,0
33.53,11,0,0,0,1135.1,0,0
583.13,11,0,0,0,1650.58,2,1
6.24,8,0,0,0,2646.49,0,0
95.46,18,0,1,0,602.16,0,1
27.86,7,0,1,0,2417.58,0,1
71.66,14,0,0,0,2634.44,0,0
51.49,18,0,0,0,2990.96,0,0
15.91,18,0,1,0,2497.91,0,0
41.64,17,0,1,0,3722.01,0,0
5.17,8,0,0,0,2905.08,0,0
60.54,17,0,1,0,4164.25,1,0
44.62,9,0,0,0,3169.11,0,0
62.72,19,0,1,0,1990.69,0,0
95.4,15,0,1,0,983.1,0,0
47.83,17,0,0,0,96.82,0,0
38.4,6,0,0,0,452.29,0,0
13.72,13,0,0,0,894.06,0,0
16.24,17,0,0,0,1013.16,0,0
108.5,18,0,1,0,3352.1,1,0
139.26,2,1,1,0,1767.95,0,1
26.1,19,0,0,0,1494.2,0,0
34.67,4,1,1,0,283.04,0,0
13.4,14,0,0,0,2447.04,0,0
106.99,15,0,1,0,2777.44,0,0
64.42,7,0,1,0,3956.47,0,0
230.72,4,1,1,0,2287.65,0,1
13.76,17,0,0,0,84.35,0,0
22.69,11,0,0,0,340.49,0,0
41.74,7,0,0,0,1255.97,0,0
63.21,16,0,0,0,669.38,0,0
26.69,17,0,0,0,3479.11,0,0
13.83,13,0,1,0,529.96,0,1
79.95,8,0,0,0,765.49,0,0
68.11,1,1,0,0,3017.2,0,1
13.25,15,0,0,0,1116.35,0,0
128.44,13,0,0,0,4362.41,0,0
106.72,14,0,0,0,3891.19,0,0
37.88,17,0,0,0,3363.2,0,0
35.86,12,0,0,0,1576.96,0,0
57.63,7,0,0,1,302.67,1,0
13.99,19,0,0,0,1546.98,0,0
34.13,13,0,0,0,1726.45,0,0
3.85,14,0,1,0,617.08,0,1
79.56,19,0,1,0,586.85,0,0
6.95,19,0,0,0,3023.08,0,0
148.92,13,0,0,0,1084.19,0,0
23.8,10,0,1,1,3067.15,0,0
26.8,22,0,0,1,2489.94,0,0
17.68,15,0,0,0,4061.51,0,0
24.83,11,0,0,0,3597.41,0,0
136.8,13,0,1,0,723.61,0,0
2.75,11,0,1,0,2765.22,0,0
118.74,18,0,0,0,2956.41,0,0
46.43,12,0,0,0,3886.14,0,0
9.9,17,0,0,0,2902.26,0,1
11.3,17,0,1,0,676.18,0,0
177.04,17,0,1,0,1200.1,1,0
12.86,16,0,0,0,2887.32,0,0
10.45,18,0,1,0,4108.14,0,0
103.27,11,0,0,0,4017.3,0,0
46.46,7,0,0,0,1648.38,0,0
12.96,17,0,0,1,3746.5,0,0
41.13,12,0,0,0,2325.23,0,0
11.87,7,0,0,0,2116.33,1,0
99.57,7,0,1,0,1611.45,0,1
95.71,8,0,0,0,3068.0,0,0
56.37,16,0,0,0,2718.21,0,0
47.54,15,0,0,0,1717.25,0,0
192.71,8,0,0,0,3444.63,0,0
33.11,17,0,0,0,1738.09,0,0
10.16,10,0,0,0,2650.52,0,0
51.91,17,0,0,0,1796.1,1,0
266.68,12,0,0,0,570.1,0,0
12.0,16,0,0,0,767.31,0,0
23.07,11,0,0,0,2972.49,0,0
50.22,10,0,0,0,3659.94,1,0
31.38,17,0,0,0,2134.66,0,0
12.4,3,1,0,0,1498.86,0,1
101.68,20,0,1,0,1547.41,2,1
336.99,14,0,1,0,2709.53,0,1
40.29,12,0,1,0,2131.22,0,1
13.41,14,0,0,0,53.29,2,1
7.04,7,0,0,0,3483.05,0,0
42.86,12,0,1,0,683.31,0,1
99.87,21,0,0,0,3052.9,2,0
53.26,9,0,0,0,1581.75,0,0
33.04,16,0,1,0,2622.11,0,0
18.37,12,0,0,0,3855.27,0,0
11.11,14,0,0,0,736.51,0,0
76.31,8,0,1,0,3510.48,1,1
82.58,12,0,1,0,220.47,0,1
7.06,21,0,1,0,4150.09,0,0
162.36,8,0,0,0,947.06,0,0
58.8,14,0,1,0,3585.14,0,1
134.24,13,0,1,1,349.13,1,1
8.65,13,0,1,0,1505.37,0,1
8.45,14,0,1,0,2869.29,0,0
28.53,12,0,0,0,2981.77,0,0
54.75,1,1,0,0,3159.7,0,1
199.61,18,0,1,0,1611.32,1,0
67.09,17,0,0,0,3013.74,0,0
25.98,8,0,0,0,1956.83,0,0
11.87,11,0,1,1,2568.34,0,0
113.3,16,0,0,0,2485.16,0,0
12.62,21,0,0,0,798.22,0,0
168.76,19,0,0,0,3817.36,1,0
24.92,18,0,0,0,3908.78,0,0
162.48,8,0,0,0,956.58,0,0
65.3,18,0,1,0,1903.57,0,0
28.88,18,0,0,0,2118.7,0,0
19.7,11,0,0,0,2492.7,0,0
23.55,11,0,1,0,149.11,2,1
50.82,12,0,0,0,3426.73,0,0
35.77,14,0,0,0,3885.71,0,0
18.29,9,0,1,0,682.76,0,1
28.06,2,1,0,0,4040.0,0,0
35.82,7,0,1,0,3836.56,0,0
3.94,12,0,1,0,2463.04,0,0
52.36,10,0,1,0,1272.56,1,0
12.43,16,0,0,0,973.33,0,0
10.45,7,0,0,0,2226.61,0,0
6.13,18,0,0,0,2307.06,0,0
5.51,18,0,1,0,2950.81,0,0
8.54,18,0,1,0,3617.29,1,1
16.3,16,0,1,0,4208.52,0,0
233.52,7,0,0,1,3593.45,0,0
19.57,12,0,0,0,4095.25,2,0
39.56,7,0,0,0,2272.19,0,0
49.43,21,0,0,0,223.04,0,0
37.75,10,0,1,0,280.64,1,0
30.65,13,0,0,0,1244.77,0,0
10.02,16,0,0,0,2782.24,0,0
141.31,19,0,1,0,1541.75,0,0
201.78,16,0,0,0,789.34,0,0
6.16,15,0,1,0,3834.7,0,1
11.89,12,0,0,0,4433.23,0,0
25.03,14,0,1,0,124.05,1,1
12.62,6,0,0,0,447.94,0,0
54.92,18,0,0,0,2272.06,0,0
15.99,13,0,0,0,1552.62,0,0
288.6,4,1,1,0,3530.57,0,0
108.91,18,0,0,1,2961.64,0,0
40.96,12,0,0,0,354.87,0,0
92.48,18,0,1,0,2474.73,0,1
100.07,18,0,0,1,1547.57,0,0
18.84,17,0,1,0,4344.75,0,0
14.64,5,1,0,0,2164.99,0,0
35.81,9,0,0,0,4178.1,0,0
78.39,18,0,0,0,184.28,0,0
38.06,18,0,0,0,509.57,0,0
6.84,12,0,0,0,1768.9,1,0
14.84,12,0,0,0,3996.96,0,0
30.75,8,0,0,0,2473.49,1,0
30.7,20,0,0,0,3717.43,0,0
238.06,9,0,0,0,1311.71,0,0
8.28,8,0,0,0,546.15,0,0
54.9,15,0,0,1,1144.87,0,1
146.81,9,0,1,0,2921.6,0,0
321.0,19,0,0,0,3927.81,0,0
22.1,1,1,0,0,2074.75,0,0
54.13,0,1,0,0,911.59,1,0
58.54,12,0,1,0,2887.37,0,0
40.26,12,0,0,0,926.36,0,0
30.0,8,0,0,0,2587.78,0,0
51.21,12,0,1,0,505.2,1,1
2.63,11,0,0,0,3659.55,0,0
65.5,18,0,0,1,3632.99,0,1
37.57,0,1,1,0,2458.59,1,1
26.51,20,0,0,0,219.91,0,0
256.43,14,0,0,0,1296.83,0,0
16.86,8,0,0,1,665.37,2,1
22.13,4,1,0,0,2379.38,0,0
242.63,13,0,0,0,502.72,0,0
14.41,9,0,0,0,3920.28,0,0
19.1,10,0,0,0,3833.23,0,0
28.59,9,0,0,0,744.64,1,0
76.76,14,0,1,1,3142.25,0,1
40.76,13,0,1,0,3149.44,0,0
9.09,6,0,0,0,1815.56,0,0
19.45,13,0,0,0,730.85,0,0
18.04,17,0,0,0,637.88,0,0
30.65,6,0,0,0,3340.67,0,0
50.7,18,0,1,0,1029.79,0,0
50.31,13,0,1,0,2735.37,0,0
5.61,19,0,0,0,3903.17,0,0
95.96,7,0,0,0,2689.29,0,0
42.63,22,0,1,0,4384.13,0,0
132.23,14,0,1,0,2922.48,0,0
51.63,13,0,0,0,1449.98,0,0
99.62,12,0,0,0,3843.48,0,0
52.8,2,1,0,1,1433.56,0,0
127.26,19,0,1,0,4373.49,1,0
55.83,14,0,0,0,2175.91,2,1
30.03,6,0,1,0,4291.95,0,1
321.32,2,1,0,0,867.01,0,0
80.56,5,1,1,0,100.72,0,0
58.78,14,0,0,0,922.78,2,1
9.24,14,0,0,0,487.74,0,0
9.13,12,0,0,1,3316.1,0,0
44.38,10,0,0,0,1227.23,0,0
38.3,13,0,0,0,2895.66,0,0
17.92,12,0,0,0,3025.52,0,0
38.13,1,1,0,0,3112.69,0,0
162.17,10,0,0,0,3755.11,0,0
66.38,5,1,0,0,712.9,0,0
10.58,18,0,0,0,274.56,1,0
29.62,16,0,0,0,182.19,0,0
14.81,22,0,0,1,511.87,0,0
22.47,10,0,0,0,1737.38,0,0
21.9,18,0,0,0,4354.82,0,0
20.54,14,0,0,0,1621.85,0,0
9.44,12,0,0,0,2065.51,0,0
29.15,9,0,0,0,3674.07,0,0
18.9,16,0,0,1,4137.76,0,0
1.77,18,0,0,0,4372.91,0,0
258.0,9,0,0,0,3727.71,0,0
98.37,8,0,1,0,2286.2,0,0
22.73,15,0,0,0,1071.17,0,0
33.74,20,0,0,0,2712.73,0,0
10.26,16,0,0,1,925.74,0,1
180.5,10,0,1,1,297.98,0,0
220.81,11,0,0,0,4141.13,1,0
38.73,11,0,1,0,2207.32,0,0
92.16,18,0,1,0,2311.67,0,0
39.46,16,0,1,0,2761.02,0,0
8.7,13,0,1,0,2058.77,0,0
21.94,9,0,0,0,2027.72,0,0
37.79,19,0,0,0,4122.4,0,0
21.02,14,0,1,0,3683.63,0,1
26.61,20,0,1,0,996.04,0,1
30.22,13,0,0,1,1348.41,1,0
30.54,17,0,0,0,2989.77,0,0
34.89,17,0,1,0,2591.36,0,1
11.47,10,0,0,0,3459.41,0,0
16.17,20,0,0,0,3287.97,0,0
9.17,2,1,0,0,3203.04,0,0
88.04,16,0,0,0,3966.97,0,0
4.03,20,0,0,0,3461.16,0,0
104.96,10,0,1,0,1130.67,0,0
132.47,14,0,0,0,3934.13,2,1
24.48,13,0,1,0,1543.12,0,0
2.45,16,0,1,0,4103.48,0,0
23.07,18,0,1,0,3718.0,0,0
31.06,14,0,1,0,379.68,0,0
12.05,17,0,0,0,3482.2,0,0
19.78,10,0,0,0,2275.51,0,0
152.96,9,0,1,0,4398.15,0,0
64.39,12,0,0,0,2089.96,0,0
13.14,15,0,0,0,348.18,0,0
6.7,8,0,0,0,1354.46,1,0
23.88,15,0,0,0,1964.43,0,0
26.75,11,0,1,0,2684.03,0,0
54.39,17,0,0,0,726.87,3,0
19.39,3,1,1,0,2342.12,0,1
55.23,15,0,0,0,2201.45,0,0
229.33,14,0,0,0,3773.15,0,0
74.85,19,0,0,0,1395.69,0,0
31.56,15,0,1,0,2050.35,0,1
27.57,17,0,0,0,1779.33,0,0
23.18,18,0,1,1,2863.43,0,1
107.84,15,0,1,0,3771.04,0,0
17.68,10,0,0,0,3056.53,0,0
34.65,18,0,1,0,2119.47,0,0
34.86,16,0,0,0,2888.34,0,0
20.05,11,0,0,0,1483.99,0,0
8.39,15,0,0,0,691.24,0,0
45.74,18,0,0,0,1472.74,0,0
31.16,20,0,0,0,2024.42,1,0
54.61,19,0,0,0,2004.73,0,0
19.42,10,0,1,0,3332.33,0,1
112.26,11,0,0,0,4216.74,0,0
13.78,7,0,0,0,1780.87,0,0
183.47,9,0,0,0,434.7,0,0
5.77,18,0,0,0,198.69,0,0
51.15,11,0,0,0,67.59,0,0
53.27,14,0,0,1,4224.55,0,0
14.95,15,0,1,0,4480.57,1,0
50.62,17,0,0,0,278.66,1,0
119.05,8,0,0,0,1644.03,0,0
3.61,10,0,0,0,3028.59,0,0
54.75,12,0,0,0,846.31,0,0
2.74,11,0,1,0,2695.25,0,0
12.61,21,0,1,0,3670.6,0,1
168.88,17,0,1,0,3868.48,1,0
18.51,12,0,0,0,3193.57,0,0
10.24,18,0,0,0,413.85,0,0
27.17,10,0,0,0,1600.36,0,0
261.89,17,0,0,0,4354.68,0,0
5.3,9,0,0,0,907.76,0,0
11.57,16,0,0,0,2069.97,0,0
148.03,12,0,0,0,1537.09,0,0
212.24,7,0,0,0,964.65,0,0
29.86,9,0,0,0,1489.74,0,0
9.59,11,0,1,0,893.36,1,0
269.3,16,0,0,0,3953.78,0,0
163.11,6,0,0,0,826.27,0,0
65.3,14,0,0,0,2824.77,1,0
14.7,15,0,0,0,4243.3,0,0
31.53,14,0,0,0,4289.27,0,0
28.21,16,0,0,0,2721.89,0,0
46.1,8,0,0,0,1255.49,0,0
141.32,13,0,0,0,1153.15,0,0
79.79,19,0,0,0,3376.24,0,0
11.28,14,0,1,1,4414.15,0,1
131.17,14,0,0,0,395.3,0,0
45.29,16,0,0,0,3563.14,0,0
65.83,10,0,0,0,597.28,0,0
143.53,15,0,0,0,1376.92,0,0
10.9,18,0,0,1,2571.48,1,0
31.95,1,1,0,0,1372.65,0,0
19.46,18,0,1,0,2943.66,0,0
6.9,9,0,0,0,1906.52,0,0
46.84,12,0,0,0,1025.06,0,0
408.12,18,0,0,0,2412.64,1,0
5.26,17,0,0,0,156.84,0,0
32.06,18,0,1,0,3347.8,0,0
62.84,19,0,0,0,2374.19,0,0
37.45,12,0,0,1,4262.82,0,1
29.57,14,0,1,0,507.41,0,0
9.03,11,0,1,0,3308.7,0,0
41.8,11,0,0,0,1389.23,0,0
15.54,12,0,0,0,1710.51,0,0
3.71,16,0,1,0,1600.77,0,0
109.35,12,0,1,0,1643.2,0,0
86.35,17,0,0,0,1967.22,0,0
34.87,16,0,0,0,143.47,0,0
41.64,2,1,0,0,3818.07,0,0
96.96,14,0,0,0,3973.99,0,0
41.44,12,0,0,0,226.03,0,0
81.78,12,0,0,0,3503.21,2,0
24.59,17,0,0,0,371.61,0,0
122.98,13,0,0,0,3644.77,1,0
45.64,18,0,0,1,2777.8,0,1
40.21,15,0,0,0,1413.27,0,0
9.3,13,0,1,0,2781.78,0,0
44.12,16,0,1,0,2304.58,0,1
14.41,3,1,1,0,2879.11,2,1
17.49,2,1,0,0,2165.4,0,0
14.65,6,0,0,0,3489.29,0,0
11.4,12,0,1,0,251.45,0,0
277.21,9,0,1,0,1582.06,0,0
125.38,21,0,1,0,2538.83,0,0
225.96,13,0,0,0,2667.68,0,0
9.75,15,0,0,0,804.48,0,0
35.56,9,0,1,0,381.66,0,0
9.08,10,0,1,0,143.35,0,1
16.52,10,0,1,0,1887.91,3,1
13.22,15,0,0,1,1520.22,1,0
114.39,12,0,0,0,2576.75,0,0
22.28,12,0,0,0,2050.34,0,0
96.39,13,0,1,0,1803.6,0,0
60.59,16,0,1,0,3802.78,0,0
331.5,6,0,0,0,2815.75,0,0
7.54,16,0,0,0,2925.15,0,0
116.66,13,0,0,0,1749.13,2,0
104.21,15,0,0,0,3506.96,0,0
12.51,10,0,0,0,726.79,0,0
90.66,11,0,1,1,1838.9,0,1
46.35,9,0,1,1,259.92,0,1
26.38,20,0,0,0,563.7,2,0
14.53,12,0,0,1,412.79,0,0
16.13,22,0,0,0,2014.39,1,0
257.19,12,0,0,0,3153.09,0,0
33.14,9,0,1,0,1441.5,0,0
72.39,12,0,1,0,168.42,0,0
15.02,3,1,0,0,3197.08,0,0
15.18,18,0,0,0,973.08,0,0
97.71,17,0,0,0,3265.9,0,0
8.59,16,0,0,0,82.73,0,0
21.86,14,0,0,0,1439.92,1,0
34.26,13,0,0,0,2814.48,1,0
37.02,22,0,1,0,3926.62,0,0
27.69,9,0,0,0,3405.87,0,0
49.2,16,0,1,0,2050.81,0,1
66.21,13,0,0,0,3247.39,0,0
69.04,20,0,1,0,2442.06,1,0
12.36,17,0,1,0,3669.61,0,1
24.92,22,0,0,0,3485.69,0,0
109.37,13,0,0,0,4392.54,0,0
81.02,8,0,1,0,516.97,0,0
8.39,12,0,0,0,1566.14,0,0
47.06,15,0,0,0,906.08,0,0
4.58,16,0,1,0,2856.92,0,0
34.71,0,1,0,0,3004.92,0,0
220.91,12,0,0,0,956.96,0,0
12.83,9,0,0,0,1925.91,0,0
14.38,18,0,0,0,2729.57,0,0
71.1,8,0,0,0,2982.34,0,0
7.08,15,0,0,0,506.78,0,0
17.59,9,0,1,0,4148.77,0,1
60.13,11,0,0,0,201.67,0,0
17.56,19,0,0,0,4379.59,0,0
26.15,9,0,0,0,1457.65,0,0
69.7,6,0,1,0,1457.74,0,0
50.48,5,1,0,0,2034.82,0,1
43.24,12,0,1,0,3142.56,0,0
23.59,14,0,0,0,760.23,0,0
47.95,10,0,0,0,1184.68,0,0
29.26,15,0,0,0,4329.0,0,0
52.34,5,1,0,0,3951.95,0,0
20.15,18,0,0,0,995.14,0,0
27.59,17,0,1,0,2599.9,0,0
12.31,21,0,1,0,956.03,1,0
31.98,19,0,0,1,2497.77,0,1
14.72,11,0,0,0,1677.69,0,0
10.87,11,0,1,0,1662.79,0,1
42.89,16,0,0,0,2876.06,0,0
40.97,7,0,0,0,1170.69,0,0
72.45,10,0,0,0,1848.96,0,0
21.52,7,0,0,0,4167.4,0,0
49.8,12,0,0,0,3411.37,0,0
57.44,13,0,0,0,1755.61,0,0
51.66,9,0,0,0,1074.67,0,0
14.5,2,1,1,0,2982.6,0,0
38.45,15,0,0,0,3644.22,0,0
47.66,2,1,0,0,3880.4,0,0
33.35,20,0,0,0,2561.05,2,0
4.11,9,0,1,0,2349.76,0,1
38.88,15,0,0,0,3252.41,0,0
302.64,12,0,0,0,832.16,0,0
23.1,5,1,0,0,3842.02,0,0
15.99,12,0,0,0,378.96,0,0
48.1,12,0,0,0,2733.43,0,0
45.26,18,0,0,0,2674.14,0,0
109.15,16,0,0,0,1432.63,0,0
9.41,6,0,1,0,207.81,1,0
68.81,8,0,0,0,3244.45,0,0
59.77,10,0,1,0,157.57,0,0
28.73,7,0,0,0,849.27,0,0
46.46,12,0,0,0,2471.85,3,0
92.71,21,0,1,0,4232.92,0,0
79.23,12,0,1,0,343.4,0,0
10.56,16,0,0,0,2625.6,0,0
75.2,15,0,0,0,1513.57,0,0
31.04,17,0,1,0,3028.91,0,0
35.62,9,0,0,0,4290.44,1,0
35.63,16,0,0,0,1245.23,0,0
28.5,18,0,0,0,4303.88,0,0
109.04,8,0,0,0,3924.29,0,0
30.46,10,0,0,0,2751.4,0,0
10.81,20,0,1,0,3424.15,0,1
22.34,17,0,0,0,3898.75,0,0
39.59,10,0,1,0,3625.44,1,0
113.21,13,0,0,0,1503.85,0,0
60.53,11,0,0,0,3666.09,2,0
14.15,12,0,0,0,1445.16,0,0
397.5,11,0,1,0,3908.5,0,0
43.15,9,0,0,0,1186.82,0,0
118.56,15,0,0,0,2596.56,0,0
28.45,16,0,1,0,3133.51,0,0
56.45,18,0,1,1,1944.77,2,1
76.67,8,0,0,0,3534.23,0,0
111.97,17,0,1,0,4167.83,0,1
95.33,9,0,1,0,878.83,2,1
79.22,11,0,0,1,198.82,0,0
24.17,18,0,0,0,2838.0,0,0
18.69,12,0,0,0,2729.73,0,0
46.18,8,0,0,0,1568.8,0,0
84.19,8,0,1,0,3545.31,0,0
26.5,12,0,0,0,3726.33,2,0
96.08,16,0,1,0,1527.34,1,0
141.54,22,0,1,0,3086.11,0,0
13.25,17,0,0,0,2907.01,2,0
14.34,18,0,1,0,1574.77,0,1
28.78,16,0,1,0,4362.71,0,1
45.04,18,0,0,0,1591.49,0,0
19.6,6,0,1,0,2810.26,0,0
128.02,19,0,1,0,1741.56,0,0
50.61,11,0,0,0,102.66,0,0
34.45,19,0,1,0,457.79,0,0
7.88,6,0,0,1,1083.81,1,0
8.88,15,0,0,0,3664.15,1,0
43.86,16,0,1,0,2017.19,0,0
3.93,22,0,1,0,2669.38,0,0
91.16,16,0,1,0,4250.16,0,1
28.27,11,0,0,0,704.26,0,0
848.18,13,0,0,0,3885.1,0,1
332.92,11,0,0,0,1737.6,0,1
27.62,8,0,0,0,1551.79,1,0
29.77,9,0,0,0,2833.6,0,0
89.62,9,0,1,0,4048.94,0,0
181.85,13,0,0,1,1600.98,2,1
6.44,18,0,0,0,3438.27,0,0
5.55,18,0,0,0,135.63,0,0
17.78,5,1,0,0,2822.8,0,0
59.31,6,0,0,0,2855.99,0,0
54.43,9,0,0,0,2524.47,0,0
96.52,9,0,0,0,4223.31,0,0
9.98,6,0,0,0,4226.73,0,0
3.27,11,0,0,0,1572.17,0,0
78.1,13,0,0,0,2080.82,0,0
14.47,13,0,0,0,3576.07,0,0
4.4,13,0,0,1,3805.41,0,0
38.29,10,0,1,0,1909.96,0,0
73.2,15,0,0,0,1603.17,0,0
29.31,17,0,1,0,3701.74,0,0
20.95,10,0,1,0,1727.07,0,0
28.24,6,0,0,0,1853.28,0,0
22.86,10,0,0,0,653.11,0,0
8.6,7,0,1,0,2466.12,0,0
16.2,12,0,0,0,1502.69,0,0
55.77,8,0,0,0,2678.2,2,0
45.68,12,0,0,0,2044.53,0,0
39.18,9,0,0,0,3379.21,0,0
12.24,16,0,1,0,1286.09,0,0
27.62,2,1,1,0,815.4,0,1
3.75,13,0,0,0,3178.17,0,0
39.59,8,0,0,0,1759.37,0,0
138.22,0,1,0,0,2558.04,3,1
7.58,18,0,1,0,4237.76,0,0
18.43,15,0,0,0,2204.22,0,0
46.02,6,0,1,0,728.14,0,0
115.91,15,0,0,0,1948.83,0,0
21.15,14,0,1,0,2179.46,0,1
16.57,12,0,0,0,3458.6,0,0
4.62,11,0,1,0,918.59,0,0
36.72,18,0,0,0,1593.71,1,0
255.21,9,0,1,0,272.63,0,1
43.7,11,0,0,0,3173.8,0,0
32.39,10,0,0,0,3360.5,0,0
45.7,16,0,0,0,2084.5,1,0
32.75,18,0,0,0,2445.3,0,0
14.69,17,0,0,0,3386.67,0,0
75.44,17,0,0,0,1243.94,0,0
41.5,21,0,0,0,2751.0,0,0
33.7,15,0,0,0,4339.44,2,1
12.49,16,0,0,0,2977.96,0,0
121.94,21,0,0,0,397.59,0,0
64.37,0,1,0,0,1341.66,0,0
19.05,14,0,0,0,2360.11,0,0
90.18,16,0,0,0,373.38,0,0
20.13,18,0,0,0,3060.74,0,0
15.15,18,0,1,0,2961.24,0,0
15.49,17,0,0,0,3949.64,2,1
5.63,19,0,0,0,2274.97,1,0
53.07,13,0,0,0,3130.02,0,0
5.31,0,1,1,0,859.98,0,1
9.69,1,1,0,0,62.77,0,0
4.16,13,0,1,0,816.53,1,0
30.38,12,0,0,0,326.85,0,0
28.49,12,0,0,0,1953.35,0,0
23.89,11,0,0,0,2133.95,1,0
11.67,18,0,0,1,2917.9,0,0
10.26,11,0,0,0,676.43,0,0
52.69,18,0,0,0,1005.49,0,0
19.1,18,0,1,0,3602.55,0,0
45.44,12,0,0,0,2615.53,0,0
13.66,12,0,0,0,180.67,0,0
39.69,16,0,1,0,3825.4,0,0
121.91,15,0,1,0,2852.63,1,0
59.51,10,0,0,0,880.54,0,0
21.92,7,0,1,0,1171.69,0,0
42.83,9,0,0,0,2513.29,0,0
26.03,7,0,0,0,2545.57,1,0
33.38,10,0,0,0,3633.09,0,0
23.91,9,0,0,0,1645.69,0,0
28.1,14,0,0,0,2494.4,1,0
40.94,19,0,0,0,2642.29,0,0
12.26,15,0,0,0,2536.11,0,0
11.99,19,0,0,0,374.43,0,0
8.26,17,0,1,0,1880.08,0,1
6.68,16,0,0,0,1558.03,0,0
9.8,11,0,0,0,4467.86,0,0
38.84,10,0,1,0,2122.31,0,0
13.56,17,0,1,1,1986.76,0,1
55.35,18,0,1,0,2202.41,0,0
34.29,12,0,0,0,4140.81,0,0
4.63,0,1,0,0,2770.97,0,0
63.75,17,0,0,0,1781.69,0,0
74.5,10,0,0,0,4110.97,0,0
12.26,0,1,0,0,4187.8,0,0
50.41,17,0,0,0,1226.19,0,0
14.06,12,0,1,0,1800.61,0,1
36.51,15,0,0,0,4350.74,0,0
9.35,18,0,0,0,2457.67,0,0
5.51,13,0,0,0,1971.27,1,0
22.58,12,0,1,0,919.55,0,1
29.26,10,0,0,0,1760.75,0,0
22.25,10,0,0,0,2858.99,1,0
10.13,17,0,1,0,222.22,0,0
22.2,12,0,1,0,420.71,0,0
43.35,8,0,1,0,73.93,0,0
31.66,6,0,1,0,1024.23,0,0
39.75,12,0,0,0,864.32,1,0
16.94,12,0,1,0,3836.09,0,1
106.88,14,0,0,1,874.31,0,0
10.21,12,0,0,0,2992.26,0,0
53.92,7,0,0,0,576.7,0,0
107.97,12,0,0,0,2691.34,2,0
53.57,18,0,0,0,1988.51,1,0
27.04,8,0,0,0,1868.57,0,0
19.53,15,0,0,0,3861.7,0,0
93.32,13,0,0,0,796.35,0,0
7.98,16,0,0,0,2698.72,0,0
12.55,8,0,0,0,3707.3,0,0
22.25,19,0,0,0,3226.84,0,0
114.17,14,0,0,0,4425.89,0,0
48.41,17,0,0,0,59.37,0,0
12.58,9,0,0,0,3985.4,0,0
24.28,16,0,0,0,2779.86,0,0
17.92,17,0,1,0,61.06,0,0
16.28,11,0,0,0,2121.45,0,0
88.14,11,0,0,0,3465.1,0,0
8.4,14,0,0,0,862.33,0,0
165.47,6,0,1,0,3069.22,0,0
75.81,16,0,0,0,671.52,0,0
98.58,4,1,0,1,3625.36,0,1
20.84,8,0,1,0,2579.66,0,1
28.5,15,0,0,0,200.8,0,0
7.9,6,0,0,0,454.4,0,0
19.6,20,0,0,0,3894.2,1,0
54.25,18,0,1,0,196.86,0,0
121.03,14,0,1,0,1378.51,2,1
10.94,17,0,0,0,2572.76,0,0
22.98,18,0,0,0,999.81,0,0
28.47,9,0,0,0,1047.83,0,0
8.2,17,0,0,0,3503.35,0,0
59.82,8,0,0,1,1344.93,0,0
16.05,11,0,0,0,221.69,0,0
27.24,13,0,0,0,3258.99,0,0
21.07,15,0,1,1,4296.93,2,1
15.04,3,1,0,0,3752.11,1,0
32.88,10,0,0,0,2491.1,1,0
26.69,14,0,1,0,1940.73,0,1
22.83,11,0,0,0,4166.99,0,0
15.98,16,0,1,0,3459.7,0,0
45.58,14,0,0,0,2589.42,0,0
173.06,9,0,1,0,3965.21,0,1
38.09,7,0,1,0,2727.62,1,0
89.67,14,0,0,0,4382.1,0,0
8.25,12,0,0,0,3869.39,0,0
38.77,8,0,0,0,2499.48,1,0
11.05,10,0,0,0,4156.62,0,0
7.56,10,0,0,0,1573.85,1,0
15.81,7,0,0,0,3169.13,0,0
109.06,13,0,1,0,812.18,0,0
85.63,16,0,1,0,4034.37,0,0
42.22,13,0,1,0,1153.82,0,0
7.15,17,0,0,0,4273.19,0,0
27.21,7,0,0,0,125.61,0,0
44.78,12,0,1,0,3084.17,0,0
39.47,14,0,0,0,717.75,1,0
5.24,15,0,0,0,3480.11,0,0
13.59,15,0,0,0,2238.98,0,0
31.06,16,0,0,0,4097.94,0,0
56.62,14,0,0,0,3232.06,0,0
3.68,6,0,0,0,3468.78,2,0
28.16,15,0,0,0,586.13,0,0
38.21,16,0,0,0,479.7,0,0
77.45,22,0,1,0,3834.98,0,0
66.21,15,0,0,0,1054.69,0,0
59.3,15,0,0,0,3907.89,3,0
14.88,12,0,0,0,684.29,0,1
4.91,18,0,0,0,1422.61,0,0
22.35,22,0,0,0,4182.89,2,0
90.16,16,0,0,0,3786.74,0,0
133.41,14,0,0,0,291.38,0,0
67.39,6,0,0,0,2044.03,0,0
50.87,16,0,0,0,4098.91,0,0
48.41,15,0,1,0,115.67,0,0
18.99,16,0,0,0,527.57,0,0
29.08,7,0,0,0,2921.12,0,0
175.75,14,0,1,0,517.18,1,0
12.9,10,0,0,1,2047.33,0,0
166.46,16,0,0,0,2309.81,0,0
24.0,9,0,0,0,3878.13,0,0
124.64,15,0,0,0,4310.39,0,0
8.11,10,0,0,0,2329.43,0,0
59.5,0,1,0,0,2321.1,0,1
15.85,14,0,0,0,3284.24,0,0
8.04,7,0,1,1,906.65,0,0
41.2,14,0,0,0,4236.82,0,0
90.87,19,0,0,0,55.34,0,0
14.23,20,0,0,0,57.98,0,0
7.4,9,0,0,0,2834.22,0,0
30.21,17,0,0,0,1569.61,0,0
30.34,11,0,1,0,1821.61,0,1
57.3,18,0,0,0,1035.4,0,0
85.59,17,0,1,0,1864.72,0,0
31.21,6,0,0,0,3734.52,1,0
211.77,11,0,0,0,3161.66,0,0
41.44,10,0,0,0,471.21,0,0
23.42,17,0,0,0,302.23,1,0
6.61,11,0,0,0,2302.56,0,0
25.47,15,0,0,1,3299.22,0,0
23.66,14,0,0,0,3006.98,0,0
86.51,20,0,0,0,3895.31,0,0
52.59,19,0,1,0,643.03,0,0
10.18,11,0,0,0,2745.6,0,0
39.34,16,0,0,0,3458.76,0,0
64.81,17,0,0,0,4223.39,0,0
152.63,18,0,0,0,498.93,0,0
80.44,5,1,1,0,1116.41,0,0
70.87,10,0,0,0,1627.93,0,0
35.17,10,0,1,0,2456.34,0,0
48.83,12,0,1,0,1868.32,2,0
115.53,8,0,0,0,3881.97,0,0
8.73,12,0,0,0,4279.84,0,0
23.35,15,0,1,0,361.85,0,0
15.29,12,0,1,0,3163.58,0,1
48.38,15,0,0,0,558.52,0,0
113.32,5,1,1,0,4045.9,0,0
18.23,18,0,1,0,682.34,0,0
3.03,19,0,0,0,4462.22,0,0
21.93,14,0,1,0,1953.49,0,0
82.56,18,0,0,0,1749.62,2,0
56.69,7,0,0,0,2658.95,0,0
50.81,17,0,0,0,1804.89,0,0
25.03,7,0,0,0,1094.39,0,0
9.22,11,0,1,1,2849.69,0,0
55.44,10,0,0,0,3291.22,0,0
14.38,13,0,0,0,4256.68,0,0
294.15,10,0,1,0,1870.58,0,0
58.59,14,0,0,0,3190.69,0,0
18.53,11,0,0,0,3759.54,0,0
17.97,18,0,0,0,3749.66,0,0
30.18,14,0,0,0,202.5,0,0
26.06,9,0,1,0,1632.88,0,0
101.17,10,0,0,0,109.71,2,0
39.9,17,0,0,0,2537.91,0,0
15.93,11,0,0,0,3899.65,0,0
219.3,13,0,0,0,3676.39,3,0
34.79,14,0,0,0,3660.06,0,0
71.44,10,0,0,0,1615.67,0,0
18.03,10,0,0,0,256.17,0,0
47.61,12,0,0,0,817.26,0,0
45.2,9,0,0,0,3034.58,0,0
5.0,10,0,0,0,645.6,0,0
248.46,5,1,0,0,607.71,0,0
120.38,10,0,1,0,1623.85,0,1
22.26,10,0,0,0,470.68,0,0
11.0,20,0,0,0,1517.54,0,0
46.88,13,0,1,0,4365.13,0,0
36.11,17,0,1,0,138.78,0,0
47.26,4,1,0,0,3745.92,0,1
40.11,7,0,0,0,4471.62,0,0
54.94,17,0,0,0,1992.0,3,0
140.8,14,0,1,0,4246.6,0,0
58.45,8,0,0,0,1212.09,0,0
11.59,11,0,1,0,4421.22,0,0
129.36,13,0,0,0,3883.9,1,0
170.82,17,0,0,0,3986.9,0,0
774.38,5,1,1,0,630.27,0,1
10.77,13,0,1,0,3921.78,0,0
42.22,15,0,1,0,4241.11,0,0
4.13,20,0,1,0,3694.76,0,0
57.58,17,0,1,0,456.57,0,0
19.14,9,0,0,0,427.26,0,0
226.66,15,0,0,0,1641.35,2,0
15.26,16,0,0,0,3186.92,0,0
6.12,16,0,0,0,105.42,0,0
20.67,17,0,0,0,4280.37,1,0
4.59,18,0,0,0,2388.25,0,0
70.18,6,0,0,0,1644.76,0,0
4.2,7,0,0,0,2547.47,0,0
34.07,17,0,1,0,3235.25,0,0
4.15,9,0,0,0,1266.09,1,0
24.04,5,1,0,0,1345.5,0,0
171.29,11,0,0,0,2133.39,0,0
47.5,17,0,0,0,3031.19,0,0
13.96,7,0,0,0,3193.35,0,0
32.1,15,0,0,0,1492.05,0,0
33.72,0,1,0,0,1485.09,2,1
53.12,7,0,1,0,2217.63,0,1
8.44,11,0,1,0,2461.55,0,0
59.89,6,0,0,0,2939.89,0,0
2.22,17,0,0,0,2798.81,2,0
17.64,18,0,0,0,1707.7,0,0
20.32,16,0,1,0,1371.15,0,0
62.39,9,0,0,0,1420.25,0,0
33.87,13,0,0,0,2922.03,0,0
8.12,8,0,0,0,1977.51,0,0
12.37,10,0,0,0,647.85,0,0
40.39,12,0,0,0,76.36,2,0
30.6,16,0,0,1,182.06,0,0
18.56,6,0,1,0,3910.45,0,0
20.47,10,0,0,0,2087.33,0,0
66.43,19,0,0,0,2975.55,0,0
19.73,11,0,1,0,4184.22,0,0
30.32,19,0,1,0,611.95,0,0
290.02,22,0,0,0,2041.89,0,0
7.98,13,0,0,0,2448.85,0,0
5.2,10,0,0,0,3794.83,3,0
72.5,17,0,0,0,4472.05,0,0
16.8,8,0,0,0,3216.97,2,0
24.09,9,0,1,0,2906.16,1,0
15.16,17,0,0,0,4145.39,0,0
25.54,12,0,0,0,3776.35,0,0
163.78,8,0,0,0,3899.45,0,0
73.86,14,0,0,0,62.04,0,0
78.43,16,0,0,0,2339.22,0,0
8.03,7,0,0,0,3533.14,1,0
10.47,9,0,0,0,857.48,0,0
1.94,9,0,0,1,3393.96,0,0
14.74,11,0,0,0,90.76,1,0
86.2,16,0,0,0,2609.49,0,0
55.53,15,0,0,0,3838.41,0,0
26.54,15,0,0,0,1969.5,0,0
32.39,0,1,0,0,3340.56,0,1
16.63,7,0,1,0,2410.27,0,0
40.64,9,0,1,0,2930.44,0,0
71.23,9,0,1,0,2349.17,0,0
6.58,7,0,0,0,2167.47,0,0
44.69,11,0,0,0,3795.24,0,0
84.14,6,0,0,0,462.71,1,0
21.87,16,0,1,0,2651.7,0,0
66.73,17,0,1,1,560.91,0,0
552.61,13,0,1,0,2554.5,0,0
29.83,6,0,0,0,4338.0,0,0
49.07,18,0,1,1,304.09,0,0
15.83,20,0,1,0,1927.93,0,1
39.7,8,0,0,1,3618.77,0,0
52.47,15,0,0,0,1695.13,0,0
40.24,17,0,0,1,2365.4,0,0
11.94,13,0,0,0,560.45,0,0
40.71,10,0,0,0,1042.68,0,0
142.91,12,0,1,0,3104.59,0,1
51.86,12,0,1,0,3737.21,0,1
86.66,11,0,1,0,2926.73,2,0
26.13,19,0,0,0,3774.3,1,0
70.1,16,0,0,0,2745.18,0,0
43.78,9,0,0,0,3655.43,0,0
12.8,13,0,0,0,4423.85,0,0
45.54,15,0,0,0,418.57,0,0
12.28,7,0,1,0,2184.44,1,0
17.59,11,0,0,0,895.02,0,0
40.02,18,0,0,0,2120.27,0,0
44.58,13,0,0,0,2273.16,0,0
10.08,9,0,1,0,2817.55,0,1
95.01,7,0,0,0,2004.88,1,0
58.67,12,0,0,1,1494.97,0,0
16.37,13,0,1,1,242.1,0,1
7.12,10,0,0,0,204.83,0,0
28.65,14,0,0,0,828.79,2,1
21.2,5,1,0,0,2047.99,0,0
37.08,7,0,0,0,1907.95,0,0
23.03,13,0,0,0,898.59,0,0
4.45,5,1,1,0,3709.41,0,1
22.46,18,0,0,0,3091.54,0,0
24.4,7,0,0,0,1577.08,0,0
62.41,15,0,0,0,3596.51,3,0
16.47,11,0,0,0,4452.14,0,0
177.45,11,0,0,0,1140.44,0,0
4.9,16,0,0,0,1663.53,0,0
122.87,12,0,0,0,4468.4,0,0
26.46,16,0,0,0,663.58,0,0
78.22,12,0,0,0,393.49,0,0
35.87,13,0,0,0,2368.41,0,0
103.5,16,0,0,0,2134.51,0,0
22.48,14,0,0,1,398.38,0,1
11.04,14,0,1,0,1340.66,0,0
137.07,17,0,0,0,1914.27,0,0
29.56,19,0,1,0,3708.83,0,0
41.33,11,0,0,0,3199.9,0,0
113.84,13,0,1,0,4119.64,0,0
11.8,6,0,0,0,1529.62,0,0
60.07,11,0,1,0,1426.73,0,1
18.36,11,0,0,0,2111.16,0,0
29.02,17,0,1,1,83.5,0,0
35.6,12,0,1,0,972.57,0,0
7.39,16,0,0,0,991.05,0,0
15.2,1,1,1,0,321.85,0,1
127.88,12,0,0,0,2075.33,0,0
80.33,18,0,0,0,4079.56,0,0
31.1,9,0,0,0,67.94,0,0
42.23,3,1,0,0,2846.45,0,1
24.67,12,0,0,0,3963.03,0,0
128.58,15,0,1,1,528.47,0,0
27.1,12,0,1,0,4131.8,0,0
41.76,12,0,1,0,3692.42,0,0
104.17,15,0,0,0,1004.84,0,0
15.22,9,0,0,0,4078.78,0,0
157.4,16,0,0,0,3627.87,0,0
7.17,8,0,0,0,545.68,0,0
168.96,11,0,0,1,3746.17,0,1
22.81,14,0,0,0,2462.71,0,0
25.98,17,0,1,0,3681.02,0,1
5.0,17,0,0,0,2798.61,0,0
21.01,16,0,0,0,1793.76,0,0
11.71,11,0,0,0,2725.08,0,0
18.04,7,0,0,0,2881.0,0,0
28.87,9,0,0,0,3459.62,1,0
86.3,18,0,0,0,3746.53,0,0
40.76,18,0,0,0,3001.29,0,0
45.05,19,0,1,0,4453.93,0,1
11.07,6,0,0,0,3514.55,0,0
13.73,13,0,1,0,4102.9,0,0
200.08,14,0,0,0,1471.75,0,0
15.88,15,0,0,0,1457.21,0,0
173.51,14,0,1,0,1662.39,0,1
25.97,16,0,0,0,2006.74,1,0
33.19,11,0,0,0,4328.23,0,0
96.58,8,0,0,1,377.21,0,0
118.14,8,0,1,0,2268.07,0,0
29.64,1,1,0,0,767.16,0,1
22.46,11,0,0,0,3658.48,0,0
31.31,6,0,0,1,188.59,0,0
46.43,10,0,0,0,2075.39,0,0
80.75,14,0,1,0,1806.6,0,0
33.26,18,0,1,0,460.21,0,0
61.49,17,0,0,1,1726.4,0,1
170.44,9,0,0,0,3650.19,0,0
48.49,7,0,1,1,661.76,1,1
45.23,8,0,0,0,4426.6,0,0
7.25,20,0,1,0,310.12,1,0
2.39,13,0,0,0,1336.51,0,0
48.83,8,0,0,0,3498.3,0,0
30.12,17,0,1,0,1640.97,0,0
19.79,11,0,0,0,2187.57,0,0
42.25,18,0,1,0,880.63,1,1
31.17,9,0,0,1,3233.96,0,0
102.29,11,0,0,0,848.96,0,0
36.09,12,0,1,0,3826.85,0,0
15.69,18,0,0,0,2450.77,0,0
89.14,18,0,1,0,2489.3,0,1
26.65,13,0,1,0,4204.13,0,1
56.07,9,0,1,0,3489.85,1,0
20.54,11,0,1,0,3356.97,0,0
17.29,20,0,0,0,3868.28,1,0
36.02,14,0,0,0,458.59,0,0
33.54,17,0,1,0,3280.9,1,0
53.51,12,0,0,0,1087.78,0,0
25.31,13,0,0,0,1300.21,1,0
5.28,11,0,0,0,117.4,0,0
21.48,15,0,0,0,4027.06,0,0
73.25,18,0,1,0,3339.05,2,0
24.6,12,0,0,0,669.83,1,0
25.88,12,0,0,0,1509.26,0,0
88.8,10,0,0,0,2185.7,0,0
16.25,8,0,1,0,2247.9,0,0
7.08,19,0,1,0,2700.66,0,0
28.2,10,0,0,0,2151.22,0,0
20.41,17,0,1,0,2936.47,0,0
12.6,15,0,0,0,3983.23,0,0
27.79,17,0,0,0,1821.42,0,0
54.14,19,0,1,0,3951.36,0,0
32.81,14,0,0,0,1027.27,0,0
45.01,18,0,0,0,590.15,0,0
203.04,8,0,0,0,1115.34,0,0
23.5,14,0,0,0,969.34,0,0
43.74,16,0,0,0,4433.6,0,0
19.9,9,0,0,0,1745.69,1,0
14.21,16,0,0,0,2949.06,0,0
18.45,16,0,0,0,3147.43,0,0
20.52,17,0,0,0,2031.18,0,0
47.44,10,0,0,0,1044.89,0,0
346.91,15,0,1,0,1999.54,0,0
16.18,10,0,0,0,2158.24,0,0
21.83,16,0,1,0,4295.33,2,1
31.09,12,0,0,0,2580.38,0,0
49.2,13,0,1,0,4365.93,0,0
43.1,11,0,0,0,2616.37,0,0
119.59,8,0,1,0,695.24,0,0
2.93,8,0,0,0,1760.48,0,0
3.04,6,0,0,1,3575.79,0,0
20.17,14,0,0,0,1926.22,0,0
99.22,17,0,0,0,493.82,0,0
6.92,2,1,1,0,477.54,0,1
1.64,5,1,1,0,1104.94,0,1
58.63,12,0,0,0,2563.23,0,0
42.25,16,0,1,0,3744.19,0,0
11.13,8,0,0,1,2425.02,0,0
12.36,9,0,1,0,3370.06,0,0
12.56,9,0,1,0,2922.89,0,0
36.99,11,0,0,0,2382.24,1,0
17.7,9,0,0,0,1005.9,1,0
54.28,11,0,0,0,3980.1,0,0
1.91,16,0,0,0,1276.93,0,0
14.06,14,0,1,0,1175.05,0,0
10.74,6,0,0,0,1197.2,0,0
25.63,14,0,1,0,475.8,0,0
19.34,12,0,0,0,2269.01,0,0
73.54,19,0,0,0,1507.51,0,0
5.16,10,0,0,0,2372.64,0,0
34.66,16,0,1,0,2066.36,0,0
57.88,16,0,0,0,2363.07,0,0
212.01,9,0,1,0,1374.56,0,0
20.46,18,0,0,0,3677.36,0,0
45.81,12,0,0,0,2427.16,0,0
5.45,15,0,0,0,977.53,0,0
3.03,7,0,1,0,4063.03,0,0
77.07,9,0,0,1,537.08,0,0
32.93,13,0,0,0,3313.78,0,0
107.61,10,0,0,0,3069.1,0,0
8.39,12,0,0,0,374.22,2,1
55.7,11,0,0,0,4061.71,1,0
214.61,14,0,1,1,1457.59,0,1
50.39,12,0,0,0,3346.98,0,0
43.67,0,1,1,0,1282.66,0,1
33.4,14,0,0,0,2389.33,0,0
6.88,11,0,0,0,4376.88,0,0
128.45,10,0,0,0,2767.96,0,0
17.98,6,0,0,0,1368.64,0,0
54.84,9,0,1,0,2089.78,0,1
6.94,9,0,1,0,3058.38,0,0
10.18,19,0,0,0,2031.09,0,0
139.09,12,0,1,0,4102.83,0,0
23.4,4,1,0,1,3910.2,1,1
141.64,7,0,1,0,703.31,0,0
30.62,6,0,0,0,3542.99,0,0
5.25,13,0,0,0,4243.75,0,0
80.81,8,0,0,0,1460.24,0,0
18.36,12,0,0,0,1110.08,0,0
66.6,11,0,1,0,92.67,0,0
33.96,17,0,0,0,564.68,0,0
7.08,10,0,0,0,4326.06,0,0
39.03,12,0,0,0,1790.49,0,0
297.74,16,0,0,0,1773.67,0,0
54.22,12,0,0,0,1236.72,0,0
31.26,17,0,0,0,780.06,0,0
97.06,15,0,0,0,2314.12,0,0
40.88,11,0,0,0,3268.19,0,0
40.83,12,0,0,0,2501.04,0,0
11.12,20,0,0,0,207.75,0,0
41.84,15,0,1,0,3625.44,0,0
93.26,18,0,1,0,4195.59,0,0
14.35,8,0,1,0,2009.68,1,0
137.62,12,0,1,0,1680.77,0,0
30.21,18,0,1,0,1072.85,0,0
13.63,10,0,0,0,1393.32,0,0
89.8,20,0,0,0,2917.79,0,0
24.86,6,0,1,0,3477.15,0,0
70.78,18,0,0,0,1528.36,0,0
24.74,12,0,0,0,1561.54,0,0
31.19,6,0,0,1,2057.4,0,0
54.25,18,0,1,0,807.4,0,0
44.3,9,0,1,0,4176.08,1,1
4.5,2,1,0,0,3189.28,0,0
10.79,7,0,1,0,1979.45,2,0
83.88,14,0,1,0,594.11,2,1
29.02,20,0,0,1,3827.27,0,0
19.61,7,0,1,0,2202.53,0,1
8.51,12,0,1,0,3596.13,0,0
11.25,8,0,0,0,198.6,0,0
4.39,16,0,0,0,1267.76,0,0
29.93,7,0,0,0,2818.32,0,0
18.2,9,0,0,1,2221.26,0,0
12.6,8,0,1,0,1363.07,0,1
30.93,13,0,0,0,945.03,0,0
47.65,18,0,0,0,1393.07,0,0
268.59,12,0,1,0,3353.41,0,0
7.3,5,1,1,1,867.5,0,1
105.57,13,0,0,0,2692.47,0,0
87.63,17,0,1,0,1935.38,0,0
15.19,7,0,0,0,3445.52,0,0
40.58,6,0,0,0,947.2,0,0
20.95,8,0,1,0,1251.9,1,0
39.87,16,0,1,0,1824.16,0,0
149.77,13,0,1,1,791.26,0,0
60.68,13,0,0,0,2102.32,0,0
55.07,9,0,0,0,1901.43,0,0
21.54,10,0,1,0,4455.88,0,0
7.51,20,0,0,0,2692.69,0,0
26.88,9,0,0,0,359.11,0,0
110.68,18,0,1,0,2096.74,2,0
7.19,13,0,0,0,3959.33,0,0
11.53,7,0,0,0,3907.12,0,0
37.57,12,0,0,0,4330.03,0,0
12.37,19,0,1,0,4029.33,0,0
14.99,11,0,1,0,834.53,1,1
21.68,18,0,0,0,65.89,0,0
8.45,9,0,0,0,2792.32,0,0
12.5,13,0,0,0,3175.88,0,0
66.92,17,0,1,0,633.89,0,0
8.96,19,0,0,1,792.42,2,1
6.7,12,0,1,0,4335.69,0,0
17.64,14,0,0,0,4250.06,0,0
68.85,0,1,0,0,748.52,0,0
27.2,9,0,1,0,1149.19,2,1
20.81,9,0,0,0,4019.91,0,0
34.62,6,0,1,0,1985.72,0,0
5.78,9,0,0,0,3601.42,0,0
54.31,10,0,0,0,1812.14,0,0
48.59,20,0,0,0,3326.9,0,0
21.99,15,0,0,0,1815.87,0,0
90.55,11,0,0,0,4051.35,0,0
10.72,21,0,1,0,1498.8,1,1
102.3,8,0,0,0,2377.88,0,0
38.65,12,0,1,0,2371.81,0,0
23.65,14,0,0,0,2937.48,0,0
32.46,5,1,0,0,1414.82,0,1
29.75,15,0,0,0,2909.84,0,0
112.2,6,0,1,0,677.61,0,0
11.28,7,0,0,1,4026.58,0,1
15.45,8,0,0,0,691.57,0,0
93.35,19,0,0,0,3789.31,0,0
18.26,15,0,0,0,3134.51,1,0
81.49,14,0,0,0,1567.75,0,0
181.17,13,0,0,0,1507.08,0,0
22.16,10,0,0,1,4348.9,0,1
65.45,14,0,0,0,917.68,2,0
10.45,11,0,1,0,3267.17,0,0
70.44,7,0,1,0,867.39,0,0
40.42,15,0,0,0,4079.02,0,0
53.15,7,0,0,0,3351.63,0,0
17.36,8,0,0,0,4200.54,0,0
6.29,17,0,1,0,3962.03,0,0
54.78,15,0,0,0,2495.27,1,0
4.21,14,0,0,0,727.42,0,0
24.11,11,0,1,0,1035.49,0,1
84.88,11,0,1,0,948.09,0,0
40.12,15,0,1,0,1031.85,1,0
232.37,16,0,1,0,2170.04,3,0
92.31,12,0,1,1,3911.68,0,0
17.22,20,0,1,0,152.86,0,0
34.03,19,0,0,0,1111.24,0,0
31.58,11,0,1,0,2705.77,0,0
6.81,17,0,1,0,3900.69,0,1
12.93,13,0,0,0,1373.79,0,0
18.9,12,0,0,0,1752.25,0,0
4.32,5,1,0,0,1711.74,0,0
34.73,13,0,1,0,1356.94,0,0
25.81,18,0,0,0,3159.49,0,0
6.22,17,0,0,0,2968.38,0,0
49.61,17,0,0,0,3802.57,0,0
67.75,8,0,1,0,4133.22,0,0
41.56,11,0,0,0,4057.12,0,0
23.95,9,0,0,1,2453.72,0,1
59.83,10,0,0,0,876.35,0,0
65.38,13,0,0,0,1038.62,0,0
45.03,11,0,0,0,2676.63,0,0
14.52,13,0,0,0,4136.87,0,0
43.67,12,0,0,0,2410.42,0,0
109.45,10,0,0,0,4213.99,0,0
18.24,6,0,0,0,1217.01,0,0
269.87,18,0,0,0,434.24,0,0
19.58,1,1,1,0,3593.49,0,0
34.21,0,1,0,0,3963.26,0,0
16.9,17,0,0,0,2043.96,0,0
41.4,22,0,0,0,505.88,0,0
5.8,16,0,0,0,238.36,0,0
19.18,1,1,0,0,328.38,2,1
11.11,9,0,0,0,2004.06,0,0
37.91,20,0,1,0,1094.93,0,0
89.52,17,0,0,1,2105.56,0,0
63.18,13,0,0,0,2223.78,0,0
3.09,9,0,1,0,2088.51,0,0
255.21,1,1,0,0,2808.65,0,0
44.49,2,1,1,0,3073.35,0,1
15.23,14,0,0,0,1811.96,0,0
38.75,2,1,0,1,1549.79,0,1
39.5,22,0,0,0,1689.39,0,0
17.0,8,0,0,0,362.31,0,0
40.36,15,0,1,0,1481.26,0,0
18.04,8,0,0,0,939.61,0,0
22.1,13,0,0,0,1344.24,0,0
16.67,6,0,0,0,3229.07,0,0
7.9,16,0,0,0,4449.0,0,0
38.31,13,0,1,0,4159.81,0,0
59.46,6,0,0,0,3706.23,0,0
55.42,17,0,1,0,3330.53,0,0
75.18,13,0,1,0,4254.97,0,1
45.8,19,0,0,0,3396.59,1,0
19.44,18,0,0,0,2145.75,0,0
76.68,19,0,0,0,2726.06,1,0
8.52,6,0,0,0,1410.74,1,0
13.45,7,0,0,1,64.72,0,1
12.63,21,0,1,0,1623.58,0,0
97.52,12,0,0,0,1851.49,0,0
85.01,9,0,0,0,3312.26,0,0
53.91,16,0,0,0,3873.53,0,0
96.73,9,0,0,0,4333.81,0,0
13.75,16,0,0,0,1615.47,1,0
46.93,17,0,0,0,4310.42,0,0
29.22,17,0,0,0,3607.27,0,0
77.24,9,0,0,0,187.26,0,0
29.51,11,0,0,0,2698.91,0,0
22.53,11,0,1,0,1677.11,0,0
56.88,12,0,0,0,201.35,0,0
79.53,8,0,1,1,2415.19,0,0
16.97,12,0,0,1,2652.44,0,0
31.15,12,0,1,0,1172.43,0,0
11.49,13,0,0,0,4232.46,0,0
2.72,17,0,1,0,2766.52,0,0
40.47,12,0,1,0,833.04,0,0
60.88,9,0,1,0,3259.59,0,0
43.04,15,0,1,0,2271.17,3,1
4.71,17,0,0,0,2155.89,0,0
23.32,10,0,0,0,3763.67,0,0
3.6,14,0,0,1,664.9,0,1
130.28,7,0,0,0,2234.89,1,0
11.18,10,0,0,0,3524.4,0,0
116.21,18,0,0,0,2988.73,0,0
85.27,18,0,0,0,74.09,0,0
13.46,13,0,0,0,3554.16,0,0
10.67,15,0,0,1,4253.79,1,1
47.01,18,0,0,0,3185.78,0,0
14.23,19,0,0,0,3947.76,0,0
36.69,12,0,0,0,1655.61,0,0
20.43,13,0,1,0,1610.18,0,0
5.58,11,0,1,0,1477.85,0,0
3.56,6,0,0,0,3320.61,1,0
41.54,11,0,0,0,4242.19,0,0
18.89,17,0,0,0,3990.03,0,0
19.05,17,0,0,1,718.45,0,0
66.41,18,0,0,0,2836.18,0,0
107.07,5,1,1,0,4482.01,0,1
25.22,13,0,1,0,1364.39,0,0
23.56,7,0,1,0,2874.79,0,0
54.61,8,0,0,0,4084.48,0,0
8.53,18,0,0,0,4052.99,2,0
41.39,12,0,0,0,1480.57,0,0
57.51,16,0,0,1,467.97,0,0
65.38,5,1,0,0,2924.74,0,0
4.77,11,0,0,0,4264.01,0,0
15.47,15,0,1,0,2310.53,0,1
13.76,7,0,1,0,2086.8,0,0
36.59,10,0,0,0,3894.57,2,1
53.56,5,1,1,0,1939.46,0,1
147.93,14,0,0,0,3080.13,0,0
20.19,20,0,0,0,1779.46,0,0
20.13,17,0,0,0,1728.26,0,0
104.55,20,0,0,0,885.74,1,0
44.55,17,0,0,0,443.61,0,0
117.64,18,0,0,0,3988.97,0,0
44.2,13,0,1,0,856.43,0,0
10.41,12,0,0,0,326.87,0,0
8.73,11,0,1,0,2641.27,0,0
7.02,17,0,0,0,2479.69,0,0
64.2,8,0,0,0,2576.52,0,0
108.7,5,1,0,1,2133.07,0,1
210.47,19,0,0,0,681.62,1,0
76.95,0,1,0,0,143.07,0,1
105.94,20,0,0,1,256.54,0,0
18.54,16,0,1,0,4247.0,1,0
10.42,10,0,0,0,2416.75,0,0
77.48,15,0,0,0,1828.76,0,0
50.28,17,0,0,0,1878.2,0,0
36.87,9,0,1,0,2952.27,0,0
48.78,16,0,0,0,1726.15,0,0
45.75,17,0,0,1,3594.24,0,0
119.56,9,0,0,0,1206.75,0,0
120.9,4,1,0,0,1684.3,1,1
57.07,8,0,1,0,4210.74,0,0
77.15,8,0,0,0,1208.26,0,0
55.37,5,1,1,1,2994.06,0,1
20.88,16,0,0,0,1672.32,0,0
70.57,11,0,0,0,2146.83,0,0
8.21,18,0,1,0,251.09,0,0
95.0,9,0,0,0,794.19,0,0
10.03,12,0,1,0,503.51,0,0
44.07,14,0,0,0,3808.98,1,0
14.22,18,0,0,0,4329.53,0,0
57.59,13,0,0,0,352.49,0,0
32.01,11,0,1,0,391.96,0,1
6.72,18,0,1,1,2507.15,0,0
50.44,10,0,0,1,2292.96,1,0
18.58,6,0,0,0,2945.05,0,0
79.93,12,0,0,0,3328.79,0,0
33.16,17,0,0,0,3597.63,0,0
49.18,3,1,0,0,713.42,0,0
12.71,13,0,0,1,218.37,0,1
18.37,13,0,1,0,4006.76,2,1
20.93,19,0,1,0,2139.46,0,0
78.0,10,0,1,0,4372.04,1,0
177.22,9,0,1,0,2420.82,0,0
14.8,12,0,0,0,2319.62,0,0
97.21,11,0,1,0,2822.26,0,0
3.78,16,0,0,0,807.14,0,0
10.03,14,0,1,0,1180.48,0,0
12.7,16,0,0,1,4080.84,2,1
8.56,17,0,0,0,994.86,0,0
6.8,19,0,1,0,1086.72,0,0
50.05,12,0,1,0,2319.43,0,0
26.73,21,0,1,1,2903.12,0,0
48.4,9,0,1,0,54.02,0,0
66.05,15,0,0,0,2082.68,0,0
43.19,13,0,1,0,1825.61,0,0
63.93,17,0,1,0,3902.01,0,0
30.89,12,0,1,0,3786.65,0,0
10.1,17,0,0,0,4081.36,0,0
95.37,19,0,0,0,3797.13,0,0
18.37,16,0,0,0,3550.87,0,0
12.99,16,0,0,0,3872.57,0,0
27.72,5,1,1,1,827.89,0,0
13.29,8,0,0,0,1566.78,1,0
21.81,20,0,0,0,3092.1,0,0
46.71,15,0,1,0,4157.93,0,0
46.92,13,0,0,0,3017.74,0,0
13.49,11,0,0,0,975.37,0,0
20.33,4,1,0,0,4253.76,0,1
96.96,11,0,0,0,3433.52,0,0
54.4,12,0,0,0,3238.62,0,0
263.77,9,0,1,0,3443.15,0,0
107.78,8,0,0,0,2983.19,1,0
103.99,12,0,0,1,148.4,0,1
8.27,13,0,0,0,1178.6,0,0
71.08,9,0,0,0,4306.74,1,0
31.4,13,0,0,0,1334.29,1,0
19.09,18,0,0,0,3483.74,0,0
39.17,12,0,1,0,1938.95,0,0
85.22,18,0,0,1,4088.5,0,0
54.64,19,0,0,0,2531.63,1,0
13.76,6,0,0,0,2861.89,0,0
69.58,6,0,0,0,1116.33,0,0
17.5,12,0,0,0,305.98,0,0
41.13,13,0,0,0,3416.68,0,0
24.45,11,0,1,0,351.01,0,0
26.61,10,0,0,0,3262.0,0,0
71.25,14,0,0,0,2521.94,1,0
11.7,0,1,1,0,3699.11,0,0
231.64,20,0,0,0,965.69,1,0
5.36,9,0,0,0,2459.81,0,0
18.22,18,0,0,0,2783.06,0,0
47.95,7,0,1,0,380.63,0,0
59.4,9,0,1,0,3338.29,0,0
29.95,9,0,0,0,1781.18,0,0
31.27,22,0,0,0,623.67,0,0
49.93,0,1,0,0,1772.44,0,0
26.28,14,0,0,0,487.44,0,0
133.38,18,0,0,0,4001.58,0,0
76.66,15,0,0,0,2082.58,0,0
79.27,11,0,1,0,664.22,0,0
12.6,19,0,0,0,1171.83,0,0
30.59,18,0,0,0,3274.69,0,0
24.52,12,0,1,0,3548.09,0,0
12.11,13,0,1,0,233.86,0,0
47.47,20,0,0,0,316.47,0,0
19.34,21,0,1,0,4131.47,0,0
63.78,12,0,0,0,1522.87,0,0
11.36,17,0,0,0,910.29,0,0
184.76,10,0,0,0,597.61,0,0
13.51,11,0,0,0,2168.01,0,0
41.24,8,0,0,1,3481.18,2,1
73.1,8,0,0,0,2368.97,0,0
18.72,14,0,0,0,142.0,0,0
77.67,12,0,0,0,2203.38,0,0
9.69,9,0,0,0,1436.87,0,0
141.47,11,0,0,0,3088.72,0,0
33.59,11,0,0,0,2379.61,1,0
18.24,21,0,0,0,4345.75,0,0
24.55,18,0,0,0,2711.83,0,0
74.36,11,0,1,0,2864.54,0,0
18.46,18,0,1,1,2365.03,0,1
15.65,10,0,0,0,1433.97,0,0
26.53,15,0,0,0,2856.18,0,0
10.21,20,0,0,0,1531.46,2,0
204.5,11,0,0,0,3242.2,0,0
18.8,15,0,0,0,1103.97,1,0
76.07,10,0,0,0,1686.09,0,0
40.83,9,0,0,0,2647.24,0,0
12.37,13,0,0,0,2846.79,1,0
32.92,20,0,0,0,3025.33,0,0
72.53,12,0,0,0,3166.41,1,0
27.43,19,0,1,0,1466.46,0,0
109.19,18,0,0,0,4021.97,2,1
91.97,9,0,0,0,183.2,0,0
83.01,11,0,0,0,888.51,0,0
20.91,14,0,0,0,362.13,0,0
11.25,12,0,0,0,3038.34,0,0
17.93,6,0,0,1,1267.81,1,0
40.3,22,0,0,0,936.23,0,0
57.16,16,0,1,0,2188.97,0,0
3.78,12,0,0,0,2804.76,1,0
32.85,14,0,0,0,2805.65,1,0
38.79,6,0,1,0,2530.66,1,0
25.09,12,0,0,0,4464.34,2,1
120.45,19,0,0,0,3877.96,0,0
50.49,18,0,0,0,1112.93,3,0
122.76,10,0,0,0,3426.29,0,0
26.68,13,0,0,0,2583.37,0,0
84.56,15,0,0,0,363.81,0,0
169.88,10,0,0,0,270.64,0,0
122.94,5,1,0,0,3608.3,0,1
11.11,12,0,0,0,2475.21,0,0
25.7,14,0,1,0,2592.4,0,0
23.45,0,1,1,0,1546.4,0,1
54.01,6,0,0,0,4190.05,0,0
65.78,8,0,1,1,3224.4,0,0
14.31,10,0,0,0,4178.59,0,0
35.44,13,0,1,0,491.74,0,0
4.39,10,0,0,0,2647.6,0,0
140.04,9,0,1,0,2887.0,2,0
19.84,18,0,1,0,610.67,1,0
35.02,7,0,0,0,1590.88,0,0
24.3,12,0,0,0,1005.88,0,0
104.17,19,0,1,0,4430.84,1,0
1.94,14,0,0,0,2468.2,0,0
32.57,15,0,0,0,1452.91,0,0
29.79,12,0,0,0,3007.01,0,0
21.04,1,1,0,0,2984.99,0,0
186.09,14,0,0,0,1595.62,0,0
13.64,14,0,0,0,4472.96,0,0
71.65,7,0,0,0,3649.88,1,0
47.29,12,0,1,0,1831.42,0,0
116.92,18,0,0,1,2987.26,0,0
16.99,8,0,0,0,3211.9,0,0
15.91,12,0,0,0,823.48,1,0
99.09,12,0,1,0,3957.81,1,1
50.67,17,0,0,0,3725.87,0,0
7.06,17,0,1,0,3412.75,0,0
19.31,16,0,0,0,1040.91,1,0
48.73,11,0,0,0,656.31,0,0
76.54,6,0,0,0,853.44,0,0
16.79,10,0,0,0,463.93,0,0
1.8,15,0,1,0,4234.29,0,0
55.88,15,0,0,1,3839.15,1,1
9.77,20,0,0,0,453.97,0,0
4.4,12,0,1,0,3066.97,0,0
1.95,14,0,0,1,1142.86,1,0
74.74,13,0,0,0,126.87,0,0
37.66,8,0,1,0,1351.15,0,0
26.43,12,0,0,0,2008.13,0,0
132.82,13,0,1,0,139.17,0,0
62.64,19,0,1,0,1490.55,0,0
166.72,11,0,0,1,3166.57,0,1
8.23,21,0,0,0,1066.51,0,0
31.99,13,0,0,0,2207.77,0,0
6.58,9,0,0,0,3999.74,0,0
26.33,8,0,1,0,176.34,0,0
25.83,7,0,0,0,3546.09,0,0
61.97,12,0,0,0,1758.32,0,0
34.66,2,1,0,0,2458.12,1,0
61.77,12,0,0,0,1077.38,0,0
66.92,21,0,0,0,2626.32,0,0
285.7,15,0,1,0,3301.61,0,0
24.16,16,0,0,0,946.84,1,0
12.92,7,0,1,0,1577.55,0,1
42.35,12,0,0,0,2574.84,0,0
14.85,10,0,0,0,1904.68,0,0
145.76,18,0,0,0,1354.53,0,0
24.95,8,0,1,0,2060.01,0,0
18.81,12,0,0,0,1344.18,0,0
20.67,13,0,1,0,1393.34,0,0
67.93,12,0,1,0,2767.32,0,1
28.28,17,0,1,0,2172.94,0,1
17.43,9,0,0,0,3062.97,0,0
175.1,11,0,0,0,3776.63,1,0
14.07,17,0,0,1,4246.2,1,0
34.31,13,0,0,0,723.51,0,0
63.58,11,0,1,0,2836.55,0,0
6.48,2,1,1,0,2641.68,2,1
53.53,16,0,1,0,3907.91,0,0
11.53,20,0,0,0,4036.71,0,0
75.4,14,0,0,0,3434.24,0,0
12.65,18,0,0,0,2699.81,0,0
66.21,12,0,0,0,936.72,0,0
100.07,9,0,1,0,1281.04,0,0
78.37,1,1,1,0,2732.31,0,1
42.58,14,0,0,0,670.08,0,0
26.28,12,0,0,0,868.64,0,0
18.61,17,0,0,0,4105.87,0,0
144.18,15,0,0,0,4305.59,0,0
16.45,21,0,0,0,73.29,0,0
11.74,12,0,0,0,3888.04,0,0
64.42,11,0,0,0,4224.16,0,0
14.94,10,0,1,0,2389.54,0,0
12.81,12,0,0,0,2047.61,0,0
7.82,18,0,1,0,4138.66,1,0
20.43,4,1,0,0,83.52,0,0
30.49,20,0,1,1,3790.16,0,0
42.23,22,0,1,0,1369.76,0,1
85.74,13,0,0,0,2903.17,0,0
56.09,10,0,0,0,1488.23,0,0
27.36,9,0,0,0,2377.1,0,0
27.16,9,0,0,0,3647.01,0,0
55.16,5,1,0,0,856.65,1,0
118.22,12,0,0,0,3004.44,0,0
37.57,5,1,1,0,4047.6,0,1
20.72,15,0,0,0,4059.68,2,0
12.27,11,0,0,0,4028.84,0,0
7.81,8,0,0,1,2357.16,0,0
64.47,13,0,1,0,3466.27,0,0
59.03,20,0,0,0,2038.52,0,0
58.99,15,0,0,0,2097.73,0,0
29.12,12,0,1,0,1313.15,1,0
135.22,16,0,0,0,1319.26,0,0
20.41,16,0,0,0,218.32,0,0
86.08,18,0,0,0,2415.05,0,0
31.86,8,0,0,0,1423.99,1,0
18.02,18,0,0,0,885.2,0,0
59.89,10,0,1,0,591.62,0,0
49.88,19,0,0,0,1594.14,0,0
47.32,10,0,0,1,4050.6,0,0
35.92,19,0,0,0,2347.99,0,0
31.88,20,0,0,0,2528.37,0,0
360.82,7,0,0,0,291.76,0,0
108.23,20,0,1,0,2363.32,0,1
68.23,6,0,1,0,3020.87,0,0
37.03,9,0,0,0,720.68,0,1
90.66,12,0,0,0,4426.81,1,0
55.59,22,0,0,0,4122.26,0,0
33.99,12,0,1,0,4469.31,0,0
24.45,13,0,0,1,1653.41,3,0
30.54,15,0,0,0,3709.23,0,0
1.39,20,0,1,0,1512.87,0,0
40.88,17,0,0,0,3383.63,0,0
20.32,9,0,0,0,4267.84,0,0
162.82,10,0,0,0,739.84,2,0
33.76,6,0,0,0,674.42,1,0
10.08,14,0,1,0,514.6,1,0
31.5,8,0,0,0,3602.66,0,0
11.63,9,0,0,0,3016.52,0,0
53.17,18,0,0,0,2374.3,0,0
44.3,10,0,1,0,3493.91,0,0
86.3,13,0,1,0,3832.16,0,0
15.02,11,0,0,0,4275.4,0,0
34.26,6,0,0,0,945.57,0,0
8.46,11,0,0,0,2015.46,0,0
66.79,11,0,0,0,4157.41,0,0
55.64,18,0,0,0,2102.89,0,0
54.37,10,0,0,0,2220.06,0,0
33.17,11,0,1,0,4243.88,0,0
50.14,17,0,0,0,3319.31,1,0
164.74,16,0,0,0,2506.61,0,0
24.9,17,0,1,0,1639.92,1,0
38.04,19,0,0,0,4123.31,0,0
11.18,17,0,0,0,89.78,0,0
13.9,11,0,0,1,1478.48,1,1
36.52,17,0,0,0,4260.03,0,0
99.88,12,0,1,0,2267.01,0,0
25.63,9,0,0,0,2826.15,0,0
26.16,10,0,0,0,2420.14,1,0
22.05,9,0,1,0,1818.26,0,0
19.4,7,0,0,0,3010.51,0,0
44.48,8,0,0,0,3460.81,0,0
7.41,5,1,0,0,1671.7,1,0
119.22,18,0,1,0,2677.82,0,0
17.02,19,0,0,0,418.27,0,0
68.16,13,0,0,0,2486.81,0,0
9.3,17,0,0,0,3377.49,0,0
64.64,8,0,1,0,2654.34,0,0
64.84,18,0,1,0,3959.09,0,0
48.63,12,0,0,0,1323.56,2,0
12.25,5,1,1,0,2238.31,0,0
42.5,7,0,1,0,439.29,0,0
10.14,10,0,0,0,3165.09,0,0
25.72,4,1,0,0,2020.87,0,0
92.7,10,0,0,0,2410.13,0,0
73.46,5,1,0,0,621.36,0,1
33.62,9,0,1,1,4488.22,0,1
12.49,9,0,0,0,3485.04,0,0
63.15,22,0,0,0,1832.8,0,0
33.76,9,0,0,0,2586.32,0,0
3.25,9,0,1,0,2803.29,0,0
72.43,15,0,0,0,4325.41,1,0
32.32,18,0,0,0,3469.33,0,0
110.22,11,0,1,0,1606.02,0,1
11.08,18,0,1,0,4400.79,0,0
1.38,10,0,1,0,1392.99,0,1
43.78,8,0,0,0,2617.41,0,0
44.33,10,0,0,0,3167.97,0,0
6.11,14,0,1,0,1256.51,0,0
12.45,11,0,0,0,4305.81,0,0
520.72,15,0,0,0,1011.69,0,0
24.4,9,0,0,0,2015.89,0,0
68.78,15,0,1,0,850.44,1,0
17.28,10,0,0,0,3943.69,0,0
4.09,12,0,0,0,1036.13,0,0
27.93,13,0,0,0,204.6,0,0
25.39,15,0,0,0,223.28,0,0
22.2,9,0,1,1,1891.2,0,1
29.53,17,0,0,1,2376.36,3,1
43.13,16,0,0,0,235.29,0,0
28.5,9,0,0,0,463.25,0,0
9.36,20,0,0,0,483.71,0,0
53.85,15,0,1,0,3024.83,0,0
4.71,12,0,1,0,1384.18,0,0
4.26,8,0,0,0,2553.45,0,0
69.35,13,0,0,0,377.95,0,0
54.98,8,0,0,0,4019.91,0,0
31.27,11,0,0,0,1404.73,0,0
8.2,11,0,0,0,3512.99,0,0
16.32,15,0,0,0,3728.83,1,0
25.46,8,0,1,0,4446.19,0,0
6.71,17,0,1,0,3347.62,0,0
15.82,10,0,0,0,2020.48,1,0
63.58,12,0,1,0,729.19,1,0
138.01,16,0,1,0,263.03,0,1
21.77,14,0,0,1,3993.86,0,0
70.56,10,0,1,0,2037.65,0,0
4.88,11,0,1,0,3387.34,0,1
64.04,10,0,0,0,2258.67,0,0
14.82,13,0,1,0,3964.51,0,0
45.03,10,0,0,0,3386.01,0,0
25.85,16,0,0,0,430.29,0,0
124.02,13,0,0,0,3397.05,0,0
13.81,7,0,1,0,1237.32,0,0
62.03,10,0,0,0,3490.1,0,0
25.04,9,0,0,1,4270.89,0,0
28.27,11,0,0,0,4189.09,1,0
27.55,12,0,0,1,606.25,0,0
14.22,12,0,0,0,293.29,0,0
32.65,16,0,0,0,3507.57,1,0
31.1,8,0,0,1,3209.33,0,0
42.15,19,0,1,0,833.97,0,0
36.04,10,0,0,0,3096.32,0,0
73.55,10,0,1,0,118.92,0,0
83.39,15,0,0,0,2858.67,2,0
11.58,17,0,0,0,3753.76,0,0
78.95,11,0,1,0,2906.18,0,0
10.11,16,0,0,0,341.01,0,0
59.61,18,0,1,0,4459.83,0,0
61.54,16,0,0,0,1634.61,0,0
4.9,3,1,0,0,1743.13,0,1
36.34,17,0,0,0,427.14,0,0
20.73,16,0,0,0,793.67,0,0
15.51,15,0,0,0,1256.73,0,0
127.85,16,0,0,0,3606.45,0,0
17.22,20,0,0,0,3128.28,0,0
14.79,12,0,0,0,2647.24,0,0
35.72,5,1,0,0,3894.32,0,0
65.73,12,0,0,0,4490.23,0,0
28.74,4,1,0,0,1762.25,2,1
106.31,10,0,0,0,1790.94,1,0
56.32,13,0,1,0,3325.6,1,0
3.75,10,0,0,1,2917.35,0,1
19.5,15,0,0,0,109.6,0,0
18.88,17,0,0,0,2966.65,0,0
53.48,11,0,0,0,3252.26,0,0
2.4,18,0,0,0,4437.42,0,0
423.69,6,0,0,0,2661.13,0,0
56.32,17,0,0,0,3095.66,0,0
38.43,17,0,0,0,3559.93,1,0
107.94,10,0,0,0,477.02,0,0
345.04,10,0,0,0,3319.2,0,0
79.1,10,0,0,0,2483.55,0,0
85.53,17,0,0,0,495.34,0,0
37.74,17,0,0,0,3030.97,0,0
28.75,10,0,0,0,1093.54,0,0
20.58,13,0,0,0,2443.65,1,0
14.5,7,0,0,0,1300.27,0,0
16.66,12,0,0,0,515.19,0,0
8.58,22,0,1,0,1166.35,0,0
30.7,8,0,0,0,2002.69,0,0
6.14,19,0,0,0,2248.87,1,0
40.08,17,0,0,1,710.74,0,0
31.93,20,0,0,0,1478.35,0,0
38.36,8,0,0,1,3874.29,1,1
19.65,9,0,0,0,4101.2,0,0
718.28,1,1,0,0,2431.56,0,1
129.04,16,0,0,0,2232.11,0,0
9.54,14,0,0,0,2637.27,0,0
41.8,8,0,0,0,1004.83,2,0
18.03,17,0,1,0,4471.39,0,0
12.01,10,0,1,0,3366.46,0,1
8.67,7,0,1,0,1112.42,0,0
51.02,11,0,0,1,1261.05,0,0
16.75,6,0,1,0,2935.44,0,0
87.17,9,0,1,0,1486.67,0,0
89.46,11,0,1,0,1631.16,0,1
130.83,18,0,0,0,3525.19,0,0
14.12,17,0,1,1,1237.83,0,0
53.27,12,0,0,0,3188.32,1,0
62.33,16,0,0,0,4210.24,1,0
20.61,13,0,0,0,602.4,0,0
15.31,10,0,1,0,692.06,1,0
165.59,16,0,0,0,4245.79,0,0
41.57,15,0,0,0,955.66,1,0
62.55,14,0,1,0,143.01,0,1
14.55,14,0,0,0,3914.86,2,0
9.78,15,0,1,0,1306.25,0,0
18.74,11,0,1,0,1377.68,0,1
29.25,18,0,0,0,1059.8,0,0
11.42,8,0,0,0,4133.62,0,0
32.79,18,0,0,0,3496.16,2,0
6.12,10,0,1,0,2705.73,0,0
10.8,7,0,1,0,2067.0,2,1
64.77,14,0,0,0,688.71,0,0
60.57,11,0,0,0,4170.64,0,0
22.38,17,0,0,0,3386.0,0,0
11.97,12,0,1,0,1291.03,0,0
11.85,15,0,0,0,4266.36,0,0
22.8,10,0,0,0,4211.6,0,0
63.09,8,0,1,0,2984.86,2,0
83.78,11,0,0,0,4433.27,0,0
20.16,14,0,0,0,883.25,1,0
10.45,14,0,1,0,3304.69,1,0
43.29,13,0,0,0,727.18,2,1
14.53,21,0,0,0,3128.03,0,0
19.72,15,0,0,0,4143.34,0,0
124.62,19,0,0,0,2435.63,0,0
75.73,7,0,0,0,3445.65,0,0
38.78,5,1,1,0,686.89,0,1
9.28,10,0,0,0,2867.72,0,0
40.91,7,0,0,0,331.2,0,0
95.84,13,0,0,0,214.2,0,0
22.75,12,0,0,0,2871.58,0,0
127.88,13,0,0,0,2599.0,0,0
120.63,16,0,0,0,1515.17,0,0
174.82,20,0,0,0,2332.54,0,0
44.94,18,0,0,1,3095.31,0,0
59.58,7,0,0,0,2919.04,0,0
136.21,10,0,1,0,377.66,0,1
51.8,9,0,0,0,3067.63,0,0
20.06,8,0,0,0,2984.92,0,0
21.15,13,0,0,0,3029.78,0,0
42.04,13,0,0,0,3820.72,0,0
9.11,9,0,0,0,2616.33,0,0
28.7,15,0,0,1,4223.66,0,0
99.14,16,0,0,0,4411.04,0,0
3.7,2,1,0,0,3395.71,0,0
153.62,11,0,0,1,1646.13,1,1
101.74,18,0,0,0,686.79,0,0
20.91,13,0,0,0,3699.62,0,0
57.02,10,0,1,0,702.51,0,0
33.22,9,0,0,0,700.45,1,0
113.29,9,0,0,0,4139.74,0,0
88.47,6,0,0,0,2541.43,0,0
8.17,17,0,0,0,1355.33,0,0
59.58,6,0,1,0,4335.28,0,0
26.96,10,0,1,0,3197.62,1,0
35.98,4,1,0,0,2430.06,0,1
15.99,17,0,0,0,1516.19,0,0
190.21,3,1,1,0,3060.94,0,1
93.7,10,0,1,0,3302.48,0,0
15.8,13,0,0,0,3218.89,2,0
8.72,11,0,0,0,919.25,0,0
22.52,10,0,0,1,3152.74,0,0
51.14,9,0,1,0,2637.44,0,1
42.11,17,0,1,0,3832.84,1,0
115.95,20,0,0,0,2830.22,0,0
72.96,10,0,0,0,700.93,0,0
87.32,3,1,1,0,1467.47,0,1
45.92,3,1,1,1,3359.99,0,0
8.25,16,0,0,0,3342.83,0,0
27.23,13,0,0,0,1041.08,0,0
95.59,17,0,0,0,1627.94,2,1
31.45,15,0,0,0,118.17,0,0
54.77,18,0,0,0,1526.09,0,0
24.08,18,0,0,0,167.21,2,0
11.82,17,0,1,0,3934.27,0,0
29.27,12,0,1,0,3016.58,0,0
45.11,10,0,0,0,4362.71,0,0
17.19,12,0,1,0,4019.06,0,0
26.16,12,0,0,0,2735.47,0,0
12.94,14,0,0,0,2288.03,0,0
101.42,8,0,1,0,3982.57,0,0
24.67,14,0,0,0,1377.95,0,0
141.56,12,0,1,0,1044.66,0,1
152.74,14,0,0,0,1874.59,1,0
30.54,9,0,0,0,286.73,0,0
12.08,12,0,0,0,1393.77,0,0
4.11,9,0,0,0,422.38,1,0
7.6,18,0,0,0,284.34,0,0
8.38,12,0,1,0,2503.46,0,0
131.43,9,0,0,0,3201.34,0,0
37.18,4,1,0,0,2438.2,0,0
48.89,15,0,0,1,364.07,0,0
3.6,9,0,1,0,1807.61,0,0
9.99,21,0,0,0,543.73,1,0
80.41,13,0,0,1,2942.78,0,0
44.11,10,0,1,0,3727.51,0,0
28.58,14,0,1,0,569.34,0,0
58.26,9,0,1,0,347.49,0,0
170.0,17,0,0,0,1856.49,0,1
26.55,10,0,0,0,1400.46,0,0
35.49,21,0,1,0,1210.07,1,0
40.15,14,0,1,0,990.71,0,0
362.17,17,0,1,0,1460.32,0,1
4.06,6,0,0,1,4345.92,0,0
65.58,10,0,1,0,3866.64,0,1
29.52,16,0,0,0,2726.04,0,0
58.37,14,0,0,1,3612.11,0,1
17.16,8,0,0,0,115.57,0,0
31.53,11,0,1,1,545.98,0,1
67.45,9,0,0,0,1351.45,0,0
744.65,14,0,0,1,2915.35,0,0
74.29,10,0,1,0,3981.19,0,0
14.18,10,0,0,0,1078.57,1,0
21.68,8,0,0,0,669.45,0,0
21.04,11,0,1,0,3823.24,0,0
5.5,8,0,1,0,1870.65,0,0
23.81,20,0,0,0,3162.81,0,0
68.91,8,0,1,0,2488.73,1,0
9.26,18,0,0,0,832.81,0,0
94.49,11,0,1,0,3167.56,0,0
53.93,11,0,1,1,1922.46,0,1
15.89,9,0,0,0,1330.48,0,0
28.75,14,0,1,0,4067.01,0,0
163.75,15,0,0,0,76.64,0,0
68.96,12,0,0,0,1851.67,0,0
33.41,5,1,1,0,1387.28,0,0
26.11,18,0,0,0,292.43,0,0
35.75,21,0,0,0,407.88,0,0
19.85,12,0,0,0,816.68,0,0
4.04,14,0,0,0,2297.25,0,0
255.23,12,0,1,0,1307.76,0,0
38.68,10,0,1,0,3778.47,0,0
49.31,6,0,0,0,1117.89,0,0
31.25,12,0,0,0,3254.98,1,0
15.88,17,0,0,1,986.18,0,0
27.5,1,1,0,0,239.36,0,0
6.69,13,0,0,0,1227.57,0,0
322.82,18,0,0,0,3777.18,0,1
9.64,9,0,0,1,416.02,0,0
11.8,8,0,0,0,1583.01,0,0
21.32,16,0,1,0,85.67,0,0
120.07,9,0,1,0,2854.59,0,1
33.6,8,0,1,1,4245.28,0,0
9.62,11,0,0,0,1760.43,0,0
116.09,11,0,1,0,2617.28,0,0
68.79,18,0,1,0,2062.67,2,1
56.74,14,0,1,0,4381.32,0,0
67.74,11,0,0,0,3325.19,1,0
362.99,13,0,0,0,246.79,0,0
294.45,19,0,0,1,533.82,0,0
16.66,7,0,0,0,2143.64,0,0
167.99,8,0,1,0,2861.27,0,0
48.58,20,0,0,0,1342.26,0,0
54.55,19,0,0,0,3052.17,0,0
6.1,8,0,0,0,2615.54,0,0
27.93,7,0,0,0,1986.16,0,0
14.69,11,0,1,0,2641.22,1,0
75.8,4,1,0,0,4128.26,0,1
96.65,14,0,0,0,1132.26,0,0
4.16,6,0,0,0,3570.89,0,0
32.39,5,1,0,0,103.21,0,1
101.68,12,0,1,0,427.35,0,0
27.48,19,0,1,0,4276.1,0,0
68.65,11,0,0,0,3154.89,0,0
47.05,11,0,1,0,2868.26,0,0
46.6,22,0,0,1,1536.55,0,1
25.25,13,0,0,0,870.3,0,0
9.81,11,0,1,0,1740.63,0,0
10.79,11,0,0,0,2712.84,0,0
67.31,8,0,0,0,2873.0,0,0
33.77,12,0,0,0,804.5,0,0
28.83,12,0,1,0,2032.48,0,0
21.67,9,0,1,1,2572.08,0,0
24.41,8,0,0,0,4321.83,0,0
94.34,10,0,0,0,2494.93,0,0
23.68,12,0,0,0,2633.67,0,0
8.66,5,1,1,0,3455.09,0,1
69.66,8,0,0,1,1914.16,0,1
26.98,19,0,1,0,1758.21,1,0
34.17,13,0,1,0,2679.55,0,0
165.27,5,1,0,0,3535.72,0,0
32.44,15,0,0,0,2887.24,0,0
44.22,5,1,0,0,878.28,2,1
10.19,16,0,0,0,1819.77,0,0
26.58,16,0,0,0,2331.06,2,0
60.92,14,0,0,0,2380.66,0,0
6.99,16,0,0,0,1561.2,0,0
40.48,6,0,0,0,2374.75,0,0
36.63,16,0,1,0,3044.74,1,1
34.51,7,0,1,0,2132.48,0,0
93.42,10,0,1,0,2058.5,0,0
46.27,19,0,0,0,3617.04,0,0
145.19,12,0,0,0,3417.93,0,0
12.26,20,0,0,0,1929.7,0,0
37.94,6,0,0,0,4482.26,0,0
36.03,12,0,0,0,345.8,0,0
11.37,5,1,0,1,1500.68,0,0
86.17,14,0,0,0,213.9,0,0
338.55,6,0,0,0,3785.64,0,1
32.56,8,0,0,0,3412.55,3,0
54.87,9,0,0,0,3092.36,0,0
36.04,16,0,0,1,1004.4,0,0
16.22,8,0,1,0,3199.35,0,1
5.36,17,0,0,0,1631.14,0,0
16.35,7,0,0,1,3915.13,0,0
8.23,3,1,0,0,937.78,0,1
182.02,11,0,0,0,1019.39,0,0
29.51,20,0,1,0,4324.61,0,0
23.43,7,0,0,1,2350.74,0,1
80.57,7,0,1,0,2036.42,0,0
10.79,16,0,0,0,1615.28,0,0
15.38,10,0,0,0,3748.9,1,0
35.45,15,0,1,1,1619.55,0,0
92.64,8,0,1,0,1634.9,0,1
54.69,12,0,0,0,598.84,0,0
42.45,9,0,1,0,2367.23,0,1
35.81,12,0,0,0,4160.69,0,0
49.41,16,0,0,1,4311.05,0,0
40.51,16,0,0,0,4480.04,0,0
11.82,12,0,1,0,2155.16,0,0
34.68,19,0,0,0,3498.52,0,0
11.32,9,0,1,0,2508.78,0,0
35.91,9,0,0,0,2488.41,0,0
20.48,14,0,0,0,3637.77,0,0
419.63,14,0,1,0,3767.34,0,1
31.82,4,1,0,0,138.08,0,1
8.13,14,0,0,0,4245.41,0,0
28.96,11,0,0,0,3712.28,0,0
55.67,16,0,1,0,3258.93,0,0
176.51,17,0,0,0,3841.54,0,0
18.37,13,0,0,0,2440.82,1,0
6.8,0,1,0,0,3491.02,0,0
74.95,14,0,1,0,2713.99,0,1
8.33,16,0,0,0,2466.04,0,0
21.41,9,0,1,0,991.65,0,1
25.59,12,0,1,0,3821.0,0,0
30.89,20,0,0,1,3983.23,1,1
65.97,10,0,0,0,4371.81,0,0
16.72,9,0,0,0,585.95,0,0
25.19,9,0,0,0,1347.51,0,0
32.65,13,0,0,0,3100.06,0,0
38.46,19,0,1,0,3855.77,1,0
36.52,14,0,0,0,3393.3,0,0
51.21,10,0,0,0,2077.38,0,0
77.0,14,0,0,0,3280.6,0,0
49.04,14,0,0,0,370.96,0,0
52.12,13,0,0,1,2998.3,0,0
6.81,8,0,1,0,85.66,2,0
34.82,14,0,0,0,261.59,0,0
53.49,12,0,0,0,3419.97,0,0
68.64,1,1,1,0,2175.44,0,0
16.57,13,0,0,0,315.0,0,0
17.13,21,0,1,0,2194.28,0,0
18.65,10,0,0,0,329.26,0,0
56.62,20,0,1,0,1589.84,0,0
93.12,6,0,0,0,750.31,2,0
22.03,16,0,0,0,1026.21,0,0
82.1,7,0,0,0,920.44,0,0
37.47,9,0,0,0,1704.37,1,0
29.25,13,0,1,0,530.19,0,0
26.81,13,0,0,0,2398.43,0,0
69.87,16,0,0,0,1861.6,0,0
45.86,14,0,0,0,3787.4,2,0
322.41,13,0,0,0,3725.37,1,0
14.12,18,0,0,0,3718.04,0,0
55.6,12,0,0,0,2139.89,1,0
19.51,9,0,0,1,1344.01,0,0
13.88,8,0,0,0,1898.54,0,0
32.76,11,0,1,0,3108.8,0,0
37.99,15,0,0,0,2407.55,0,0
612.88,4,1,0,0,2828.15,0,0
27.55,7,0,0,0,3137.04,0,0
10.7,7,0,1,0,4136.72,0,1
43.51,13,0,0,0,4250.69,0,0
4.16,9,0,0,0,3790.09,0,0
30.21,8,0,0,0,339.52,1,0
33.65,13,0,0,0,4408.04,0,0
73.3,16,0,0,0,3181.16,0,0
87.67,10,0,1,0,3135.6,0,0
20.01,13,0,0,0,152.82,0,0
28.49,6,0,0,0,2183.33,0,0
15.39,19,0,1,0,2837.92,0,0
10.72,10,0,0,0,1289.37,0,0
45.15,22,0,0,0,420.42,0,0
9.27,20,0,0,0,2419.38,0,0
21.88,16,0,1,0,2036.01,0,0
12.24,2,1,0,0,246.16,3,0
57.38,13,0,0,0,2361.41,0,0
200.62,6,0,0,0,529.34,0,0
9.01,18,0,0,0,1939.25,0,0
5.19,17,0,0,0,1253.34,0,0
29.23,20,0,1,0,4368.6,0,0
33.64,14,0,0,0,204.56,0,0
41.21,13,0,1,0,2542.1,0,0
21.19,12,0,0,0,726.05,0,0
27.1,11,0,1,0,1470.86,0,0
47.82,12,0,1,0,868.36,0,0
93.73,14,0,0,0,4478.4,0,0
4.69,19,0,0,0,194.01,0,0
22.9,13,0,1,0,2459.04,0,0
41.01,18,0,0,0,2755.79,0,0
13.22,18,0,0,0,3486.15,0,0
187.01,12,0,1,0,2835.63,3,0
17.54,10,0,0,0,1079.49,0,0
31.78,14,0,0,0,2711.27,0,0
57.74,12,0,1,0,4388.6,0,0
18.33,6,0,0,0,3825.61,0,0
5.22,11,0,0,0,2068.06,0,0
21.57,22,0,0,0,2174.47,0,0
92.71,4,1,0,0,641.44,0,0
23.64,15,0,1,0,2586.17,0,1
14.2,17,0,1,0,1297.08,0,0
83.57,14,0,0,0,531.11,0,0
23.79,13,0,1,0,2160.23,0,0
19.88,15,0,0,0,250.57,0,0
38.45,11,0,0,0,584.59,0,0
71.58,6,0,0,0,1024.75,0,0
358.42,20,0,0,0,4458.32,0,0
75.73,12,0,0,0,3647.74,1,0
105.62,15,0,0,0,2460.82,0,0
19.97,13,0,0,0,1084.92,0,0
11.87,5,1,0,1,2359.19,0,1
35.25,19,0,1,0,2938.04,0,0
36.86,17,0,1,0,70.31,2,1
11.26,7,0,1,0,4446.13,0,0
27.79,21,0,0,0,2839.18,0,0
49.37,16,0,0,0,4447.7,0,0
47.48,12,0,0,0,2137.34,1,0
54.83,14,0,0,0,2824.61,0,0
44.3,7,0,0,0,2103.5,0,0
19.95,13,0,0,0,92.2,0,0
19.81,6,0,0,0,3832.02,0,0
9.98,13,0,1,0,2048.06,0,0
197.31,13,0,0,0,2145.67,0,0
33.56,18,0,0,0,1651.84,0,0
26.45,16,0,0,0,1975.32,0,0
13.08,9,0,0,0,3278.7,0,0
623.69,18,0,0,0,3167.78,1,1
11.32,13,0,0,0,3647.29,0,0
21.57,14,0,1,0,4387.27,0,0
50.19,8,0,0,0,1790.69,0,0
60.35,18,0,0,0,1558.37,1,0
86.31,19,0,0,0,2246.19,0,0
201.87,16,0,0,0,737.03,0,0
54.94,19,0,0,1,3423.23,0,0
11.52,10,0,0,0,2636.06,0,0
25.61,18,0,0,0,990.47,0,0
45.05,12,0,1,0,3894.96,1,0
261.97,8,0,0,0,2804.83,0,0
8.18,15,0,0,0,201.47,0,0
110.23,15,0,0,0,924.5,0,0
39.64,10,0,0,0,4015.37,0,0
76.54,2,1,0,0,1745.65,1,1
29.9,8,0,0,0,4430.36,2,0
14.26,11,0,1,0,2407.4,1,0
70.17,8,0,0,1,975.22,0,0
63.72,8,0,0,0,2692.83,0,0
87.54,11,0,0,0,505.46,0,0
32.68,20,0,1,0,3643.44,0,0
18.18,16,0,0,1,2843.89,0,1
6.97,10,0,0,0,4339.56,1,0
75.14,19,0,0,0,3120.98,0,0
50.6,14,0,0,0,268.72,0,0
12.61,12,0,0,0,2170.11,0,0
19.33,12,0,0,0,2414.33,0,0
20.76,11,0,0,0,4129.65,0,0
7.52,9,0,1,0,1974.48,0,0
14.62,11,0,0,0,2691.14,0,0
10.66,13,0,0,0,877.5,1,0
21.92,13,0,0,0,1138.59,0,0
15.82,16,0,0,0,2491.21,0,0
6.51,11,0,0,1,3151.58,0,1
250.28,15,0,1,0,1987.8,0,0
115.88,13,0,0,1,1975.38,0,0
15.2,20,0,1,0,1189.17,0,0
43.49,11,0,0,0,3156.68,0,0
50.27,18,0,1,0,74.35,0,0
108.97,17,0,0,0,2331.82,1,0
14.61,14,0,0,0,65.86,0,0
98.7,14,0,0,0,2690.93,0,0
19.15,6,0,0,0,187.53,0,0
8.71,19,0,0,0,4233.3,2,0
68.32,7,0,0,0,2176.89,1,0
120.39,13,0,1,0,3093.9,0,0
440.5,10,0,1,0,3848.51,0,0
9.98,11,0,1,0,1097.63,0,0
66.61,14,0,0,0,2453.24,0,0
21.98,18,0,1,0,3892.35,0,0
72.48,12,0,0,0,2443.09,0,0
7.61,21,0,0,0,1797.84,0,0
9.37,13,0,0,0,1691.47,0,0
15.24,8,0,0,0,1759.28,0,0
35.84,8,0,0,0,2788.67,0,0
17.44,15,0,0,0,253.19,0,0
64.01,5,1,0,0,1898.45,0,1
92.47,12,0,1,0,2544.62,0,1
60.31,7,0,1,0,3549.39,0,1
167.13,12,0,0,0,2408.47,0,0
50.19,16,0,0,0,4171.47,0,0
9.81,12,0,1,0,2024.79,0,1
129.46,8,0,0,0,2946.03,0,0
18.08,9,0,1,0,128.24,0,0
82.3,11,0,1,0,1111.09,0,0
159.77,5,1,0,0,3678.79,1,1
52.28,13,0,0,0,2658.66,0,0
7.42,14,0,1,0,4260.47,0,0
13.22,5,1,1,0,3400.3,0,0
124.31,11,0,0,0,2051.0,0,0
27.96,11,0,0,0,3515.27,0,0
35.86,10,0,0,0,2131.65,0,0
70.73,13,0,0,0,1519.25,1,0
66.44,10,0,1,0,259.58,0,1
43.76,11,0,1,0,3902.02,0,0
26.88,17,0,0,0,1914.29,1,0
24.22,8,0,0,0,3099.01,0,0
78.09,14,0,1,0,731.11,1,0
57.6,12,0,0,0,3738.88,0,0
25.6,10,0,0,0,3717.69,0,0
97.72,16,0,0,0,2195.56,0,0
29.11,13,0,0,0,3041.04,0,0
14.13,12,0,1,0,2370.47,1,0
15.5,15,0,1,0,2507.58,0,0
12.44,17,0,0,0,4005.17,0,0
25.22,20,0,0,0,4352.78,0,0
113.72,14,0,0,0,1685.37,0,0
14.8,18,0,0,0,1526.21,0,0
39.98,0,1,1,0,1401.94,0,0
17.17,13,0,0,0,3479.88,0,0
25.53,9,0,1,0,3266.89,1,1
7.32,6,0,0,0,244.91,0,0
26.56,13,0,0,0,443.56,0,0
27.28,16,0,0,1,2925.61,0,0
56.84,11,0,0,0,1273.57,1,0
41.4,15,0,0,0,457.53,0,0
9.99,12,0,0,0,1890.8,0,0
97.92,12,0,0,0,3954.8,0,0
40.87,10,0,1,0,1680.09,0,1
40.38,11,0,0,0,3145.55,0,0
32.81,10,0,0,0,4057.56,0,0
19.73,14,0,0,0,803.44,0,0
41.17,7,0,0,0,2763.17,0,0
53.28,6,0,0,0,4089.08,0,0
5.77,15,0,0,0,910.69,2,0
19.32,13,0,0,0,4449.77,2,0
25.66,12,0,0,0,1674.62,1,0
42.78,8,0,0,0,1017.99,0,0
109.21,11,0,0,0,3778.3,1,0
15.31,17,0,1,0,2132.19,0,0
20.13,18,0,1,0,3034.52,0,0
19.84,15,0,1,0,2228.75,0,0
14.86,5,1,0,0,2913.7,0,0
23.4,15,0,1,0,207.39,0,1
71.58,9,0,1,0,1608.3,0,0
11.54,10,0,1,0,2975.04,0,0
50.8,8,0,0,0,1610.97,0,0
6.04,16,0,0,0,3502.11,1,0
18.89,14,0,1,0,4325.94,0,0
23.82,14,0,1,0,216.48,0,0
176.77,15,0,0,0,3856.17,0,0
25.16,9,0,0,0,802.33,0,0
3.66,12,0,0,1,4132.15,0,1
4.49,14,0,0,0,4263.23,0,0
34.26,14,0,1,0,2582.85,0,0
61.18,17,0,0,0,2181.6,0,0
48.2,10,0,0,1,3425.32,0,0
39.16,16,0,1,0,4135.2,0,1
105.88,12,0,0,0,1084.39,0,0
19.31,15,0,0,0,1751.86,0,0
81.04,12,0,1,0,1908.04,0,1
6.48,19,0,0,0,3813.9,0,0
13.4,8,0,0,0,659.28,0,0
5.44,15,0,1,0,2822.55,0,0
25.16,13,0,1,0,1611.69,0,0
31.62,8,0,1,0,3990.54,0,0
37.12,5,1,0,0,1562.07,0,1
35.23,17,0,0,0,4401.86,0,0
13.1,8,0,1,0,119.56,0,0
27.38,8,0,0,0,1116.01,0,0
7.41,20,0,0,0,2085.08,0,0
129.44,15,0,0,0,1190.64,0,0
24.44,9,0,0,0,3331.4,0,0
20.31,13,0,0,0,3674.75,0,0
162.22,13,0,0,0,3153.91,1,0
9.56,17,0,0,0,4368.27,0,0
10.74,16,0,1,0,2079.37,0,0
11.06,17,0,0,0,4409.98,0,0
30.94,9,0,0,0,604.52,1,0
50.99,14,0,0,0,3814.45,2,1
69.39,4,1,0,0,221.06,0,0
433.54,5,1,1,1,2417.03,0,1
3.49,15,0,1,1,2205.9,0,1
60.87,2,1,1,0,3860.53,0,1
18.97,13,0,1,0,3168.26,0,0
18.42,17,0,1,0,2012.7,0,1
17.82,11,0,0,0,4035.74,2,0
13.35,4,1,0,0,3992.12,0,0
178.49,15,0,0,0,160.06,0,0
76.88,19,0,0,0,3926.03,1,0
33.89,15,0,0,0,2393.3,0,0
127.87,13,0,0,0,3783.38,1,0
7.3,9,0,0,0,856.89,1,0
8.75,1,1,0,0,722.38,0,1
3.75,15,0,0,0,3263.8,0,0
16.45,9,0,0,0,1275.34,0,0
38.93,18,0,1,0,2536.84,0,0
36.7,12,0,0,0,3115.23,0,0
38.45,13,0,1,0,2766.31,0,0
8.08,16,0,1,0,3160.4,0,0
73.93,16,0,0,0,2810.59,0,0
42.08,14,0,0,1,1737.12,0,1
68.93,19,0,0,0,452.7,0,0
4.99,21,0,1,0,3856.29,0,0
45.22,19,0,0,0,3814.74,0,0
10.1,17,0,0,0,75.27,0,0
22.26,15,0,0,0,3791.85,0,0
56.51,15,0,0,0,721.9,0,0
36.27,7,0,1,0,1531.24,0,0
14.13,9,0,0,0,1889.4,0,0
33.32,0,1,0,0,3074.36,1,0
7.16,7,0,0,0,461.25,0,0
104.61,12,0,1,0,3728.57,0,0
26.97,7,0,1,0,4245.23,0,1
101.35,18,0,0,0,4289.5,0,0
19.56,17,0,0,0,458.68,0,0
19.62,6,0,0,1,4141.24,0,0
15.42,9,0,0,0,2576.84,0,0
79.53,17,0,1,0,3284.83,0,0
16.29,17,0,0,0,4191.16,0,0
63.09,19,0,0,0,2991.43,0,0
22.59,22,0,0,0,2082.49,1,0
4.59,20,0,0,0,2386.75,0,0
18.72,11,0,0,0,3096.04,2,0
10.18,9,0,0,0,4253.91,0,0
34.26,16,0,0,0,4009.65,0,0
10.07,10,0,1,0,2617.95,0,0
83.59,17,0,0,1,989.0,0,1
30.23,13,0,0,0,1592.94,0,0
27.73,17,0,0,0,1660.04,0,0
63.81,9,0,0,0,1336.82,0,0
86.83,12,0,0,0,3373.02,0,0
32.46,13,0,0,0,3770.14,2,0
15.31,19,0,0,0,1473.25,1,0
5.62,9,0,0,1,3815.26,0,0
16.68,19,0,0,0,3318.25,0,0
17.86,17,0,0,0,2012.97,0,0
36.86,16,0,1,0,3159.05,0,1
23.45,17,0,0,0,3473.56,0,0
65.89,14,0,0,0,2546.59,0,0
17.94,9,0,0,0,2021.85,0,0
31.28,8,0,0,0,502.63,0,0
108.2,18,0,1,0,56.1,0,0
46.61,16,0,0,0,4220.77,0,0
31.19,9,0,0,0,1240.31,0,0
18.14,14,0,0,0,3000.28,0,0
17.58,12,0,0,0,4247.96,2,0
14.15,8,0,0,0,3691.4,0,0
19.28,13,0,0,0,595.49,0,0
70.5,10,0,0,0,3618.51,0,0
26.53,6,0,0,0,3282.45,2,0
8.59,12,0,1,0,1515.82,1,0
194.06,13,0,0,0,3118.73,0,0
45.6,4,1,0,0,3725.2,1,1
8.11,11,0,0,0,1346.83,0,0
21.29,9,0,1,0,3917.18,0,0
37.0,3,1,0,0,400.72,0,1
182.11,7,0,1,1,2397.17,0,0
10.93,7,0,0,0,1087.83,0,0
87.89,8,0,0,0,3289.65,0,0
134.22,17,0,1,0,828.15,0,0
17.66,12,0,1,0,1569.47,0,1
25.09,7,0,0,0,616.87,0,0
11.75,7,0,0,0,3663.02,0,0
27.02,10,0,0,0,638.62,0,1
31.93,17,0,0,0,3268.02,0,1
64.05,11,0,1,1,3197.17,2,1
98.51,8,0,0,0,683.54,0,0
15.67,11,0,0,1,2568.93,0,0
4.63,13,0,0,0,2261.11,0,0
32.42,2,1,0,0,2695.55,0,1
44.41,14,0,0,0,4220.66,0,0
42.5,11,0,0,0,408.39,0,0
23.89,0,1,0,0,3701.24,3,0
37.52,15,0,1,0,3886.38,0,1
150.72,15,0,0,0,611.92,0,0
48.51,14,0,0,0,2969.67,0,0
22.8,10,0,0,0,3174.45,0,0
20.08,13,0,0,0,2491.56,0,0
27.94,11,0,0,0,2288.04,0,0
170.16,15,0,1,0,1464.29,0,1
27.57,13,0,1,0,3116.41,0,0
32.47,6,0,1,0,1320.68,0,1
20.44,14,0,0,1,2097.1,0,0
99.38,15,0,1,0,3865.29,0,1
235.06,11,0,0,0,448.45,0,0
51.97,18,0,0,0,2401.25,0,0
35.97,17,0,0,0,2213.03,0,0
34.36,8,0,0,0,1734.24,0,0
3.05,18,0,0,0,2709.01,0,0
69.77,12,0,0,0,119.54,0,0
37.87,16,0,0,0,2241.49,0,0
50.82,17,0,0,0,2211.32,1,0
16.26,12,0,0,0,2346.7,0,0
22.55,11,0,1,0,995.36,2,0
21.95,18,0,1,0,973.8,0,0
91.98,9,0,0,0,2930.05,0,0
22.67,9,0,0,0,462.64,0,0
265.78,11,0,0,0,1411.35,0,0
50.95,18,0,0,0,3747.13,0,0
9.25,19,0,1,0,511.75,0,0
29.12,9,0,0,0,2132.89,0,0
17.26,18,0,1,0,3025.41,0,0
3.69,9,0,1,0,680.32,2,0
163.94,20,0,0,0,1440.46,0,0
66.9,13,0,1,0,2536.47,0,0
56.44,0,1,0,0,1506.16,0,1
39.07,3,1,0,0,539.22,0,0
8.31,7,0,1,0,1084.21,0,0
20.42,8,0,0,0,536.9,0,0
76.84,16,0,0,0,4426.82,0,0
11.57,9,0,0,0,1098.64,1,0
2.63,20,0,1,0,2410.97,0,0
26.39,14,0,0,0,1956.92,0,0
28.74,15,0,1,0,2584.34,0,0
37.92,9,0,0,0,2266.51,1,0
68.62,18,0,0,0,3285.87,0,0
62.65,15,0,0,0,3934.91,0,0
42.9,18,0,0,0,1319.58,0,0
109.46,19,0,0,0,867.05,0,0
7.25,7,0,1,0,4430.31,0,1
54.85,6,0,0,0,3904.02,0,0
61.96,17,0,1,0,1669.44,0,0
9.59,18,0,0,0,4031.8,0,0
7.37,13,0,0,0,3033.93,0,0
15.71,11,0,0,0,1996.52,0,0
17.09,14,0,0,0,3936.73,0,0
70.35,10,0,0,0,3055.01,0,1
17.91,9,0,0,0,3727.71,0,0
14.06,12,0,1,0,1909.03,0,0
17.96,9,0,0,0,3604.28,0,0
101.36,12,0,0,0,1682.82,0,0
33.55,19,0,1,0,3321.1,0,0
27.68,17,0,1,0,1988.11,0,0
29.67,19,0,1,0,1853.12,0,0
120.55,17,0,1,0,3595.02,0,0
15.66,11,0,0,1,606.41,0,0
123.41,17,0,1,0,4180.53,1,0
40.87,19,0,1,0,2313.63,2,0
28.21,19,0,1,0,2880.53,1,1
403.79,15,0,0,1,1853.41,0,1
11.52,9,0,1,0,2924.14,0,0
23.25,3,1,0,0,3208.84,0,0
9.66,7,0,0,0,3914.72,0,0
85.84,20,0,0,0,3851.99,0,0
179.32,12,0,1,0,1642.28,0,1
175.9,18,0,0,0,2790.55,0,0
112.61,12,0,1,0,3523.57,1,1
27.18,15,0,0,0,3453.64,0,0
22.98,2,1,0,0,4014.64,0,0
6.23,9,0,0,0,3752.15,0,0
253.63,12,0,0,0,3244.46,0,0
52.93,14,0,0,0,3382.41,1,0
20.25,8,0,0,0,3643.12,0,0
124.97,16,0,0,0,3778.6,2,0
12.52,11,0,0,0,1619.38,0,1
49.73,17,0,0,1,3529.06,0,0
27.86,6,0,1,1,4273.98,0,0
62.72,15,0,0,0,1086.69,0,0
31.08,10,0,0,0,264.65,0,0
7.76,17,0,0,0,372.16,2,0
35.72,11,0,1,0,1014.4,0,0
94.52,15,0,0,0,4143.07,2,0
32.16,19,0,0,1,614.24,0,0
71.89,2,1,0,0,3376.83,2,0
11.64,1,1,1,0,3908.35,1,0
32.26,16,0,0,0,3954.97,0,0
17.73,14,0,0,0,1904.53,0,0
69.89,10,0,0,0,2253.91,3,1
34.17,12,0,1,0,1488.46,0,0
66.03,4,1,0,0,705.68,0,1
98.27,8,0,0,0,994.16,3,0
66.13,11,0,0,0,649.79,0,0
43.52,17,0,1,0,1863.47,0,0
12.2,12,0,1,0,808.04,0,0
33.02,13,0,0,0,1845.13,0,0
19.43,18,0,0,0,3837.79,0,0
23.48,10,0,0,0,2962.59,0,0
22.77,15,0,0,0,2999.25,0,0
12.43,18,0,0,0,3662.8,0,0
4.68,8,0,1,0,233.31,0,0
16.98,11,0,0,0,3585.57,0,0
40.18,20,0,0,0,923.75,1,0
8.6,21,0,1,0,1589.37,0,0
33.64,9,0,0,0,1420.79,0,0
221.47,5,1,1,0,520.17,0,0
92.12,9,0,0,0,823.01,0,0
171.32,11,0,1,0,4305.75,0,0
48.97,12,0,1,0,2721.21,0,0
106.43,14,0,1,0,2159.17,0,1
16.06,18,0,0,0,3422.19,0,0
17.39,10,0,0,0,3671.14,2,0
2.14,17,0,1,0,540.67,0,0
108.43,6,0,0,0,3347.03,0,0
154.52,4,1,1,0,4199.16,1,0
19.05,12,0,0,0,2655.19,1,0
25.69,5,1,0,0,2783.0,0,0
15.58,11,0,0,0,3923.31,0,0
48.55,18,0,0,0,3073.7,0,0
102.0,9,0,1,0,4478.94,0,0
5.8,15,0,1,0,1307.99,0,0
49.87,10,0,0,0,3812.39,0,0
25.11,4,1,1,0,2775.22,0,1
37.09,13,0,0,0,1677.52,1,0
52.4,17,0,1,0,3979.62,0,0
27.43,11,0,1,0,4483.3,1,0
29.86,14,0,0,0,307.43,0,0
26.74,18,0,0,0,4168.58,0,0
87.38,17,0,0,1,953.84,0,0
50.34,8,0,1,1,963.09,0,0
41.29,16,0,0,0,235.81,0,0
9.29,12,0,1,0,4153.74,1,0
22.68,16,0,1,1,3429.32,0,1
81.34,12,0,0,0,287.85,0,0
34.39,7,0,1,0,2869.23,0,1
64.04,13,0,0,0,584.6,0,0
193.74,12,0,0,0,3393.75,1,0
93.56,12,0,1,0,1870.29,0,0
36.35,18,0,0,1,280.41,0,0
19.87,18,0,0,0,3740.86,0,0
2.58,12,0,0,0,2597.24,0,0
27.98,12,0,0,0,3489.26,0,0
23.9,12,0,1,0,3051.66,0,0
48.93,12,0,1,0,1983.06,0,0
28.39,19,0,0,0,3159.07,0,0
24.04,14,0,0,0,115.65,0,0
5.59,9,0,1,0,1561.83,0,0
12.94,13,0,0,0,3511.45,0,0
53.34,14,0,0,1,3445.63,0,0
184.18,14,0,1,0,3998.97,0,1
30.04,13,0,1,0,2769.15,0,0
45.96,8,0,0,0,4242.78,0,0
85.84,3,1,1,0,2531.82,0,0
14.72,10,0,0,0,2277.02,0,0
47.79,11,0,0,0,927.61,1,0
15.79,5,1,0,0,3515.82,0,0
78.64,17,0,0,0,3129.65,0,0
38.53,10,0,0,0,2100.39,0,0
44.63,18,0,1,0,437.63,3,1
15.14,8,0,1,0,609.38,0,1
67.16,5,1,0,0,559.35,0,1
266.32,12,0,1,0,1721.42,0,1
12.09,8,0,0,1,757.45,0,1
23.58,19,0,0,0,3880.75,0,0
41.75,1,1,0,0,4052.09,0,0
72.7,11,0,0,0,3862.62,0,0
18.92,19,0,0,0,2759.4,0,0
1.95,11,0,1,0,2703.78,0,1
128.92,6,0,0,0,4014.61,0,0
70.85,10,0,0,0,1858.07,0,0
5.8,12,0,1,0,327.43,0,0
18.04,8,0,0,0,2143.25,0,0
158.89,12,0,0,0,2514.01,0,0
140.86,17,0,0,0,2495.06,0,0
84.66,18,0,0,0,757.57,0,0
27.77,4,1,1,0,3536.19,0,1
35.98,8,0,0,0,3307.25,0,0
29.05,9,0,0,0,1072.85,0,0
102.33,13,0,0,0,2502.97,0,0
13.79,11,0,0,0,3566.96,0,0
14.79,17,0,0,0,84.2,0,0
90.95,15,0,0,0,1274.44,0,0
31.68,7,0,0,0,2150.57,0,0
131.43,14,0,0,0,3810.39,0,0
16.92,7,0,0,0,3605.4,0,0
31.35,9,0,1,1,721.92,0,0
13.17,8,0,1,0,2109.2,0,0
33.36,8,0,0,0,1405.63,0,0
7.55,14,0,0,0,1836.38,0,0
20.34,13,0,0,0,2455.78,2,0
7.88,8,0,0,0,2272.07,0,0
66.28,22,0,0,0,680.01,0,0
67.8,11,0,0,1,591.51,0,0
5.87,6,0,1,0,629.7,0,0
125.7,7,0,0,0,3793.73,0,0
402.39,13,0,1,0,138.71,0,0
34.67,20,0,0,0,950.7,0,0
17.44,13,0,0,0,4303.72,0,0
557.98,19,0,1,0,343.79,0,1
8.86,12,0,0,1,211.63,0,0
33.79,12,0,1,0,1773.62,1,0
39.63,12,0,0,0,722.84,1,0
127.12,15,0,1,0,2567.65,0,1
47.45,11,0,1,0,1556.69,0,0
20.11,18,0,0,0,979.91,1,0
12.79,2,1,1,0,4493.78,0,0
23.53,12,0,0,0,1567.91,0,0
12.1,12,0,0,0,2902.48,0,0
34.74,14,0,0,0,3939.8,2,0
18.84,9,0,0,0,4154.62,0,0
7.43,11,0,0,0,1875.07,0,0
116.18,12,0,0,0,4393.9,1,0
20.13,15,0,1,0,3274.32,0,0
9.32,16,0,0,0,2645.58,0,0
27.99,16,0,1,0,3135.09,0,0
35.46,10,0,0,0,1652.61,0,0
5.77,22,0,0,0,1938.6,0,0
46.14,17,0,1,0,2658.9,1,0
11.62,9,0,1,1,1504.41,0,0
183.28,8,0,1,0,3471.21,0,0
55.92,10,0,0,0,1167.34,2,0
22.2,12,0,0,0,3595.78,1,0
15.72,18,0,0,0,727.1,0,0
29.82,16,0,0,0,1017.39,1,0
61.12,18,0,0,0,3401.27,0,0
32.28,9,0,0,0,1220.98,0,0
26.65,13,0,0,0,3589.5,0,0
35.11,10,0,1,0,3538.22,0,0
18.1,7,0,1,0,1194.99,0,0
23.5,15,0,0,0,375.21,0,0
4.11,7,0,0,0,790.3,0,0
87.68,15,0,0,0,3398.74,0,0
44.65,14,0,0,0,3819.12,0,0
15.28,17,0,1,0,1754.6,2,1
221.13,7,0,0,0,780.77,0,0
36.13,17,0,1,0,385.84,1,0
11.75,22,0,0,0,1010.38,0,0
78.0,18,0,1,0,4409.6,0,0
49.31,16,0,0,1,807.71,0,0
49.14,15,0,1,0,433.44,0,0
21.63,11,0,0,0,3545.36,0,0
51.96,16,0,0,0,2788.58,0,0
25.49,16,0,0,0,2429.96,0,0
57.74,14,0,0,1,2042.94,2,1
4.93,17,0,0,0,3173.19,0,0
21.46,12,0,1,0,3157.68,0,0
185.33,7,0,0,0,1938.7,0,0
15.38,13,0,0,0,1092.31,0,0
18.1,9,0,1,0,3793.62,0,0
21.16,11,0,0,0,782.57,1,0
9.83,1,1,0,0,2426.33,0,0
3.64,11,0,1,0,3132.4,0,0
26.3,17,0,0,0,2893.0,0,0
37.93,13,0,0,1,2803.63,0,0
31.42,0,1,1,0,2998.15,0,0
28.65,12,0,0,0,3946.66,0,0
34.57,10,0,1,0,1676.0,0,0
92.1,12,0,0,0,2842.09,0,0
27.37,11,0,0,0,3151.5,0,0
18.65,19,0,0,0,2676.95,0,0
25.0,4,1,1,0,4068.36,0,0
59.11,15,0,1,0,2963.77,0,0
135.91,18,0,0,0,1938.71,1,0
17.67,19,0,0,0,3812.86,0,0
36.56,8,0,0,0,2228.58,0,0
46.45,13,0,0,0,2409.23,0,0
12.27,4,1,1,0,2641.14,0,0
33.8,12,0,1,0,1486.39,0,0
7.65,7,0,1,0,3265.3,0,0
5.65,17,0,0,0,486.66,0,0
47.79,7,0,0,0,3916.38,0,0
22.56,12,0,0,0,3407.69,1,0
40.54,13,0,0,0,1623.66,0,0
32.53,20,0,0,0,1057.45,0,0
12.47,14,0,1,0,1776.15,1,0
31.65,10,0,0,0,3632.48,0,0
9.65,9,0,0,0,190.49,0,0
133.08,7,0,0,0,2132.26,0,0
8.53,16,0,1,0,1180.79,0,0
27.23,15,0,1,0,3943.53,0,0
11.68,14,0,0,0,1891.6,0,0
58.58,4,1,1,0,3155.65,0,0
23.77,16,0,0,0,1642.62,0,0
19.71,14,0,0,0,1517.16,0,0
77.73,20,0,0,0,1500.13,0,0
34.1,13,0,0,0,3067.88,0,0
55.51,10,0,0,0,4340.87,0,0
12.41,11,0,0,1,976.24,0,1
8.13,8,0,0,0,2915.36,0,0
36.86,16,0,0,0,1231.18,0,0
24.07,15,0,0,0,2494.61,0,0
61.96,8,0,1,0,2460.11,0,0
30.57,8,0,0,0,2052.7,0,0
40.65,6,0,0,0,2268.97,0,0
6.53,18,0,0,0,3967.03,1,0
218.86,9,0,0,0,444.29,0,0
28.1,10,0,0,0,3744.76,1,0
66.53,10,0,0,0,2107.29,0,0
14.35,11,0,0,0,1534.49,0,0
45.06,15,0,1,0,838.3,2,1
9.0,18,0,0,0,3675.89,0,0
52.04,8,0,1,0,2684.59,0,0
23.2,15,0,1,0,3291.27,0,0
34.1,11,0,0,0,1451.59,0,0
66.55,21,0,0,0,1798.67,0,0
9.65,10,0,0,0,4115.71,0,0
16.7,0,1,0,0,4327.26,2,1
52.32,12,0,0,0,3342.3,0,0
269.95,8,0,0,0,3384.95,0,0
28.84,4,1,0,0,3140.08,0,0
59.81,15,0,0,0,2663.08,1,0
29.76,16,0,0,1,2698.1,0,0
230.96,12,0,0,0,4338.92,0,0
5.77,15,0,0,0,3391.56,1,0
36.4,13,0,1,0,2966.27,0,0
6.52,14,0,0,0,891.36,0,0
2.7,13,0,0,0,4397.98,0,0
44.59,15,0,0,0,2365.31,0,0
38.07,8,0,0,0,4249.52,3,0
24.91,9,0,0,0,3225.33,0,0
29.78,12,0,0,0,228.36,0,0
733.85,12,0,1,0,2448.53,0,1
25.58,16,0,0,0,4022.44,0,0
55.15,11,0,0,0,280.42,0,0
17.3,8,0,0,0,3906.94,1,0
44.49,9,0,0,0,2779.59,0,0
26.1,9,0,0,0,248.15,0,0
21.97,16,0,0,0,1712.51,2,1
204.16,12,0,0,1,184.26,0,0
107.47,15,0,0,0,57.64,0,0
37.97,11,0,0,1,4039.09,1,0
3.31,18,0,0,0,3381.17,0,0
23.08,21,0,1,0,1338.15,0,0
494.24,15,0,1,1,556.01,1,1
26.29,18,0,0,0,292.22,0,0
99.8,12,0,0,0,4131.64,0,0
140.04,19,0,0,0,2833.73,0,0
41.22,17,0,1,0,764.49,0,1
14.27,22,0,0,0,3082.51,0,0
2.9,14,0,0,0,4495.06,0,0
65.64,16,0,0,0,3556.72,0,0
14.66,13,0,0,0,2037.07,0,0
39.49,9,0,0,0,3673.09,0,0
9.49,11,0,0,0,3362.16,0,0
25.4,18,0,0,0,444.51,1,0
34.25,5,1,1,0,4169.35,0,0
43.32,13,0,1,0,3984.26,0,0
10.86,11,0,1,0,2677.99,0,0
109.61,11,0,0,0,2311.26,0,0
18.23,18,0,1,0,1063.45,0,0
6.21,18,0,1,0,3763.34,0,0
29.69,13,0,1,0,1971.89,0,0
34.27,9,0,0,0,2627.91,0,0
38.88,12,0,0,0,806.89,0,0
129.3,11,0,0,0,1001.51,0,0
26.14,11,0,1,0,4434.15,0,0
29.38,7,0,0,0,2248.3,1,0
10.99,13,0,0,0,3680.06,0,0
75.23,10,0,0,0,3742.3,0,0
39.82,15,0,0,0,4417.72,0,0
21.76,10,0,1,0,4423.92,0,0
4.93,12,0,0,0,2083.45,0,0
140.39,5,1,0,0,4278.93,0,0
9.7,22,0,1,1,1676.27,0,1
18.33,12,0,0,0,2753.99,0,0
47.39,2,1,1,0,3706.62,1,1
10.01,13,0,0,0,4116.35,0,0
7.44,18,0,0,0,2381.08,0,0
3.96,16,0,0,0,1909.47,0,0
68.1,15,0,0,0,3291.91,0,0
19.2,7,0,0,0,2078.88,0,0
618.48,14,0,1,0,3039.52,0,0
12.25,16,0,0,0,3628.77,0,0
13.18,13,0,0,0,3793.02,0,0
18.81,18,0,1,0,1181.7,0,0
42.23,9,0,0,0,2592.99,0,0
20.69,9,0,0,0,161.4,2,0
61.09,18,0,0,0,3600.02,1,0
12.45,14,0,0,0,606.67,0,0
8.32,0,1,0,0,3929.0,0,1
5.48,11,0,1,0,1860.3,0,0
3.58,18,0,0,0,794.34,0,0
19.73,2,1,0,0,3591.38,0,1
24.51,0,1,0,0,941.27,0,1
17.61,10,0,0,1,1805.15,0,1
114.82,18,0,1,0,2572.6,0,0
113.07,18,0,0,0,1652.13,0,0
23.69,12,0,1,0,846.68,0,0
5.51,13,0,0,0,1857.12,0,0
18.79,10,0,0,0,691.89,0,0
18.18,9,0,1,1,3250.24,1,0
17.16,17,0,0,0,813.2,1,0
16.48,7,0,0,0,2196.6,0,0
17.23,12,0,1,0,2543.68,0,0
22.5,14,0,0,0,4255.55,0,0
17.54,7,0,0,0,398.25,1,0
40.79,12,0,0,0,4190.53,0,0
47.48,13,0,1,0,976.61,0,0
13.32,16,0,0,0,3792.17,0,0
118.04,9,0,1,0,452.7,0,0
12.43,10,0,0,0,4449.73,3,1
6.57,13,0,1,1,3643.97,0,0
48.46,21,0,0,0,330.13,0,0
14.62,9,0,0,0,1002.79,0,0
45.66,21,0,0,0,2491.03,0,0
2.99,15,0,0,0,2379.9,0,0
133.28,17,0,0,1,2850.25,0,0
64.86,6,0,0,0,2112.6,0,0
7.39,10,0,1,0,3317.03,0,0
7.55,5,1,0,0,1600.76,0,0
176.31,11,0,1,0,834.92,0,0
15.84,21,0,0,0,200.32,0,0
14.38,7,0,0,0,1495.21,2,0
3.43,13,0,1,0,1949.61,0,1
23.32,0,1,1,0,2982.86,0,1
26.37,15,0,0,0,3638.73,0,0
67.73,8,0,0,0,1118.28,0,0
8.17,7,0,0,0,2244.75,0,0
7.24,10,0,0,0,1090.12,0,0
51.99,16,0,1,0,4282.69,0,0
90.62,7,0,0,0,2931.58,0,0
6.88,9,0,0,0,3066.67,0,0
97.66,0,1,0,0,2413.95,0,0
34.38,20,0,0,0,1304.14,0,0
98.67,13,0,0,0,941.91,1,0
30.87,15,0,1,0,2972.07,0,0
2.66,14,0,0,0,4151.6,0,0
28.45,7,0,0,0,997.38,0,0
95.6,13,0,1,0,2594.35,0,0
13.55,7,0,0,0,2405.5,0,0
22.47,11,0,1,0,2905.36,0,0
27.77,13,0,0,0,2665.67,0,0
1.82,13,0,0,0,1263.94,0,0
176.15,7,0,0,0,3126.92,0,0
13.45,3,1,1,0,1263.34,0,1
54.91,17,0,1,0,2955.82,0,0
30.37,16,0,0,0,1384.7,0,0
116.47,6,0,0,1,416.78,1,0
49.7,7,0,0,0,616.14,0,0
26.18,18,0,0,1,3761.73,0,0
13.55,16,0,1,0,590.03,0,0
73.54,22,0,0,0,1520.78,1,0
5.09,9,0,0,0,1330.01,0,0
63.17,12,0,0,0,307.48,0,0
11.03,9,0,0,0,2717.86,0,0
115.85,14,0,1,0,3604.6,0,0
38.91,7,0,0,0,4465.87,0,0
63.06,7,0,0,0,4215.34,0,0
35.94,6,0,0,0,269.5,0,0
5.74,15,0,0,0,1195.91,0,0
14.0,12,0,0,0,1883.93,0,0
64.87,14,0,1,0,3943.81,0,0
39.12,18,0,0,0,1652.38,0,0
107.88,16,0,0,0,2587.89,0,0
49.56,12,0,1,0,2985.19,0,0
12.59,21,0,0,0,1375.92,0,0
14.94,12,0,0,0,2639.64,1,0
36.71,7,0,0,0,276.44,0,0
3.27,22,0,0,0,2186.82,0,0
176.52,2,1,0,0,1734.48,0,0
51.51,13,0,0,0,1633.11,0,0
112.96,10,0,0,0,1095.27,1,0
6.82,12,0,0,0,3688.92,0,0
114.96,13,0,0,0,3974.56,0,0
308.43,9,0,0,0,4002.17,0,0
8.84,13,0,0,0,1812.68,0,0
71.62,16,0,1,0,1203.27,0,1
33.15,9,0,1,0,487.93,0,0
7.07,11,0,0,0,3042.21,0,0
54.21,9,0,1,0,1519.25,0,0
76.22,17,0,0,0,1281.16,3,1
18.15,16,0,1,0,1702.9,0,0
106.26,18,0,0,1,2518.52,0,0
6.25,8,0,0,0,770.57,0,0
7.43,6,0,1,0,4327.95,0,0
37.96,7,0,1,0,3310.13,0,0
33.97,8,0,0,0,258.2,0,0
16.17,13,0,1,0,1415.21,0,1
74.41,20,0,0,0,273.71,0,0
56.31,11,0,0,0,1071.23,0,0
78.11,19,0,0,0,1325.33,0,0
29.28,3,1,0,0,3245.01,0,0
60.5,19,0,1,0,3248.39,0,0
21.21,8,0,1,0,251.7,0,0
258.22,18,0,0,0,2667.17,0,0
14.69,5,1,0,1,4326.05,1,1
271.86,19,0,1,0,2846.22,0,0
34.29,8,0,0,0,4324.44,0,0
8.37,10,0,0,0,1743.49,0,0
130.07,12,0,0,0,2096.01,0,0
37.56,11,0,0,0,2254.91,0,0
77.57,15,0,1,1,4161.56,0,1
112.6,20,0,0,1,1742.25,0,0
46.43,14,0,0,0,4426.21,0,0
18.32,16,0,1,0,2466.91,0,0
87.86,6,0,0,0,1020.64,0,0
33.14,14,0,0,0,511.41,0,0
65.75,12,0,0,0,819.28,0,0
3.84,18,0,0,0,224.81,0,0
51.78,11,0,1,1,3130.78,0,0
17.49,15,0,0,0,2350.22,0,0
173.0,9,0,1,0,3333.76,0,0
61.75,9,0,0,1,3531.07,0,0
42.09,11,0,0,0,4194.57,0,0
53.86,10,0,0,0,570.64,0,0
12.2,9,0,1,0,878.16,0,0
167.88,4,1,0,0,2489.82,0,0
242.59,17,0,0,0,626.38,2,1
49.05,5,1,0,0,462.61,0,1
162.46,18,0,0,0,3015.2,1,0
18.74,7,0,0,0,3274.97,0,0
14.92,5,1,0,1,3803.13,0,0
34.5,13,0,1,0,4125.07,0,0
51.16,12,0,1,0,2019.12,0,0
22.33,12,0,0,0,4410.44,0,0
56.7,13,0,0,0,218.6,0,0
44.99,10,0,0,0,3922.07,0,0
12.2,15,0,0,0,1480.57,0,0
55.63,12,0,0,0,4151.63,0,0
78.53,10,0,0,0,1040.59,0,0
39.31,17,0,1,0,3347.42,3,0
104.86,16,0,0,0,1943.28,0,0
9.8,11,0,0,0,1747.52,0,0
52.88,17,0,1,0,314.42,2,0
10.28,19,0,1,0,3191.31,0,0
10.87,13,0,0,0,830.32,0,0
17.62,9,0,0,1,2110.32,0,0
12.91,18,0,0,0,678.82,0,0
19.14,8,0,0,0,2739.93,2,0
26.73,4,1,1,0,1078.22,0,0
76.49,10,0,1,0,2695.06,0,0
24.02,16,0,1,0,4262.44,0,0
6.78,19,0,0,0,4148.09,2,0
103.55,14,0,0,0,942.07,0,0
14.34,19,0,0,0,491.38,3,0
31.23,6,0,0,0,239.84,0,0
51.76,5,1,0,0,3736.85,0,0
40.43,14,0,0,0,1159.42,2,0
98.91,20,0,0,0,1313.52,0,0
53.46,12,0,0,0,1056.79,0,0
13.99,5,1,0,0,3788.37,0,0
292.53,9,0,0,0,4406.11,0,0
40.22,9,0,0,0,3410.58,0,0
28.58,10,0,0,0,3714.92,0,0
86.83,4,1,0,0,2811.23,1,0
42.5,18,0,1,0,2403.05,0,0
49.36,12,0,0,0,3261.02,0,0
400.29,15,0,1,1,209.14,0,1
25.15,5,1,1,0,323.23,0,1
24.1,5,1,0,0,3108.37,0,0
37.21,13,0,0,0,1541.06,0,0
96.69,18,0,0,0,2225.31,0,0
7.34,13,0,0,0,3529.87,1,0
4.64,18,0,0,0,2618.35,1,0
18.41,17,0,1,0,3633.42,1,0
6.46,6,0,0,0,1915.24,0,0
21.65,8,0,1,0,1329.03,2,0
54.73,14,0,1,0,1095.02,0,0
13.59,12,0,0,0,635.98,0,0
7.95,10,0,0,0,213.74,0,0
35.49,11,0,0,0,286.51,1,0
78.46,12,0,0,0,1255.94,0,0
6.08,18,0,0,0,1288.94,0,0
75.21,7,0,1,0,1748.94,0,0
74.99,9,0,0,0,2682.7,0,0
85.98,13,0,0,0,3428.88,1,0
112.0,15,0,1,0,929.79,0,0
299.47,14,0,0,1,3428.65,0,1
23.19,19,0,0,0,668.5,0,0
36.95,17,0,0,0,4449.69,1,0
21.84,13,0,0,0,1318.4,0,0
33.18,9,0,1,0,3776.14,0,0
153.37,12,0,1,0,897.57,0,1
8.63,15,0,0,0,4280.36,1,0
14.0,17,0,0,0,3728.49,0,0
131.26,19,0,0,0,1649.28,0,0
91.84,14,0,1,0,1925.55,0,0
23.03,13,0,0,0,67.08,0,0
77.82,1,1,0,0,1168.87,0,1
46.58,6,0,0,0,1337.37,0,0
148.45,8,0,1,1,2064.69,1,1
35.68,5,1,0,0,668.77,0,0
92.35,11,0,0,0,2180.51,0,0
464.99,10,0,1,0,3024.68,0,1
60.23,14,0,0,0,1702.21,0,0
34.79,13,0,0,1,1083.27,0,0
68.2,13,0,0,0,2487.34,1,0
22.98,12,0,1,0,179.07,0,0
360.67,9,0,0,0,1566.73,0,1
39.65,19,0,0,0,2397.78,2,0
25.21,6,0,0,0,1544.5,2,1
14.36,19,0,1,0,1587.17,1,0
99.21,10,0,0,0,3824.92,1,0
78.82,12,0,0,0,4206.26,0,0
20.14,7,0,0,0,3731.9,2,0
58.94,6,0,0,0,489.96,0,0
7.33,11,0,1,0,1339.35,0,0
39.84,16,0,0,0,3215.26,1,0
52.08,9,0,1,0,4386.05,0,0
182.61,13,0,1,0,1128.15,1,1
15.32,9,0,1,0,4047.04,0,0
9.22,11,0,0,0,3338.62,0,0
13.53,18,0,0,0,4426.35,0,0
8.7,18,0,0,1,466.46,0,1
126.05,12,0,1,0,1806.62,0,0
155.81,9,0,1,1,2177.61,2,1
45.61,8,0,0,0,3040.77,0,1
112.31,19,0,1,0,2960.18,1,0
37.86,8,0,1,0,4083.24,0,0
30.11,17,0,1,0,3782.1,1,0
23.74,11,0,0,0,296.41,0,0
24.28,21,0,1,0,2215.1,0,0
7.04,11,0,1,1,1861.42,0,0
43.13,11,0,0,0,4487.29,0,0
31.81,14,0,1,0,1951.3,0,0
69.78,20,0,0,0,3087.66,1,0
36.36,20,0,0,0,1315.71,1,0
28.14,15,0,1,0,2785.1,0,0
13.86,16,0,0,0,969.52,0,0
35.59,13,0,1,0,2736.05,0,0
69.29,16,0,0,0,3913.45,0,0
10.56,18,0,0,0,135.61,0,0
36.14,12,0,0,0,2295.41,1,0
41.81,14,0,0,0,4421.55,0,0
16.15,13,0,1,0,758.72,0,0
18.4,13,0,0,0,866.18,0,0
41.7,18,0,0,0,2145.17,0,0
10.66,11,0,0,0,3925.92,0,0
46.99,8,0,1,0,2554.28,1,0
13.53,12,0,0,0,2313.75,0,0
95.86,8,0,1,1,436.07,0,0
343.03,12,0,0,0,4330.84,0,0
14.0,18,0,0,0,1594.67,0,0
56.5,14,0,1,0,1170.54,0,0
16.01,18,0,0,0,1882.26,0,0
93.78,8,0,0,0,1893.11,0,0
9.34,18,0,1,0,2090.47,0,0
53.55,14,0,0,0,3113.99,0,0
13.83,3,1,1,0,3912.36,0,1
26.92,14,0,1,0,305.04,0,1
11.81,19,0,0,0,2233.92,0,0
75.37,6,0,0,0,1892.2,0,0
14.34,13,0,0,0,98.42,0,0
57.51,18,0,1,0,3683.38,0,1
23.47,0,1,1,0,514.19,0,0
29.53,14,0,0,0,560.63,0,0
38.39,12,0,0,0,264.93,0,0
15.46,10,0,0,0,941.88,0,0
40.87,14,0,0,0,836.83,0,0
152.98,5,1,0,0,1598.0,1,0
15.21,16,0,1,0,2983.75,0,0
106.89,0,1,1,0,291.61,0,1
148.13,10,0,1,0,3878.23,0,0
14.64,12,0,0,0,1503.27,0,0
7.73,11,0,1,0,2749.4,0,0
44.79,10,0,1,0,103.42,0,0
19.16,17,0,0,0,1677.85,0,0
214.56,19,0,0,0,59.13,0,0
34.29,18,0,1,0,786.29,0,0
14.85,13,0,1,0,2042.93,0,0
10.52,18,0,0,0,2431.14,0,0
98.49,19,0,0,0,730.53,0,0
18.71,11,0,0,0,3366.21,0,0
34.6,10,0,1,0,891.07,0,0
86.13,6,0,1,0,565.51,0,1
20.4,12,0,0,0,1533.74,0,0
31.63,19,0,0,0,2503.86,0,0
32.57,13,0,1,1,4450.61,2,1
65.58,15,0,1,0,1913.28,0,0
59.78,7,0,1,0,1945.68,0,1
26.57,7,0,1,1,314.03,3,1
35.29,12,0,0,0,3457.9,0,0
22.83,19,0,1,0,858.93,0,1
7.56,11,0,0,0,3364.38,0,0
42.85,18,0,1,0,4102.25,0,0
219.68,7,0,0,0,3468.58,0,0
13.68,14,0,1,0,2908.92,0,0
15.29,14,0,1,0,2737.43,0,1
13.86,18,0,0,0,2068.67,0,0
68.35,0,1,0,1,693.21,0,0
51.86,8,0,0,0,3515.83,0,0
28.26,9,0,1,1,2174.08,0,1
13.22,19,0,1,0,2834.12,0,0
36.32,8,0,1,0,1714.37,0,0
6.93,3,1,0,0,943.22,1,0
38.22,13,0,0,0,3638.96,0,0
79.16,13,0,0,0,1573.68,0,0
9.48,17,0,0,0,3906.73,0,0
7.15,19,0,0,0,4347.48,1,0
160.68,13,0,1,0,3743.45,0,0
17.96,19,0,0,0,620.21,0,0
103.13,16,0,1,0,3854.8,0,0
28.39,9,0,0,0,2361.14,0,0
28.16,19,0,0,1,1124.28,0,1
51.34,15,0,0,0,464.54,0,0
13.68,11,0,0,0,1289.37,0,0
37.81,15,0,1,0,661.55,0,0
22.61,11,0,0,0,164.12,0,0
8.84,7,0,0,0,4445.55,0,0
46.41,15,0,1,0,3750.36,1,0
25.45,17,0,1,0,3338.32,0,0
28.3,16,0,0,0,908.91,1,0
9.87,9,0,0,1,173.43,0,0
162.62,19,0,0,0,2209.16,0,0
79.58,2,1,0,0,3350.54,0,1
86.85,10,0,0,0,4334.63,0,0
24.4,9,0,1,0,3805.28,1,1
5.88,4,1,0,0,4026.09,0,0
233.44,11,0,0,1,1112.05,0,1
31.15,14,0,0,0,741.2,0,0
15.66,18,0,1,0,1152.63,0,0
50.24,21,0,0,1,666.68,0,0
106.39,17,0,0,0,3603.25,0,0
32.36,12,0,0,0,4068.54,0,0
118.93,16,0,0,0,1417.67,0,0
97.81,17,0,0,0,3952.32,0,0
11.29,12,0,0,0,294.91,0,0
16.88,17,0,0,0,3064.24,0,0
86.27,12,0,0,0,2397.34,0,0
2.2,11,0,0,0,1281.51,2,0
28.52,13,0,1,0,3468.49,0,0
7.92,15,0,0,0,993.61,0,0
20.56,16,0,1,0,1901.87,2,1
24.56,11,0,0,0,3208.87,0,0
23.14,13,0,1,1,1555.12,0,0
19.06,18,0,0,1,3856.35,1,1
11.05,20,0,0,0,3901.15,0,0
327.64,9,0,1,0,951.26,0,0
214.32,8,0,1,0,2009.74,0,0
10.36,15,0,1,0,1972.46,0,0
161.11,11,0,1,0,1874.7,0,0
22.21,2,1,0,0,2283.78,1,1
37.68,10,0,0,0,380.93,2,0
31.09,17,0,0,0,3921.72,0,0
17.12,17,0,0,0,1340.12,0,0
88.58,12,0,1,0,58.07,0,0
37.56,12,0,0,0,3098.71,0,0
20.56,13,0,1,0,2944.6,2,1
8.98,9,0,0,0,4425.07,0,0
13.55,13,0,0,0,3250.65,0,0
6.41,1,1,0,0,1530.54,0,1
33.52,12,0,0,0,4289.15,0,0
10.01,10,0,1,0,1675.79,0,0
25.39,15,0,1,0,3704.54,1,0
130.33,14,0,0,0,1543.75,0,0
109.87,11,0,1,0,266.75,0,1
32.06,0,1,0,0,3315.34,0,0
30.35,9,0,1,0,1608.44,1,0
217.0,14,0,0,1,1558.05,0,0
55.74,6,0,0,0,3235.54,0,0
23.86,7,0,0,0,1483.07,0,0
7.96,14,0,0,0,575.16,1,0
49.1,16,0,0,0,1850.07,0,0
75.89,10,0,0,0,3716.11,0,0
17.61,12,0,0,0,629.41,0,0
44.31,19,0,0,0,2517.44,0,0
23.02,19,0,1,0,638.55,0,1
27.55,10,0,1,0,268.86,1,0
2.75,17,0,1,0,1735.26,0,0
26.53,13,0,0,0,2977.58,0,0
87.3,20,0,0,1,1273.69,0,1
17.61,12,0,0,0,2033.5,0,0
34.9,16,0,0,0,2236.42,0,0
15.55,16,0,0,0,3793.74,0,0
47.49,12,0,0,0,3694.46,0,0
26.67,17,0,0,0,60.45,2,0
12.95,9,0,0,0,1891.94,1,0
125.53,7,0,0,0,2969.61,0,0
83.84,11,0,1,0,3843.16,0,0
18.09,19,0,1,0,267.6,0,1
54.48,12,0,0,0,2845.71,1,0
56.68,14,0,0,0,3796.99,0,0
62.95,14,0,1,1,1185.09,0,0
6.08,7,0,1,0,963.39,0,1
90.61,11,0,1,0,2131.93,0,1
18.73,15,0,0,0,4333.48,0,0
23.15,20,0,0,0,3133.34,0,0
463.07,8,0,0,0,1938.96,0,1
44.79,11,0,1,0,142.84,0,0
22.5,6,0,1,0,2527.43,0,0
3.65,9,0,0,0,1602.11,0,0
132.92,11,0,0,0,876.43,0,0
8.63,13,0,0,0,2275.66,0,0
12.14,9,0,1,0,1569.15,0,0
23.78,9,0,1,0,222.32,0,0
136.51,16,0,0,0,3278.5,0,0
71.75,20,0,0,0,3309.99,0,0
28.28,10,0,0,1,2803.8,0,0
45.07,15,0,1,0,3791.65,1,0
18.17,9,0,1,0,954.16,0,0
38.08,19,0,0,0,1323.6,0,0
35.64,15,0,0,0,2091.02,0,0
87.25,17,0,0,1,317.78,0,0
87.11,4,1,0,1,3981.78,0,0
54.27,13,0,0,0,2233.3,0,0
23.05,13,0,0,0,1494.75,0,0
69.53,10,0,1,0,2176.94,0,0
30.21,9,0,1,0,1496.83,0,0
11.22,13,0,0,0,1323.87,0,0
22.13,15,0,0,0,2043.68,0,0
36.04,3,1,0,0,2194.48,0,0
82.29,13,0,1,0,1978.39,0,0
27.56,8,0,1,0,2488.29,0,0
9.88,7,0,0,0,3536.04,0,0
35.05,14,0,0,0,304.84,0,0
37.09,10,0,0,0,3661.26,0,0
39.88,12,0,0,0,1066.98,0,0
83.09,11,0,0,0,1171.81,1,0
91.74,14,0,0,0,2717.63,0,0
18.28,12,0,0,0,4391.74,3,0
17.88,20,0,0,0,127.43,3,0
11.7,11,0,1,0,3045.44,0,0
66.61,16,0,0,0,3151.19,0,0
141.01,9,0,1,0,2602.75,0,0
24.17,12,0,0,0,93.12,0,0
26.01,13,0,0,0,2748.27,0,0
143.56,10,0,0,0,561.84,0,0
54.9,12,0,0,0,397.4,0,0
51.23,9,0,0,0,3147.47,0,0
10.07,0,1,0,0,3166.04,0,0
65.28,9,0,0,0,4010.11,0,0
13.08,15,0,1,0,65.04,0,0
10.65,16,0,0,0,1735.48,0,0
23.41,10,0,0,0,104.61,1,0
18.43,11,0,1,0,1672.75,0,0
26.53,3,1,1,0,2237.88,0,0
7.84,9,0,0,1,2407.29,0,0
86.39,16,0,0,0,1633.9,0,0
102.28,14,0,0,0,3277.59,0,0
4.72,8,0,0,0,1899.4,0,0
88.1,9,0,0,0,2351.21,0,0
14.72,17,0,0,0,3610.39,0,0
78.02,8,0,1,0,825.65,0,0
30.92,10,0,0,1,1477.98,3,1
34.08,15,0,0,0,2370.36,0,0
27.52,13,0,0,0,3465.9,1,0
111.29,12,0,0,0,1942.83,0,0
9.59,18,0,0,0,373.81,0,0
60.82,9,0,0,0,4450.3,0,0
99.62,16,0,0,0,3200.2,0,0
67.78,8,0,1,0,3266.17,0,1
338.56,14,0,0,0,2119.72,1,0
19.51,18,0,0,0,2484.33,0,0
86.25,12,0,1,0,4473.52,0,0
29.78,16,0,1,1,2698.26,0,0
113.68,17,0,0,0,1024.24,0,0
32.86,7,0,1,0,4341.49,1,1
22.47,15,0,0,0,2443.04,0,0
122.25,18,0,0,0,142.0,0,0
20.26,13,0,0,0,2601.41,0,0
8.06,8,0,0,0,363.62,1,0
19.75,7,0,0,0,2397.77,0,0
61.5,9,0,0,0,3722.73,0,0
133.22,7,0,1,0,2447.96,0,0
37.01,12,0,0,0,1711.87,1,0
123.74,5,1,0,0,3977.61,0,0
8.51,9,0,0,0,4177.78,1,0
21.26,12,0,1,0,1596.33,0,0
24.81,12,0,1,0,2270.33,0,0
29.53,13,0,0,0,4424.0,0,0
36.02,15,0,1,0,842.55,0,1
66.08,4,1,1,0,1376.78,0,1
21.23,6,0,1,0,1956.48,0,1
38.05,5,1,0,0,498.95,0,0
31.65,11,0,0,0,1260.59,3,0
13.12,4,1,0,1,2473.86,0,1
29.56,16,0,1,0,1066.82,0,1
28.68,9,0,1,0,3103.97,0,0
28.08,19,0,1,0,1597.14,0,0
34.18,12,0,0,1,449.59,0,0
35.72,12,0,0,0,3452.17,0,0
21.49,17,0,0,0,2575.0,0,0
118.24,15,0,0,0,3720.67,0,0
10.28,14,0,0,0,1652.67,0,0
16.1,19,0,0,0,136.24,0,0
533.77,11,0,1,0,257.76,0,0
11.73,17,0,0,0,3589.75,0,0
8.55,11,0,1,0,1877.35,0,1
69.03,17,0,1,0,4394.92,0,1
4.15,9,0,0,0,3744.87,0,0
26.17,10,0,0,0,121.74,0,0
283.11,15,0,1,0,3921.41,0,0
7.06,9,0,1,0,997.25,0,0
4.56,9,0,0,0,2213.88,0,0
7.4,10,0,0,0,2302.24,0,0
81.32,15,0,0,0,315.76,0,0
101.98,18,0,0,0,609.21,0,0
19.83,15,0,0,0,1932.56,0,0
65.58,17,0,1,0,2909.66,0,0
132.99,13,0,0,0,1226.66,0,0
197.82,5,1,0,0,2392.48,0,1
25.89,7,0,1,0,1737.15,0,0
3.32,13,0,0,0,2855.12,2,0
14.57,10,0,1,0,1938.75,0,1
21.61,9,0,0,0,3839.77,0,0
25.56,12,0,0,0,4427.66,0,0
27.44,15,0,0,1,4113.08,0,0
101.38,11,0,0,0,800.29,0,0
118.44,17,0,1,0,2084.44,0,0
27.89,16,0,1,0,2091.74,0,0
99.33,16,0,1,0,3790.08,0,0
47.35,21,0,0,0,1639.49,1,0
35.32,10,0,1,0,2495.73,0,0
81.99,14,0,0,0,2761.29,0,0
35.6,18,0,0,0,546.27,0,0
259.25,13,0,0,0,2532.93,0,0
7.86,17,0,0,0,1148.44,0,0
19.78,11,0,0,0,969.45,0,0
29.18,13,0,0,0,1163.9,0,0
51.39,5,1,0,0,492.12,0,1
117.68,21,0,0,0,360.3,0,0
32.32,17,0,0,1,2928.56,0,1
7.99,18,0,1,0,4237.36,0,0
76.9,15,0,0,1,3111.6,0,0
70.45,8,0,0,0,1437.76,0,0
4.75,3,1,1,0,1540.96,0,1
32.99,18,0,0,0,2459.18,0,1
6.75,11,0,0,0,3905.04,0,0
17.04,9,0,1,0,950.97,0,0
13.43,13,0,0,0,2134.88,0,0
74.39,11,0,1,0,2270.31,1,0
37.22,14,0,0,0,4193.95,0,0
9.16,12,0,0,0,2435.88,0,0
79.84,15,0,0,0,3524.82,0,0
7.89,18,0,0,0,440.72,0,0
46.07,8,0,0,0,1504.81,0,0
14.67,10,0,0,0,2770.83,1,0
22.97,12,0,0,0,3065.49,0,0
54.83,20,0,1,1,3989.19,1,1
55.78,11,0,1,0,2677.39,0,0
126.09,11,0,1,0,1338.63,0,0
30.5,14,0,0,0,2448.97,2,0
44.99,11,0,0,1,3216.31,0,0
21.38,19,0,0,0,3540.34,1,0
39.73,18,0,0,0,4253.4,0,0
51.39,12,0,1,0,898.85,0,0
30.01,14,0,0,0,2991.21,0,0
5.45,5,1,1,0,941.37,0,0
46.13,15,0,1,0,1464.53,0,0
47.68,15,0,1,0,685.3,0,0
16.77,11,0,0,0,3489.82,0,0
9.17,9,0,1,0,4117.3,0,1
144.88,18,0,1,1,183.18,0,0
54.13,11,0,1,0,3670.11,0,1
26.34,14,0,0,0,1125.81,0,0
10.62,3,1,0,0,2217.01,0,0
14.56,11,0,0,0,3379.58,0,0
121.83,17,0,1,0,2305.5,1,1
38.0,11,0,1,0,1079.06,0,0
19.09,14,0,0,0,4082.44,0,0
55.13,8,0,1,0,2691.44,0,1
14.67,11,0,1,0,4194.09,0,0
148.54,19,0,0,0,3817.55,0,0
128.1,13,0,0,0,3950.82,0,0
20.77,18,0,0,0,1659.62,1,0
17.66,18,0,1,1,4443.55,0,1
2.42,19,0,0,0,3843.16,0,0
7.53,18,0,1,0,1552.35,1,0
8.68,0,1,0,0,4039.05,0,0
37.91,19,0,0,0,3411.05,0,0
23.9,7,0,0,0,3276.86,0,0
8.62,3,1,0,0,77.7,0,0
25.0,5,1,0,0,150.43,0,0
54.89,10,0,0,1,3141.83,0,1
56.14,14,0,0,0,1290.14,0,0
4.95,11,0,0,0,310.41,0,0
29.13,2,1,0,0,1322.48,2,1
8.3,12,0,0,0,3778.7,0,0
81.59,12,0,0,0,2144.22,0,0
72.54,16,0,0,0,2789.33,0,0
13.49,9,0,1,0,3612.25,2,0
15.39,9,0,0,0,1489.02,0,0
20.88,9,0,0,0,99.6,0,0
3.48,10,0,1,0,1488.78,0,0
46.34,13,0,1,0,4307.22,0,0
25.21,12,0,0,0,2196.17,0,0
87.37,10,0,0,0,2585.64,2,0
11.04,11,0,1,0,3433.91,0,0
17.83,11,0,1,0,561.45,0,0
7.34,20,0,0,0,3316.02,0,0
12.13,9,0,0,0,1375.01,0,0
10.16,17,0,0,0,1777.32,2,0
89.66,15,0,0,0,1249.23,0,0
16.47,0,1,1,0,733.28,0,0
37.49,22,0,0,0,1658.5,2,1
22.63,16,0,0,0,471.14,0,0
9.3,15,0,1,0,3809.26,0,0
27.99,11,0,0,1,1411.46,0,1
60.29,13,0,0,0,2958.6,2,0
9.9,9,0,0,0,1370.3,0,0
74.37,3,1,0,0,987.63,0,0
14.16,17,0,1,0,3225.77,0,0
20.43,18,0,0,0,2826.82,0,0
56.3,8,0,0,0,1020.57,0,0
17.06,17,0,0,0,2773.83,0,0
34.38,16,0,1,0,72.26,0,0
24.17,8,0,0,0,837.27,0,0
37.69,11,0,0,0,3288.51,0,0
3.06,11,0,1,0,1875.17,0,1
5.31,16,0,1,0,956.15,0,1
61.31,17,0,1,0,2301.33,0,0
93.43,6,0,0,0,2120.22,0,0
13.32,13,0,0,0,2871.02,0,0
25.94,16,0,0,0,372.8,1,0
44.47,17,0,1,0,3696.11,0,0
66.24,7,0,1,0,309.33,1,0
4.36,13,0,1,0,2069.66,0,0
13.65,18,0,1,0,3211.6,0,0
23.75,10,0,0,0,1584.41,1,0
66.9,11,0,1,1,4100.03,2,0
402.8,17,0,1,0,3410.78,0,1
26.36,6,0,1,0,1945.91,0,0
8.11,18,0,1,1,868.03,0,1
49.51,10,0,0,0,243.3,0,0
124.09,0,1,0,0,3617.41,0,1
36.89,9,0,0,0,914.52,0,0
13.37,6,0,0,0,1250.05,0,0
86.31,6,0,0,0,96.18,0,0
64.3,15,0,1,0,131.11,0,0
11.87,9,0,1,0,1075.36,0,1
48.49,19,0,1,0,3934.26,2,1
89.77,12,0,0,0,3524.66,0,0
107.97,12,0,0,0,3475.94,0,0
30.99,12,0,0,0,3730.3,0,0
23.15,15,0,0,0,880.43,0,0
112.99,12,0,0,0,4406.84,0,0
9.87,7,0,1,0,1083.26,1,0
51.35,18,0,0,0,717.19,0,0
8.41,11,0,0,0,1361.17,0,0
96.1,6,0,0,1,2410.52,0,0
25.58,13,0,1,0,603.72,0,0
117.75,14,0,1,0,3336.86,0,1
54.13,9,0,1,0,1703.29,0,0
9.75,17,0,1,0,2579.45,0,1
137.64,15,0,0,0,3317.35,0,0
156.22,14,0,1,1,4063.43,0,0
80.02,11,0,0,0,3696.09,1,0
15.46,20,0,0,0,2441.74,0,0
24.39,9,0,0,0,4460.72,0,0
38.3,13,0,1,0,2407.34,0,0
16.38,10,0,1,0,2435.08,0,0
179.89,16,0,0,0,755.27,0,0
38.26,4,1,0,0,711.81,0,0
2.22,4,1,1,0,800.72,0,1
46.5,17,0,0,0,2683.61,0,0
23.38,12,0,1,0,1897.52,0,1
30.72,10,0,0,0,1767.19,1,0
22.91,14,0,0,0,617.63,0,0
74.22,15,0,0,0,1745.85,0,0
101.46,8,0,0,0,1732.05,2,0
43.95,8,0,1,0,2812.62,0,1
23.59,19,0,1,0,1778.42,0,1
31.77,13,0,0,0,1913.49,1,0
33.77,11,0,1,0,1262.82,1,0
14.84,17,0,1,0,635.19,0,0
59.08,13,0,0,0,1385.05,1,0
52.46,9,0,0,0,240.31,0,0
154.54,8,0,0,0,956.51,0,0
116.2,11,0,0,0,1496.04,0,0
16.68,18,0,0,0,698.13,0,0
75.21,5,1,1,0,3009.11,0,1
12.79,9,0,0,0,1299.4,0,0
66.42,18,0,0,0,2789.1,0,0
19.75,7,0,0,0,2915.29,0,0
11.9,14,0,0,0,2040.43,0,0
43.82,9,0,0,0,2048.52,0,0
2.28,14,0,0,1,2637.51,1,1
5.75,11,0,0,0,1217.93,1,0
27.73,7,0,0,0,144.54,0,0
35.96,13,0,0,0,2920.36,0,0
22.89,15,0,0,0,2757.94,0,0
6.82,15,0,0,0,2169.9,1,0
14.62,14,0,0,0,3947.16,0,0
48.97,12,0,0,0,2313.38,0,0
59.25,12,0,0,0,1400.55,1,0
32.58,14,0,0,0,3225.22,1,0
105.3,15,0,0,0,4332.7,0,0
49.27,14,0,0,0,3329.11,1,0
15.68,13,0,1,0,4094.37,0,1
25.02,8,0,0,0,551.58,0,0
8.14,9,0,0,0,588.39,0,0
29.72,9,0,0,0,738.0,0,0
100.7,18,0,1,0,3177.7,2,1
65.71,16,0,1,0,1784.2,1,0
134.56,13,0,0,0,2175.81,0,0
24.46,9,0,0,0,1215.54,0,0
127.24,7,0,0,1,3325.67,1,1
27.29,18,0,0,0,3811.8,0,0
144.26,18,0,0,0,762.95,0,0
32.4,7,0,0,0,907.67,0,0
67.17,17,0,0,0,1560.33,2,1
144.77,12,0,0,0,1296.74,0,0
27.29,10,0,0,1,2415.34,0,0
41.2,16,0,1,0,3398.98,0,1
120.16,14,0,0,0,3580.07,1,0
28.99,17,0,1,0,977.6,0,0
8.84,6,0,0,0,831.34,0,0
282.31,10,0,0,0,1668.44,1,0
20.7,10,0,1,0,707.37,0,0
38.81,10,0,0,1,458.5,1,1
105.22,12,0,0,0,1129.49,0,0
18.02,10,0,0,0,1803.05,0,0
12.09,12,0,0,1,2665.9,1,1
42.68,11,0,0,0,3268.59,0,0
5.51,16,0,0,0,1041.51,0,0
24.83,14,0,0,0,3693.05,0,0
42.31,14,0,0,0,199.83,0,0
25.28,9,0,0,0,2026.0,0,0
7.07,10,0,0,0,2867.19,0,0
163.07,2,1,1,1,1346.12,0,1
36.73,7,0,0,0,3092.43,1,0
138.54,9,0,0,0,3908.39,0,0
25.53,5,1,1,0,447.68,0,1
13.74,14,0,0,0,2330.89,0,0
43.34,22,0,0,0,133.53,0,0
26.69,7,0,0,0,1294.11,0,0
10.2,17,0,0,0,659.38,0,0
144.0,7,0,0,0,2828.02,0,0
17.77,15,0,0,1,1156.64,0,0
5.26,14,0,0,0,1306.67,0,0
124.98,18,0,0,0,965.05,0,0
20.0,7,0,1,0,1134.92,0,0
18.03,10,0,0,0,1051.74,0,0
5.67,6,0,1,0,3155.53,0,0
188.85,11,0,1,0,4303.36,0,0
9.12,18,0,0,0,2231.53,0,0
35.11,17,0,0,0,2721.73,0,0
82.49,16,0,0,1,3690.57,0,0
50.49,13,0,0,0,2168.67,0,0
31.2,18,0,1,0,1394.01,2,1
6.04,12,0,0,0,4281.84,0,0
14.74,7,0,0,0,4082.4,0,0
39.96,17,0,0,0,1030.6,0,0
15.07,9,0,0,0,3178.69,1,0
40.58,5,1,0,0,2929.77,0,0
65.48,7,0,0,1,2940.87,0,0
86.7,14,0,0,0,3746.18,0,0
9.72,14,0,0,0,3049.77,1,0
297.87,9,0,0,0,2355.12,0,0
71.34,16,0,0,0,3814.99,0,0
33.06,16,0,0,0,1228.54,1,0
98.45,19,0,0,0,3072.55,0,0
352.63,13,0,0,1,3171.77,0,1
7.86,16,0,0,0,3922.92,1,0
26.44,16,0,0,0,4492.47,0,0
3.07,9,0,0,0,2531.1,0,0
40.15,10,0,0,0,2205.64,0,0
47.72,12,0,0,0,2723.04,1,0
31.84,1,1,0,0,2981.12,0,0
17.21,10,0,0,0,3222.78,3,0
4.27,12,0,0,0,1301.43,0,0
48.11,7,0,0,0,2217.29,0,0
141.94,7,0,1,0,1700.6,0,0
18.34,12,0,0,1,222.54,0,0
51.42,16,0,0,0,2762.38,0,0
6.9,17,0,0,0,3942.92,1,0
52.31,13,0,0,0,4150.55,0,0
22.35,12,0,0,0,2352.54,0,0
15.45,11,0,0,0,3458.19,1,0
15.48,8,0,0,0,3220.24,0,0
22.34,7,0,1,0,1068.6,0,0
48.54,17,0,0,0,329.95,0,0
8.92,12,0,1,0,3377.96,0,0
22.26,17,0,1,0,1307.99,0,0
31.77,15,0,1,0,2494.75,0,1
11.03,8,0,1,0,2382.09,0,1
199.67,12,0,0,1,3689.54,0,0
14.1,12,0,0,0,2918.67,0,0
16.96,11,0,0,0,3819.81,0,0
12.45,13,0,0,0,3397.45,0,0
200.03,21,0,0,0,4499.25,0,0
57.56,17,0,1,0,3894.24,0,0
12.98,18,0,0,0,989.29,0,0
100.11,2,1,0,0,4328.18,0,1
40.48,7,0,0,0,1563.6,0,0
42.83,6,0,0,0,2754.89,1,0
23.47,9,0,0,0,4239.01,0,0
15.65,12,0,0,0,1003.04,0,0
46.42,14,0,1,0,3864.98,0,0
19.2,12,0,0,0,4291.53,0,0
203.72,18,0,0,0,3849.19,0,0
9.31,19,0,0,0,3695.31,1,0
153.88,8,0,1,0,1227.53,0,0
29.63,18,0,0,0,1861.59,0,0
44.66,12,0,1,0,3433.49,0,0
76.18,12,0,1,0,575.84,0,0
17.63,17,0,0,0,4003.26,0,0
78.59,6,0,0,0,985.64,0,0
2.21,18,0,0,0,2563.39,1,0
16.12,15,0,0,0,517.51,1,0
13.14,18,0,1,0,874.1,0,0
9.45,22,0,0,0,2655.48,0,0
26.71,12,0,1,0,2874.16,2,0
48.7,6,0,0,1,1250.39,0,1
66.86,8,0,0,0,579.98,1,0
42.13,10,0,0,0,2495.52,0,0
17.02,7,0,0,0,3790.84,0,0
47.9,17,0,0,0,946.43,0,0
37.5,10,0,0,0,3127.47,2,0
84.44,20,0,0,0,1767.17,0,0
72.02,15,0,1,0,4246.74,0,0
34.14,8,0,0,0,417.45,0,0
13.5,12,0,0,1,227.86,0,1
17.24,12,0,0,0,603.17,0,0
19.11,12,0,1,0,3531.88,0,0
24.16,13,0,0,0,4156.33,0,0
43.3,3,1,0,0,3710.02,0,1
67.71,15,0,1,1,3244.35,0,1
31.47,12,0,1,0,306.25,0,0
33.65,17,0,0,0,1001.46,0,0
38.22,17,0,1,0,4212.44,1,0
19.77,9,0,0,0,2821.43,0,0
13.13,4,1,1,0,2134.04,0,0
5.72,15,0,0,0,2952.79,0,0
16.52,20,0,0,0,844.74,1,0
53.15,12,0,1,0,4023.27,0,1
16.4,9,0,0,0,2970.55,0,0
26.11,8,0,0,0,2147.04,0,0
52.8,10,0,0,1,2085.32,0,0
55.74,10,0,0,0,3709.58,0,0
11.25,11,0,0,0,1420.02,0,0
89.75,14,0,0,0,660.24,0,0
102.24,9,0,1,0,876.23,0,0
10.7,5,1,0,0,411.06,0,1
14.53,11,0,1,0,2309.99,0,0
108.97,18,0,0,0,3063.8,1,0
28.59,12,0,0,0,4206.23,0,0
3.6,20,0,0,0,3391.13,0,0
8.17,12,0,1,0,2644.84,0,0
25.81,9,0,0,0,3894.6,0,0
10.35,8,0,0,0,4020.35,0,0
21.9,15,0,0,0,3220.12,0,0
34.21,13,0,1,0,300.47,0,0
142.92,14,0,0,0,1348.34,1,0
24.77,16,0,0,0,1546.03,0,0
96.79,16,0,1,0,4488.35,0,0
138.21,4,1,0,0,2115.52,0,0
138.98,17,0,1,0,3440.39,1,1
44.02,13,0,1,0,3671.4,1,0
4.65,11,0,0,0,2957.01,0,0
52.5,13,0,0,0,131.33,1,0
94.48,14,0,0,0,136.11,0,0
30.54,7,0,1,0,3693.56,1,0
189.54,11,0,0,0,3339.62,0,0
78.24,10,0,1,0,2435.72,0,0
58.46,11,0,0,0,1157.45,0,0
98.14,6,0,0,0,435.88,0,0
46.22,8,0,0,0,780.99,1,0
2.74,8,0,0,0,2632.44,0,0
20.1,11,0,0,0,2478.93,0,0
109.64,18,0,0,0,4238.64,0,0
14.77,8,0,0,0,4309.88,0,0
26.48,11,0,0,0,2613.23,0,0
11.65,10,0,0,0,3794.38,0,0
197.14,17,0,0,0,3664.51,2,0
177.95,5,1,0,0,3398.08,0,0
13.68,8,0,0,1,1996.15,0,0
38.37,9,0,1,0,1782.86,0,0
16.77,22,0,0,0,1225.4,0,0
61.25,13,0,1,0,4220.07,0,0
55.13,7,0,0,0,3763.19,1,0
74.57,9,0,1,0,838.17,0,0
46.15,8,0,0,0,1173.46,0,0
623.54,7,0,0,0,2636.91,0,0
11.85,17,0,0,0,1890.52,1,0
5.99,12,0,0,0,1001.84,0,0
22.35,14,0,0,0,3570.65,0,0
6.9,10,0,0,0,56.91,0,0
7.44,13,0,0,0,1577.58,0,0
12.17,9,0,0,0,4185.61,0,0
13.17,10,0,1,0,3435.42,0,0
12.75,14,0,0,1,1835.72,0,0
55.6,8,0,0,0,4182.84,0,0
19.96,14,0,0,0,4058.57,0,0
27.67,18,0,0,0,284.0,0,0
80.98,7,0,0,0,619.34,0,0
15.39,18,0,0,0,1773.17,0,0
25.42,6,0,0,0,4185.82,0,0
47.74,10,0,0,0,3806.71,0,0
4.75,14,0,0,0,262.54,0,0
3.05,13,0,1,0,2329.87,0,0
46.81,6,0,1,0,3255.13,0,0
54.16,17,0,0,0,1277.86,0,0
260.92,20,0,0,0,3265.23,0,0
38.79,8,0,0,0,1695.28,0,0
75.17,18,0,0,0,1269.55,0,0
27.24,13,0,0,0,1796.91,0,0
44.58,19,0,0,0,4281.06,0,0
175.43,8,0,0,0,4078.56,0,0
3.96,17,0,1,0,4117.08,2,0
50.08,5,1,1,0,4132.34,0,0
280.22,18,0,1,0,843.32,0,0
43.91,15,0,0,0,4037.47,0,0
172.53,11,0,1,0,994.63,0,0
17.65,8,0,0,0,3779.7,1,0
32.07,17,0,0,0,2461.45,0,0
34.24,14,0,1,0,1117.83,0,0
3.61,11,0,1,0,1823.42,0,0
10.3,12,0,1,0,1978.53,0,0
11.06,17,0,0,0,3312.61,0,0
75.34,10,0,0,0,2746.8,1,0
79.21,6,0,0,0,3684.68,0,0
45.79,18,0,1,0,1815.78,0,1
75.5,11,0,0,0,3358.98,3,0
28.1,10,0,0,1,3577.98,0,0
110.16,8,0,0,0,330.99,0,0
33.41,18,0,0,0,1721.59,0,0
35.09,9,0,1,0,3992.65,0,0
25.39,14,0,0,0,3187.14,0,0
65.66,18,0,0,0,1912.09,0,0
21.73,3,1,1,1,864.24,2,1
87.92,17,0,0,0,479.92,0,0
10.67,11,0,1,0,1070.61,1,0
11.04,14,0,1,0,1138.88,0,0
65.85,11,0,0,0,1699.45,0,0
30.31,15,0,0,0,837.3,0,0
21.03,9,0,0,0,699.91,0,0
80.65,2,1,0,0,3805.83,0,0
18.04,19,0,0,0,1160.45,0,0
27.11,1,1,0,0,2549.14,0,0
134.19,17,0,0,0,936.88,0,0
154.34,8,0,0,0,2238.3,0,0
159.56,11,0,0,0,1281.37,0,0
24.97,17,0,0,0,436.26,0,0
113.38,8,0,0,0,4420.68,0,0
12.82,18,0,0,0,2087.24,0,0
13.37,12,0,0,0,1799.06,0,0
3.16,11,0,1,0,936.09,0,0
176.42,15,0,0,0,2254.38,0,0
13.96,10,0,1,0,2876.72,0,0
29.18,10,0,0,0,1405.69,0,0
13.33,16,0,0,0,2187.86,0,0
66.36,10,0,1,0,1105.01,0,1
22.75,8,0,0,0,2398.32,0,0
8.98,17,0,0,0,3553.1,1,0
51.5,17,0,0,0,317.95,0,0
7.9,12,0,0,0,2354.38,0,0
14.33,13,0,0,0,1827.17,0,0
4.03,15,0,0,0,379.48,0,0
7.97,12,0,0,0,4235.27,0,0
39.59,11,0,1,0,1206.3,0,0
4.64,22,0,1,0,2562.52,0,1
7.53,7,0,0,0,1708.16,0,0
33.04,13,0,1,0,1256.54,0,0
19.23,18,0,0,0,2395.95,0,0
242.75,15,0,0,0,3116.18,0,0
207.24,18,0,1,0,3545.63,0,0
13.9,10,0,0,0,2870.96,0,0
57.81,9,0,0,0,2392.02,0,0
70.06,18,0,0,0,3508.81,0,0
18.22,11,0,0,0,2352.68,0,0
7.42,15,0,0,0,4385.31,0,0
32.71,7,0,1,0,2394.0,0,0
27.86,16,0,0,0,1461.75,0,0
21.42,13,0,0,0,2036.31,2,1
51.54,9,0,0,0,2230.46,0,0
15.63,12,0,1,0,1311.51,0,0
10.46,15,0,0,0,756.41,0,0
36.93,1,1,0,0,1969.66,0,0
48.71,14,0,1,0,4041.8,2,0
10.21,13,0,0,0,1187.11,0,0
83.77,9,0,0,0,1660.09,0,0
5.64,16,0,0,0,3421.87,0,0
18.58,10,0,0,0,416.12,1,0
25.58,9,0,0,0,3721.56,0,0
17.53,12,0,0,0,3255.24,0,0
18.82,15,0,0,0,2496.45,0,0
215.09,19,0,1,0,982.18,1,0
14.14,7,0,0,0,462.42,1,0
380.4,11,0,0,0,1081.15,1,0
51.27,5,1,1,0,3438.65,1,0
36.31,16,0,0,0,4204.05,0,0
53.32,12,0,0,0,3333.6,1,0
415.68,15,0,0,0,2397.9,0,0
12.26,10,0,0,0,4280.54,0,0
10.8,17,0,0,0,3737.12,0,0
15.57,13,0,0,0,2968.48,0,0
34.2,19,0,1,0,218.68,0,0
5.9,6,0,0,0,1330.41,1,0
33.86,12,0,0,0,1421.53,0,0
180.11,16,0,0,0,1595.24,1,0
38.53,14,0,1,0,1782.77,0,0
24.71,2,1,0,0,4230.19,0,0
17.85,20,0,1,0,3351.33,0,1
81.33,10,0,0,0,3129.11,0,0
14.5,9,0,0,1,1947.99,2,1
209.85,12,0,0,0,1552.1,0,0
228.92,13,0,0,0,582.12,0,0
42.81,16,0,0,0,2068.05,2,1
32.74,11,0,0,0,963.77,1,0
92.82,12,0,1,0,1790.0,0,0
98.97,13,0,1,0,745.94,0,1
14.79,11,0,0,0,1580.78,0,0
19.56,18,0,1,0,241.26,1,0
8.83,18,0,0,0,76.8,0,0
49.85,12,0,0,0,3921.1,0,0
64.5,0,1,0,0,2903.63,0,1
8.59,18,0,0,0,2665.12,0,0
21.01,7,0,0,0,2336.38,0,0
8.61,9,0,0,0,3283.94,0,0
13.48,8,0,1,0,3325.94,0,1
57.46,8,0,0,0,4211.87,0,0
15.9,17,0,1,0,1137.63,3,0
24.51,13,0,0,1,3544.13,0,0
6.51,19,0,0,0,4460.65,0,0
39.92,9,0,1,0,179.15,0,0
31.68,12,0,0,0,1714.24,0,0
15.98,20,0,1,1,1990.36,0,1
27.41,17,0,0,0,3707.15,0,0
39.66,16,0,1,0,111.16,0,0
14.66,8,0,0,0,2713.86,0,0
7.57,16,0,0,0,4021.98,0,0
201.46,10,0,0,0,706.94,0,0
17.58,13,0,1,0,564.3,0,0
30.06,14,0,0,0,4499.05,0,0
91.0,14,0,1,0,3725.52,0,1
1128.96,16,0,0,0,3153.51,0,1
9.54,15,0,0,0,1825.47,0,0
51.93,5,1,0,0,3850.14,3,1
16.32,12,0,0,1,4156.34,0,1
19.32,15,0,0,0,3309.22,0,0
16.12,10,0,0,0,1821.52,0,0
10.74,10,0,1,0,2646.74,0,0
31.78,7,0,0,0,488.4,0,0
7.58,11,0,0,0,753.19,0,0
85.35,21,0,0,0,3534.52,0,0
34.99,10,0,1,1,180.45,0,1
50.52,13,0,0,0,268.92,0,0
20.78,16,0,0,0,2310.7,0,0
22.94,1,1,0,0,808.86,0,1
44.15,18,0,1,0,1356.98,0,0
10.34,11,0,1,0,1824.8,0,0
23.15,18,0,1,0,2374.04,1,0
14.02,3,1,1,0,1311.73,0,0
13.59,7,0,0,0,2201.78,0,0
4.02,10,0,0,0,1699.55,0,0
126.38,10,0,0,1,410.59,0,0
16.67,17,0,0,0,3908.72,0,0
105.99,1,1,0,1,1302.08,0,1
96.43,14,0,0,0,2761.71,0,0
9.15,7,0,0,0,2585.61,0,0
11.15,17,0,0,0,936.29,0,0
428.59,16,0,0,0,183.31,0,1
190.74,12,0,0,0,3863.34,0,0
32.09,9,0,1,0,2264.72,0,0
42.84,14,0,0,1,1894.38,0,1
17.62,8,0,1,0,3444.95,0,0
51.03,8,0,0,0,197.56,0,0
16.16,14,0,0,0,3455.21,0,0
4.34,22,0,0,0,1869.67,0,0
8.83,18,0,0,0,2504.73,0,0
33.82,13,0,1,0,3398.35,0,1
10.69,13,0,0,0,2483.31,0,0
30.96,22,0,1,0,324.89,1,0
11.31,13,0,0,1,3292.27,0,1
15.14,11,0,0,0,3549.22,0,0
77.72,18,0,0,0,2105.42,0,0
42.41,9,0,0,0,2003.81,0,0
32.8,6,0,0,0,1171.07,0,0
79.76,14,0,0,0,2916.52,0,0
53.55,6,0,1,0,3974.85,0,0
140.69,11,0,0,0,2969.06,0,0
20.91,11,0,0,0,3482.4,0,0
21.55,13,0,1,0,3776.68,1,1
9.02,22,0,0,0,1056.34,0,0
21.56,9,0,0,0,1839.36,0,0
86.9,11,0,0,0,1990.02,0,0
121.51,7,0,1,0,2537.11,0,1
86.51,14,0,0,0,268.86,0,0
5.51,16,0,0,0,2668.41,0,0
97.82,12,0,1,0,443.92,0,0
5.27,9,0,1,0,3639.24,0,0
81.3,14,0,0,0,4335.45,1,0
22.92,13,0,1,0,1339.43,0,0
66.86,8,0,1,0,2304.44,0,0
8.74,11,0,0,0,3713.18,0,0
106.82,12,0,0,0,1450.21,0,0
7.65,21,0,1,1,752.11,1,1
16.97,17,0,0,1,3338.83,0,1
12.21,16,0,0,0,3157.71,0,0
5.73,18,0,1,0,2586.26,2,1
36.4,16,0,1,0,4252.74,1,1
201.56,18,0,0,0,4300.29,1,0
476.71,5,1,0,0,3883.89,1,0
36.49,12,0,0,0,1353.94,0,0
101.16,16,0,0,0,1052.88,2,0
41.77,13,0,1,1,3769.05,1,1
54.54,8,0,0,0,2948.56,0,0
23.52,10,0,0,0,1812.76,0,0
40.25,10,0,1,0,1873.42,0,0
56.68,9,0,0,0,3847.33,0,0
18.57,10,0,0,0,776.45,0,0
30.65,12,0,0,0,4250.68,0,0
31.24,18,0,0,0,2867.81,1,0
75.67,16,0,0,0,3571.54,0,0
11.4,17,0,0,0,1700.36,1,0
31.45,18,0,0,1,2661.69,0,0
224.08,11,0,1,1,3387.46,0,1
106.07,10,0,0,0,1986.33,0,0
127.64,5,1,0,0,2221.32,0,0
33.93,19,0,0,0,2640.26,0,0
45.65,5,1,0,0,332.16,0,1
90.22,16,0,0,0,3891.18,0,0
157.63,11,0,1,0,3906.72,0,1
4.7,19,0,0,0,1302.31,0,0
8.89,11,0,0,0,3965.21,0,0
122.66,17,0,0,0,3366.12,2,0
25.11,10,0,0,0,2200.2,0,0
16.92,10,0,1,0,1597.55,0,0
9.45,13,0,1,0,1827.24,1,0
19.01,22,0,0,0,2428.16,0,0
8.15,12,0,1,0,1885.72,0,0
268.03,19,0,0,0,1920.06,1,0
32.38,17,0,0,0,953.9,0,0
31.25,17,0,1,0,3199.76,0,1
59.63,12,0,0,0,2762.68,0,0
86.69,11,0,0,0,4463.96,3,0
85.28,8,0,0,0,678.54,0,0
96.89,20,0,0,0,556.14,0,0
17.62,19,0,0,0,2345.9,0,0
24.58,16,0,1,0,726.36,0,0
71.45,10,0,0,0,2767.26,0,0
19.54,9,0,0,0,922.71,1,0
32.95,21,0,0,0,2199.34,0,0
49.34,5,1,0,0,2770.34,0,0
72.62,17,0,1,0,2088.28,0,0
5.6,11,0,1,0,1473.93,0,1
67.68,11,0,1,0,3531.31,0,0
26.21,17,0,0,0,3853.23,0,0
67.19,6,0,1,0,1287.32,1,0
72.02,11,0,0,1,3669.6,0,0
165.33,19,0,0,0,1792.77,0,0
128.18,15,0,1,0,2219.93,0,0
127.3,16,0,0,0,1081.29,1,0
140.28,16,0,0,0,2834.47,0,0
44.32,5,1,1,0,499.12,0,1
34.2,8,0,1,1,2682.79,0,0
79.27,12,0,0,0,4454.25,1,0
68.86,11,0,1,0,3402.93,0,1
24.31,11,0,1,0,4032.92,0,0
49.64,17,0,1,0,2115.67,1,0
31.97,1,1,0,0,682.37,0,1
14.1,15,0,1,0,1333.66,0,1
120.36,0,1,1,0,268.18,1,0
34.99,5,1,0,0,2283.06,0,0
256.91,11,0,0,0,2941.02,0,0
6.52,17,0,0,0,1938.95,0,0
18.98,7,0,0,0,2556.26,0,0
34.21,13,0,1,0,1477.13,0,1
103.27,15,0,0,0,432.07,0,0
49.38,9,0,0,0,1972.4,0,0
45.17,12,0,1,0,2487.7,0,1
10.73,18,0,0,0,4422.72,0,0
10.41,12,0,0,0,1595.37,0,0
45.72,8,0,0,0,3066.07,0,0
8.46,14,0,0,0,3710.68,0,0
19.46,13,0,1,1,1542.49,0,1
54.65,2,1,1,0,4188.19,0,1
12.4,6,0,0,0,1557.8,0,0
164.9,8,0,1,0,4365.63,0,0
112.61,7,0,0,0,59.6,0,0
6.88,9,0,0,0,2872.07,0,0
13.03,12,0,0,0,3565.17,0,0
3.37,11,0,1,0,1296.27,0,0
15.14,18,0,0,1,570.87,0,0
71.26,14,0,0,1,158.44,0,0
21.89,18,0,0,0,381.11,0,0
52.5,13,0,0,0,2466.5,0,0
7.23,6,0,1,0,3784.29,0,0
73.55,12,0,0,0,330.93,0,0
19.01,17,0,1,0,553.65,0,0
33.52,8,0,0,0,72.71,0,0
30.18,6,0,1,0,1306.13,0,0
9.29,10,0,1,0,4149.55,0,0
10.45,11,0,0,0,1279.48,0,0
87.16,10,0,0,0,2011.62,0,0
49.35,7,0,1,0,846.36,1,0
94.64,9,0,1,0,567.47,0,0
45.82,15,0,0,0,861.66,0,0
38.21,11,0,0,0,986.43,1,0
5.89,14,0,1,0,629.79,0,0
25.27,13,0,0,0,3572.41,0,0
32.22,13,0,0,0,2173.74,1,0
233.48,9,0,1,0,2451.97,0,0
65.82,13,0,1,0,1717.2,0,0
153.86,2,1,1,0,987.81,0,1
60.19,12,0,0,0,467.86,0,0
16.26,13,0,1,0,387.87,0,0
37.23,8,0,0,0,873.88,0,0
41.94,9,0,0,0,3833.28,0,0
12.95,9,0,0,0,1013.63,0,0
22.55,6,0,1,0,1628.95,0,1
26.96,10,0,0,1,2598.74,0,1
164.95,20,0,1,0,2325.79,0,1
4.13,11,0,1,0,3012.9,1,1
110.59,12,0,0,0,914.7,0,0
12.98,14,0,1,0,2382.02,0,0
8.4,14,0,1,0,3466.48,0,0
107.76,19,0,0,0,1774.41,0,0
68.85,18,0,0,0,4374.93,0,0
116.11,17,0,0,0,2621.87,0,0
73.75,19,0,0,0,3052.98,0,0
259.78,9,0,1,0,2092.94,0,0
57.9,14,0,0,0,3867.44,0,0
28.32,18,0,1,0,2059.12,0,0
46.66,14,0,1,0,4243.15,0,0
114.83,20,0,0,0,1418.33,0,0
15.19,7,0,0,0,3902.9,0,0
17.26,12,0,0,0,2895.12,0,0
24.31,20,0,0,0,3605.79,2,1
4.04,11,0,0,0,217.77,0,0
38.02,16,0,0,0,1283.89,0,0
5.02,3,1,0,0,3819.5,0,0
34.92,15,0,0,0,1466.58,0,0
78.67,19,0,1,0,3221.32,3,0
20.56,11,0,0,0,4465.24,2,1
177.17,2,1,0,0,838.4,0,0
7.69,2,1,0,0,1908.08,0,0
108.99,18,0,0,0,784.81,0,0
65.05,16,0,0,0,736.57,0,0
5.95,7,0,0,0,2867.04,1,0
498.1,5,1,0,0,901.62,0,0
31.07,17,0,0,0,2197.81,0,0
13.77,17,0,0,0,4401.84,0,0
8.11,7,0,0,0,1532.43,0,0
26.58,10,0,0,1,3937.65,0,0
29.15,17,0,1,0,1813.82,0,1
36.7,13,0,0,0,1219.75,0,0
24.59,19,0,0,0,1546.32,0,0
62.38,12,0,1,0,618.2,0,0
22.47,15,0,1,0,3071.48,3,1
4.78,12,0,1,0,2315.14,0,1
28.52,19,0,0,0,2781.55,0,0
3.1,11,0,0,0,1398.76,0,0
47.17,9,0,0,1,2957.92,0,0
12.44,10,0,1,0,782.47,0,0
38.99,18,0,1,0,2953.5,0,0
123.23,12,0,0,0,411.06,0,0
12.82,11,0,0,0,1831.22,1,0
95.7,13,0,0,0,2763.4,2,1
21.47,7,0,0,0,3856.16,0,0
191.18,0,1,1,0,3665.25,0,1
22.99,10,0,0,0,2394.93,0,0
14.29,14,0,0,1,3981.0,0,0
65.84,15,0,1,0,2301.27,0,0
21.42,17,0,0,0,2351.39,0,0
14.28,19,0,0,0,3256.46,0,0
20.54,11,0,0,0,3956.13,1,0
31.67,16,0,0,0,2732.09,0,0
126.75,6,0,0,1,4251.65,0,0
4.79,5,1,0,1,1085.01,0,1
33.89,7,0,0,0,4163.18,0,0
61.86,12,0,0,0,1036.36,0,0
40.18,9,0,0,0,2392.55,0,0
122.72,10,0,1,0,3592.34,0,0
30.74,14,0,0,0,3617.05,0,0
27.53,11,0,0,0,1287.81,2,0
59.88,13,0,0,0,4437.23,0,0
36.57,11,0,0,0,408.69,0,0
22.41,8,0,0,0,204.78,0,0
55.49,6,0,1,0,3794.81,0,0
17.24,9,0,0,0,3694.63,0,0
17.97,5,1,0,0,3222.04,1,0
19.53,14,0,0,0,3835.94,0,0
128.13,17,0,1,0,662.14,0,1
1.32,10,0,1,0,475.81,0,0
49.19,11,0,0,0,4363.84,0,0
34.27,17,0,0,0,2827.86,0,0
6.17,9,0,0,0,4143.32,1,0
45.14,7,0,1,0,4083.67,0,0
53.29,12,0,0,0,2956.47,0,0
59.72,14,0,0,0,2846.71,0,0
2.34,13,0,0,0,1651.76,0,0
129.85,15,0,0,1,713.54,2,0
15.84,5,1,0,0,3105.39,1,0
65.8,11,0,0,0,3689.48,0,0
69.48,9,0,1,1,2473.58,0,0
13.78,16,0,0,0,276.37,0,0
64.1,18,0,0,0,694.88,0,0
22.52,10,0,0,0,503.72,0,0
4.17,6,0,0,0,2977.35,0,0
106.46,9,0,0,0,2563.31,0,0
15.26,7,0,1,1,2125.93,0,0
14.09,10,0,0,0,2468.17,0,0
22.13,13,0,1,0,1278.0,2,1
43.48,20,0,0,0,3631.04,0,0
31.27,11,0,0,0,1512.03,0,0
57.29,9,0,0,0,2917.14,0,0
8.68,8,0,1,0,1789.39,3,0
15.76,8,0,0,0,371.14,0,0
29.49,8,0,0,0,1193.43,0,0
220.94,16,0,0,1,4344.69,0,0
29.55,5,1,0,0,897.89,0,0
98.02,22,0,0,0,516.93,0,0
34.42,13,0,0,0,1345.63,0,0
20.42,13,0,1,0,3956.77,0,0
25.87,11,0,0,0,1411.82,0,0
27.98,15,0,0,0,1907.34,0,0
60.56,12,0,1,1,1429.84,0,0
130.92,10,0,0,0,4450.93,1,0
47.45,9,0,0,0,4499.44,1,0
108.54,19,0,1,0,2198.34,0,0
12.62,10,0,0,0,3542.47,0,0
21.88,12,0,0,0,1029.27,0,0
16.05,11,0,0,0,1715.61,0,0
45.35,6,0,0,1,3073.06,0,0
23.13,8,0,0,0,1324.16,0,0
68.7,8,0,0,0,1049.91,2,1
13.05,15,0,0,0,4153.96,1,0
34.57,11,0,0,0,1137.13,0,0
65.82,17,0,1,0,313.79,0,0
4.2,15,0,0,0,3392.34,0,0
276.34,8,0,1,0,1132.54,0,0
24.95,13,0,0,0,2053.32,0,0
4.37,16,0,0,0,546.43,0,0
38.79,14,0,0,0,354.89,0,0
34.24,14,0,0,0,2098.98,1,0
30.51,16,0,0,0,1550.04,0,0
89.23,5,1,1,0,2301.37,0,0
69.93,16,0,0,0,4347.74,0,0
44.61,9,0,0,0,1862.88,0,0
51.94,13,0,0,0,2731.82,0,0
29.83,9,0,0,0,484.3,0,0
195.49,17,0,0,0,3992.33,0,0
7.54,12,0,1,0,3636.08,0,0
38.08,14,0,0,0,2374.71,0,0
35.34,17,0,0,0,866.03,1,0
74.69,18,0,0,0,1945.48,0,0
14.24,16,0,1,0,1373.36,0,0
5.79,7,0,0,0,4475.6,0,0
38.74,18,0,0,0,2234.23,1,0
43.87,14,0,0,0,1928.94,0,0
146.88,14,0,0,0,802.31,0,0
9.3,19,0,1,0,1114.03,0,0
105.08,9,0,0,0,3216.57,1,0
353.33,9,0,1,0,2430.35,3,1
22.7,12,0,0,0,1643.24,0,0
9.11,16,0,0,0,1371.71,2,0
22.04,12,0,0,0,943.29,0,0
33.58,14,0,1,0,200.85,0,0
58.19,12,0,0,0,4398.32,0,0
18.33,14,0,0,1,3401.34,0,0
156.84,17,0,1,0,4179.03,0,0
10.86,8,0,0,0,1885.85,0,0
5.82,15,0,0,0,3918.75,0,0
100.15,17,0,1,0,1190.31,0,0
3.41,12,0,0,0,2318.76,0,0
27.0,10,0,1,0,951.03,0,1
748.21,1,1,0,0,3478.0,0,0
32.72,17,0,0,0,2264.33,0,0
10.8,10,0,0,0,2436.41,1,0
31.27,11,0,0,0,3874.57,1,0
31.48,10,0,0,0,3339.52,0,0
38.89,12,0,0,0,4349.88,0,0
64.22,15,0,1,0,1853.75,0,0
11.72,16,0,1,0,2103.47,0,1
179.03,11,0,0,0,2788.26,0,0
42.31,15,0,0,0,2067.24,0,0
68.5,16,0,0,0,1917.29,0,0
17.67,10,0,0,0,1565.54,0,0
119.87,6,0,1,0,3751.88,0,1
25.61,18,0,0,0,2424.03,0,0
43.71,15,0,0,0,2752.94,0,0
13.03,14,0,0,0,958.14,0,0
12.22,5,1,0,0,1170.41,0,0
65.9,17,0,0,0,1562.08,0,0
21.25,13,0,0,0,2120.89,0,0
14.1,17,0,0,1,245.48,0,0
17.41,20,0,0,0,4003.34,0,0
66.62,19,0,0,0,4071.52,0,0
17.65,18,0,1,0,2994.48,0,0
29.44,1,1,0,0,1456.44,0,0
33.62,18,0,0,1,1764.67,0,0
4.87,6,0,0,0,3316.53,0,0
7.61,18,0,0,0,1323.99,0,0
46.35,10,0,1,0,2759.69,1,0
15.85,14,0,1,0,4082.91,0,0
95.27,3,1,1,0,1876.49,0,0
87.08,16,0,1,0,2662.37,0,0
67.98,7,0,1,0,4182.22,0,0
204.34,11,0,0,0,1565.59,0,0
30.48,17,0,0,0,3430.4,1,0
63.36,15,0,0,0,3410.29,0,0
18.46,0,1,1,0,4181.8,3,0
384.66,11,0,0,0,3870.72,0,0
240.72,4,1,0,0,3382.29,1,1
33.51,15,0,1,0,2882.49,0,0
48.74,20,0,0,0,1123.29,0,0
128.93,14,0,0,0,3034.39,0,0
28.58,9,0,1,0,1280.17,0,1
17.17,11,0,1,0,2008.09,0,0
79.36,20,0,1,1,3208.16,0,1
35.82,9,0,1,0,3053.28,0,1
39.77,13,0,0,0,1835.34,0,0
14.38,11,0,0,0,862.91,1,0
5.94,16,0,0,0,2204.43,0,0
41.94,18,0,1,0,1251.38,0,0
81.86,10,0,0,0,1186.68,0,0
26.42,15,0,0,0,1504.23,0,0
139.27,13,0,0,0,3192.76,0,0
16.38,9,0,0,0,2262.92,0,0
11.53,9,0,0,0,1710.61,1,0
30.96,13,0,1,0,4057.65,0,0
30.49,8,0,0,0,3195.17,0,0
71.52,17,0,0,0,2251.21,0,0
15.26,5,1,0,0,1924.73,0,0
130.07,6,0,0,0,3694.09,0,0
236.73,10,0,0,0,819.51,0,0
31.84,7,0,0,0,3005.48,0,0
115.55,12,0,1,0,143.52,0,0
11.51,11,0,1,0,80.98,0,0
97.05,16,0,1,0,4196.44,0,0
94.38,19,0,0,0,2337.25,0,0
78.53,16,0,1,0,1452.27,2,0
32.6,8,0,1,0,3586.4,1,0
1.73,19,0,1,0,4432.48,0,1
17.43,11,0,0,0,203.14,0,0
17.71,12,0,0,0,218.93,0,0
12.45,11,0,0,0,3853.78,0,0
37.42,10,0,1,0,2527.38,2,1
21.78,18,0,0,1,3978.2,2,0
14.52,10,0,0,0,3141.16,1,0
11.49,13,0,0,0,2144.11,0,0
16.19,9,0,1,0,767.99,0,0
101.65,17,0,1,1,1784.88,0,0
17.1,16,0,1,0,3552.8,0,1
19.79,10,0,1,0,1090.93,1,0
20.97,15,0,0,0,3220.03,0,0
46.48,15,0,0,0,1150.68,0,0
52.26,13,0,1,0,2112.73,1,0
1.58,14,0,1,1,430.17,0,1
91.99,13,0,0,0,2074.74,0,0
139.26,6,0,0,0,2776.53,1,0
11.59,15,0,0,0,2556.77,2,1
12.52,12,0,0,1,1858.78,0,0
21.11,12,0,0,0,1695.14,1,0
15.55,18,0,0,0,1275.52,1,0
41.43,2,1,1,0,3463.61,2,0
4.73,9,0,0,0,3532.74,0,0
10.83,7,0,0,0,2199.47,0,0
154.35,3,1,0,0,1752.4,0,0
13.09,9,0,1,1,2886.53,0,1
114.83,21,0,0,0,2531.91,0,0
47.24,9,0,0,0,3019.29,0,0
5.42,15,0,0,0,1411.77,0,0
62.51,7,0,0,0,3558.16,0,0
29.44,14,0,0,0,1459.51,0,0
21.0,21,0,0,1,1913.32,1,1
42.31,10,0,0,0,639.28,0,0
53.23,17,0,0,0,3856.39,0,0
67.19,22,0,0,0,2917.02,0,0
107.58,13,0,1,0,1097.03,0,0
49.81,10,0,1,0,3840.15,0,0
8.37,15,0,0,0,3186.33,0,0
20.62,17,0,0,0,2017.7,0,0
628.32,8,0,0,0,4454.8,0,1
68.34,12,0,0,0,1550.58,1,0
354.0,10,0,1,0,493.0,0,1
133.68,10,0,0,0,3313.89,2,1
42.17,18,0,1,0,3418.87,0,0
44.76,11,0,1,0,312.39,0,0
31.93,10,0,0,0,3696.42,0,0
5.83,14,0,0,0,3502.94,0,0
33.72,9,0,0,0,4186.7,0,0
111.13,9,0,0,1,577.54,1,0
18.18,13,0,1,0,2723.6,0,0
50.0,11,0,0,0,1026.43,0,0
77.6,10,0,0,1,1827.52,0,0
13.33,5,1,1,0,1229.65,0,1
21.09,13,0,1,0,2049.37,0,0
11.97,17,0,0,0,552.3,0,0
14.55,18,0,1,0,1400.64,0,0
9.14,9,0,0,0,365.59,0,0
13.46,13,0,1,0,2238.65,0,0
136.93,18,0,0,0,1370.24,0,0
13.26,11,0,1,0,2676.87,0,0
37.58,19,0,0,0,2081.19,0,0
20.03,18,0,0,0,1135.15,0,0
107.65,8,0,0,0,508.08,0,0
122.87,9,0,0,0,3402.26,0,0
78.58,8,0,0,0,2867.44,0,0
44.98,8,0,1,0,196.54,0,0
26.28,18,0,1,0,4452.68,0,0
10.06,19,0,1,0,2909.08,3,1
231.26,5,1,1,0,971.95,0,1
15.49,13,0,1,0,3790.21,0,0
64.31,13,0,1,0,3975.35,0,1
95.54,11,0,0,0,2602.9,0,0
19.01,14,0,1,0,3990.8,1,0
93.5,19,0,0,0,179.81,0,0
71.11,8,0,1,0,4255.99,0,0
186.41,7,0,0,1,304.56,0,1
20.71,3,1,0,0,2908.64,0,0
9.15,11,0,0,1,1589.23,0,0
19.98,10,0,0,0,224.94,0,0
40.81,12,0,0,0,4185.33,0,0
35.1,12,0,1,0,652.34,0,1
22.34,16,0,0,0,3849.16,0,0
4.91,11,0,0,1,1520.04,0,0
53.01,10,0,0,0,3348.18,0,0
238.02,17,0,0,0,1181.28,0,0
52.68,17,0,0,0,2646.28,0,0
60.89,9,0,0,1,3608.01,0,0
58.7,10,0,0,0,2569.5,0,0
49.26,17,0,0,0,1414.16,0,0
84.07,6,0,0,0,1088.79,0,0
49.17,10,0,1,0,827.88,0,0
24.22,12,0,0,0,3782.72,0,0
14.94,8,0,0,0,2768.69,0,0
25.82,8,0,0,0,2313.62,0,0
45.34,11,0,0,0,1160.63,0,0
24.14,16,0,0,0,1980.2,0,0
45.35,17,0,0,0,2809.28,0,0
51.37,20,0,1,0,369.87,1,0
76.19,6,0,0,1,1655.18,0,0
119.44,9,0,0,0,1115.79,0,0
35.8,16,0,0,0,2926.99,2,0
8.96,13,0,0,0,2747.9,0,0
23.45,10,0,0,0,1382.4,0,0
34.61,8,0,0,0,235.26,0,0
5.28,10,0,1,0,863.52,0,1
132.78,11,0,0,0,762.28,0,0
38.18,8,0,0,0,2579.35,0,0
48.49,20,0,1,0,803.35,0,0
129.74,7,0,0,0,2196.39,0,0
17.63,21,0,0,0,2784.65,0,0
58.79,17,0,0,0,3964.07,0,0
29.67,11,0,0,0,1140.37,1,0
27.55,16,0,1,0,877.31,0,0
15.3,15,0,0,0,820.98,0,0
175.14,9,0,0,1,1653.91,2,1
22.75,10,0,1,0,2938.86,0,0
66.65,12,0,0,0,3039.79,1,0
5.08,14,0,0,0,988.78,0,0
107.77,13,0,0,0,633.99,0,0
94.84,12,0,1,0,2046.62,0,0
36.5,12,0,1,0,678.3,0,0
26.39,12,0,0,0,3667.5,0,0
49.4,12,0,1,0,423.27,0,1
326.62,13,0,1,1,3396.82,0,1
5.68,18,0,1,0,239.78,0,1
72.39,14,0,0,0,3641.08,1,0
13.31,16,0,1,0,2840.82,2,0
32.46,13,0,0,0,1484.56,2,1
25.85,14,0,1,0,1854.56,0,0
21.58,13,0,0,0,3047.6,0,0
32.77,2,1,0,0,876.05,0,0
10.65,22,0,1,1,4011.93,0,1
92.68,3,1,1,0,2198.85,0,0
5.51,11,0,0,0,3432.62,0,0
56.81,7,0,0,1,2304.8,1,1
23.89,6,0,0,0,2062.64,0,0
10.27,17,0,0,0,2139.79,0,0
40.54,11,0,0,0,1665.9,0,0
6.98,17,0,0,0,3310.76,0,0
34.46,9,0,0,0,3815.38,0,0
7.98,9,0,0,0,3852.07,0,0
52.52,9,0,0,0,589.1,0,0
13.14,14,0,1,0,3438.09,0,0
21.09,17,0,0,1,939.8,2,1
44.43,12,0,0,0,104.19,0,0
15.29,11,0,1,0,1275.79,0,0
31.25,20,0,0,0,1353.27,1,0
7.29,7,0,0,0,3653.56,0,0
62.23,12,0,0,0,3353.66,0,0
193.43,11,0,0,0,426.85,0,0
540.35,6,0,0,1,1500.53,0,1
36.28,9,0,0,0,1168.28,0,0
72.84,2,1,1,0,2699.78,0,0
5.58,18,0,0,0,2459.73,0,0
148.82,14,0,1,0,3071.16,0,0
71.97,17,0,0,0,4102.75,0,0
20.41,13,0,0,1,1923.78,0,0
114.11,13,0,0,0,2968.86,0,0
25.68,15,0,0,0,4136.67,0,0
20.95,18,0,1,0,2460.48,0,0
53.27,6,0,0,0,1421.85,0,0
11.43,10,0,0,0,1842.91,0,0
91.98,15,0,0,0,3408.03,0,0
11.52,19,0,0,0,3254.05,0,0
11.59,21,0,1,0,3380.45,2,0
13.33,14,0,1,0,3357.67,3,1
70.77,8,0,1,0,4146.04,0,1
17.87,7,0,0,0,3449.82,0,0
8.6,19,0,0,0,3856.7,0,0
18.07,12,0,0,0,2603.02,0,0
32.07,8,0,0,0,2916.56,0,0
10.17,19,0,0,0,4356.35,0,0
10.47,7,0,1,0,3922.84,0,1
273.5,16,0,1,0,3509.25,0,0
14.01,14,0,1,1,3100.54,0,0
23.97,6,0,0,0,1645.41,0,0
22.94,10,0,0,1,2489.16,0,1
21.73,7,0,1,0,295.32,1,1
61.64,14,0,1,0,1901.94,2,1
85.47,12,0,1,0,547.94,0,0
24.39,0,1,0,0,3292.45,0,0
9.62,20,0,1,0,4020.81,0,0
118.44,10,0,0,0,824.67,0,0
30.1,9,0,0,0,1143.29,0,0
186.85,9,0,1,0,3863.57,0,1
3.51,8,0,0,0,2656.95,0,0
40.26,22,0,0,0,2667.97,0,0
225.56,10,0,0,0,2554.8,0,0
23.26,11,0,0,0,1021.26,0,0
26.43,18,0,0,0,1132.7,0,0
44.5,14,0,0,0,4275.91,0,0
18.94,11,0,0,0,3269.44,0,0
24.24,18,0,0,0,452.43,0,0
23.62,16,0,1,0,1042.08,0,1
17.68,9,0,0,0,2840.66,0,0
113.17,14,0,1,0,1311.42,0,0
52.51,19,0,0,0,1170.21,0,0
42.55,12,0,0,0,950.45,0,0
74.33,16,0,0,0,876.48,0,0
25.42,20,0,0,1,2779.32,1,1
15.27,15,0,1,0,4081.03,1,0
18.13,7,0,0,0,1657.04,1,0
33.17,9,0,1,0,590.71,0,0
11.48,13,0,0,0,603.13,0,0
20.08,9,0,1,0,4204.92,0,0
19.76,19,0,0,0,2402.87,1,0
277.15,11,0,0,0,2124.97,0,0
2.07,12,0,0,1,4013.8,0,1
27.67,15,0,0,0,2306.65,0,0
185.99,13,0,0,0,2188.67,0,0
37.41,11,0,0,0,4173.6,0,0
70.35,6,0,0,0,2161.34,0,0
36.59,13,0,1,0,1789.78,0,0
16.99,18,0,1,0,2638.4,0,0
3.52,15,0,0,0,4398.68,0,0
40.67,11,0,0,0,4339.04,0,0
15.25,7,0,0,0,3501.43,0,0
14.87,17,0,1,0,2271.8,1,0
20.11,19,0,0,0,3972.5,0,0
189.59,11,0,0,0,1916.25,0,0
366.81,16,0,0,0,2898.64,0,0
41.15,11,0,0,0,848.45,1,0
20.81,12,0,0,0,2992.73,1,0
10.2,17,0,0,0,1278.67,0,0
52.91,6,0,0,0,3484.3,0,0
196.94,13,0,0,0,1892.48,0,0
25.86,9,0,0,0,1822.92,0,0
3.07,10,0,0,0,3372.27,0,0
64.72,14,0,0,0,1942.67,0,0
88.71,2,1,0,0,3227.4,0,0
6.78,13,0,0,0,3855.04,1,0
39.51,10,0,0,0,659.11,2,1
52.0,15,0,0,0,2181.65,0,0
30.78,7,0,0,0,4254.86,1,0
15.02,16,0,1,0,3664.21,0,0
91.46,14,0,0,0,4382.57,1,0
22.12,20,0,0,0,3878.37,1,0
7.5,18,0,0,0,1430.48,0,0
4.27,10,0,0,0,847.23,0,0
116.85,2,1,1,0,986.91,0,0
61.35,14,0,1,0,1015.17,0,0
36.16,14,0,0,0,387.03,0,0
21.32,2,1,0,0,4085.24,0,0
19.51,7,0,1,0,2286.34,0,0
11.29,13,0,1,0,500.66,0,0
21.51,18,0,0,0,3443.76,0,0
3.97,18,0,0,0,1499.1,0,0
15.86,8,0,1,0,366.12,0,1
24.27,11,0,1,0,894.42,1,0
60.94,4,1,0,0,2976.1,1,0
31.82,12,0,0,0,3583.33,0,0
73.33,16,0,0,0,1178.86,0,0
127.63,17,0,0,0,2617.91,1,0
95.41,12,0,0,0,53.88,0,0
53.01,6,0,0,1,1288.82,0,1
33.51,11,0,1,0,858.27,2,1
12.42,19,0,0,0,390.63,0,0
69.4,9,0,0,1,2203.33,0,0
177.64,10,0,1,0,2858.02,0,0
46.62,16,0,0,0,256.37,0,0
225.26,16,0,1,0,663.62,0,0
7.2,18,0,1,0,4198.7,1,1
10.44,11,0,0,0,1042.85,0,0
77.88,12,0,0,0,3431.95,0,0
43.13,12,0,1,0,3377.42,0,1
123.2,19,0,0,0,1481.04,0,0
32.61,16,0,0,0,958.32,0,0
13.9,17,0,1,0,1135.58,0,0
26.75,7,0,0,0,2568.25,1,0
7.15,17,0,0,1,1746.16,0,0
10.71,12,0,0,0,2255.27,0,0
87.57,2,1,0,0,3661.68,0,0
79.26,5,1,0,0,2285.22,1,1
47.61,15,0,0,0,4478.77,0,0
5.92,11,0,0,0,3012.96,0,0
23.14,18,0,0,0,972.25,0,0
9.73,16,0,1,0,2272.86,0,0
107.4,2,1,0,0,3669.71,0,0
18.47,15,0,0,0,1021.44,0,0
11.18,8,0,0,0,3295.93,0,0
34.12,11,0,1,0,198.85,0,0
17.46,14,0,0,0,4244.72,0,0
146.02,18,0,0,0,3001.96,0,0
15.88,12,0,1,0,773.44,0,0
8.17,17,0,1,0,3940.61,0,0
3.85,17,0,0,0,414.1,0,0
32.11,11,0,1,0,1856.38,0,1
18.88,12,0,1,0,3329.42,0,0
7.93,15,0,1,0,4221.46,0,0
108.77,3,1,0,0,1602.21,0,0
64.54,18,0,0,0,3745.77,0,0
32.19,16,0,0,0,925.55,0,0
129.58,9,0,0,0,206.24,0,0
64.23,21,0,0,0,177.99,0,0
14.54,8,0,0,0,2978.86,0,0
11.71,18,0,0,0,736.22,0,0
75.04,10,0,0,0,273.94,0,0
49.22,16,0,0,0,4396.53,0,0
39.24,12,0,0,0,1126.95,0,0
14.2,16,0,0,0,2108.37,0,0
60.82,8,0,0,0,2778.21,2,0
15.56,9,0,1,0,692.83,0,0
29.9,6,0,1,0,1639.4,0,1
140.74,18,0,0,0,2932.3,1,0
17.1,10,0,0,0,2896.94,0,0
6.87,15,0,0,0,3797.16,0,0
11.56,17,0,0,1,1996.53,1,0
89.51,18,0,0,0,4009.73,0,0
42.72,7,0,0,0,3085.76,0,0
29.11,18,0,0,0,2551.37,0,0
19.9,8,0,0,0,571.26,0,0
53.8,16,0,0,0,2607.43,0,0
14.17,16,0,1,0,2696.29,1,0
44.96,0,1,1,0,3426.68,0,1
15.94,9,0,0,0,3250.17,0,0
13.5,12,0,1,0,2408.41,0,0
17.51,11,0,1,0,2688.09,2,0
22.75,18,0,1,0,3486.93,0,0
31.54,11,0,1,0,1613.91,0,0
41.91,19,0,1,0,650.62,0,0
1.0,12,0,0,1,3940.63,0,0
14.77,20,0,0,0,4344.33,0,0
22.39,16,0,1,0,1960.41,0,0
149.17,17,0,0,0,4456.88,0,0
11.25,7,0,1,0,1485.99,0,1
38.97,13,0,1,0,346.25,0,0
147.68,7,0,0,0,2597.45,0,0
8.91,10,0,0,0,3913.49,0,0
49.11,14,0,0,0,2797.79,0,0
14.85,16,0,0,0,91.95,0,0
19.99,3,1,0,0,102.66,0,1
14.83,13,0,0,0,3273.36,0,0
15.93,13,0,0,0,3811.78,1,0
503.67,6,0,0,0,1176.01,0,1
77.05,12,0,0,0,2142.08,0,0
99.66,15,0,1,0,4326.85,0,0
54.16,5,1,1,0,2099.55,1,0
6.64,16,0,0,0,654.37,2,1
49.15,13,0,0,0,4106.86,0,0
96.83,17,0,1,0,2253.5,0,0
14.11,9,0,0,0,1582.17,1,0
86.95,17,0,0,0,483.58,0,0
66.98,6,0,0,1,2089.29,0,0
211.04,11,0,0,0,3475.04,0,0
21.81,8,0,0,0,3241.47,0,0
11.05,18,0,0,1,2259.82,0,0
23.07,15,0,0,0,3251.93,0,0
139.15,2,1,0,0,1610.88,0,1
5.32,0,1,0,1,3321.94,0,1
4.19,10,0,0,0,431.52,0,0
36.21,7,0,0,0,936.59,0,0
21.27,14,0,0,0,3955.87,0,0
33.37,15,0,1,0,1356.77,2,0
85.23,19,0,0,0,966.44,1,0
19.06,19,0,0,0,446.06,0,0
5.09,14,0,0,0,1798.65,0,0
255.82,0,1,1,0,348.07,0,0
12.22,11,0,1,0,2261.56,0,1
11.48,12,0,0,0,4140.46,1,0
99.86,12,0,0,0,3552.75,0,0
22.54,14,0,0,0,231.0,0,0
31.08,20,0,0,0,1383.92,0,0
53.67,18,0,1,0,885.02,0,0
97.86,7,0,0,0,347.88,0,0
23.73,9,0,0,0,533.45,0,0
151.4,17,0,0,0,4091.24,0,0
3.91,17,0,0,0,1429.87,1,0
70.79,9,0,0,0,1795.4,1,0
14.3,16,0,0,0,2211.37,1,0
130.62,15,0,0,0,3364.93,0,0
38.17,12,0,0,0,3602.75,0,0
16.9,8,0,0,0,4338.6,0,0
64.25,18,0,0,1,987.52,0,0
80.9,15,0,0,1,1389.74,0,0
62.92,8,0,0,0,1442.68,1,0
11.83,15,0,1,0,2031.4,0,0
20.41,16,0,0,0,3642.95,0,0
32.98,18,0,0,0,1115.58,2,0
31.78,9,0,1,0,3534.0,1,1
70.09,21,0,1,0,957.98,0,1
4.42,8,0,1,0,3210.16,0,0
46.26,14,0,0,0,3605.56,0,0
24.78,14,0,0,0,3849.34,0,0
14.32,11,0,0,0,2320.77,0,0
15.76,12,0,0,0,1512.78,0,0
26.72,18,0,0,0,3487.11,0,0
1.0,14,0,1,0,1478.08,0,0
16.42,12,0,0,0,709.0,0,0
13.79,7,0,0,0,3764.35,0,0
56.42,0,1,0,0,1880.02,0,0
14.8,7,0,0,0,2590.21,0,0
26.71,19,0,1,0,4137.08,0,0
154.82,16,0,0,0,654.29,1,0
89.51,20,0,0,0,2529.47,0,0
81.64,3,1,0,0,2536.5,0,1
20.09,15,0,1,0,3885.42,0,1
57.0,4,1,1,0,1568.6,0,0
26.21,17,0,0,0,1835.4,0,0
27.22,11,0,0,0,2360.85,0,0
49.88,6,0,0,0,794.04,0,0
18.23,13,0,1,0,2144.44,0,0
147.38,10,0,0,0,1990.56,3,0
28.22,14,0,0,0,928.41,0,0
61.46,14,0,0,1,3756.95,0,0
141.97,15,0,1,0,1968.1,0,0
92.91,22,0,1,0,1411.99,0,0
8.09,11,0,0,0,630.17,0,0
51.67,12,0,0,0,449.38,0,0
77.53,17,0,0,0,4323.01,1,0
80.79,13,0,0,1,4478.43,0,1
10.88,3,1,0,0,4045.77,0,1
17.17,17,0,1,0,2090.91,0,0
89.53,5,1,1,0,3645.23,0,0
15.46,8,0,1,0,3762.56,0,0
24.54,7,0,0,0,1384.15,3,1
160.11,6,0,0,0,2657.83,0,0
31.57,2,1,1,0,4307.86,0,0
16.01,5,1,0,0,1296.3,0,0
13.77,12,0,0,0,2999.84,0,0
46.19,9,0,0,1,2998.31,0,0
8.73,7,0,1,0,2064.38,0,0
25.86,14,0,1,0,2231.96,0,0
46.21,9,0,0,0,2080.9,3,0
121.41,1,1,0,0,2368.79,0,0
64.56,11,0,1,0,712.06,0,0
16.21,10,0,1,0,3586.62,0,0
107.6,10,0,0,0,2991.78,0,0
24.54,12,0,0,0,4383.51,0,0
9.62,15,0,0,0,1143.11,1,0
27.88,14,0,0,0,699.56,0,0
139.51,19,0,1,0,1574.37,1,0
39.07,12,0,0,0,2318.35,0,0
33.53,12,0,0,0,962.29,0,0
170.24,9,0,0,0,2099.67,0,0
7.91,16,0,0,0,2909.63,0,0
9.16,7,0,0,0,299.96,0,0
6.58,12,0,1,0,3423.23,0,1
48.07,11,0,0,0,4231.72,0,0
39.11,14,0,0,0,1243.7,0,0
154.89,18,0,0,0,3504.19,0,0
42.24,19,0,1,1,1909.81,0,0
22.11,8,0,1,0,3006.73,0,0
33.17,9,0,0,1,3356.42,0,0
37.25,17,0,0,0,1362.63,0,0
6.22,12,0,0,0,3553.92,0,0
497.87,12,0,0,0,517.75,0,0
55.69,15,0,0,0,4440.93,1,0
40.85,14,0,1,0,1549.76,0,0
61.26,20,0,0,0,1045.92,0,0
67.32,13,0,1,0,667.01,0,0
28.77,12,0,0,0,3664.21,0,0
17.62,13,0,0,0,2657.21,0,0
60.31,17,0,0,0,4284.93,0,0
48.7,14,0,0,0,2932.17,0,0
14.73,14,0,0,0,1565.64,0,0
136.87,20,0,1,0,3772.04,0,0
44.4,14,0,0,0,1301.5,0,0
68.7,11,0,0,0,1344.24,0,0
133.21,15,0,1,0,175.85,0,0
33.85,14,0,1,0,1171.5,0,0
45.47,1,1,0,0,1213.38,0,1
74.44,12,0,1,0,1373.97,2,1
16.04,16,0,0,0,1690.4,0,0
34.95,12,0,0,0,2616.2,0,0
37.55,16,0,0,0,1012.94,0,0
12.73,12,0,1,0,2883.59,0,1
336.18,21,0,0,0,643.25,0,0
8.11,10,0,0,0,4192.55,0,0
9.04,6,0,0,0,166.19,0,0
123.25,12,0,0,0,4091.48,0,0
67.58,13,0,0,0,2485.04,0,0
11.87,10,0,0,0,3209.7,0,0
60.78,9,0,0,0,1377.63,1,0
143.72,15,0,0,0,823.4,2,0
32.13,11,0,0,0,4265.46,0,0
445.33,14,0,0,1,2012.47,0,1
5.91,16,0,0,0,2188.28,0,0
66.28,16,0,0,0,4436.27,0,0
106.33,11,0,1,0,1545.51,0,0
80.75,13,0,0,1,495.85,0,0
26.99,12,0,0,0,2661.77,0,0
24.77,18,0,1,0,2518.89,0,0
51.63,18,0,0,0,3490.31,0,0
74.87,10,0,0,0,4300.1,0,0
60.49,6,0,1,0,1419.15,0,0
93.7,8,0,0,0,3261.99,0,0
11.95,11,0,0,0,1983.54,0,0
26.37,13,0,1,0,3537.79,0,0
12.94,14,0,0,1,781.03,0,0
22.51,10,0,0,0,2278.81,0,0
91.4,15,0,0,0,393.48,0,0
36.89,19,0,0,0,2547.23,0,0
448.93,14,0,0,0,801.93,0,1
40.18,8,0,0,0,4322.2,0,0
35.15,13,0,1,0,2516.77,0,0
36.83,13,0,1,0,2405.72,0,0
17.5,18,0,0,0,4376.87,0,0
31.25,11,0,1,0,2267.95,0,0
102.29,11,0,0,0,3061.43,0,0
37.11,13,0,0,0,257.73,0,0
14.98,13,0,1,0,3202.11,0,0
13.13,15,0,0,0,514.18,0,0
21.11,4,1,0,1,3522.04,0,0
35.65,13,0,0,0,3951.96,0,0
109.24,7,0,0,0,1453.83,0,0
8.67,10,0,0,0,3957.68,0,0
24.05,15,0,0,0,2197.73,0,0
38.26,8,0,1,0,2593.51,0,1
5.29,10,0,0,1,1878.87,0,1
14.39,15,0,0,1,2170.61,0,1
16.78,14,0,0,0,4091.81,0,0
14.94,6,0,0,0,4265.46,0,0
40.12,13,0,1,0,2034.12,1,0
28.2,7,0,1,0,2338.91,0,0
19.01,9,0,1,0,566.98,0,0
50.8,12,0,0,0,1499.01,0,0
185.5,7,0,1,0,2333.91,0,0
170.59,22,0,0,0,951.49,0,0
4.84,8,0,0,0,2615.57,0,0
58.97,17,0,0,0,3099.51,0,0
27.72,17,0,1,0,2942.32,0,0
38.67,22,0,0,0,2019.18,0,0
22.24,11,0,0,0,3473.47,0,0
37.25,18,0,0,0,1471.87,0,0
38.53,19,0,0,0,2138.28,0,0
18.56,8,0,1,0,1252.19,0,0
13.51,12,0,0,0,2736.15,0,0
21.14,5,1,0,0,2011.15,0,0
41.86,14,0,0,0,1016.15,0,0
60.28,13,0,1,0,1421.42,0,0
77.74,8,0,0,0,1293.63,0,0
20.2,17,0,0,1,4103.56,0,0
43.98,3,1,0,0,2372.7,0,0
86.7,17,0,0,0,2954.32,0,0
106.23,2,1,1,0,4209.57,0,0
31.22,14,0,1,0,860.87,0,0
26.55,6,0,0,0,4219.18,0,0
40.09,9,0,0,0,2451.39,0,0
10.49,16,0,0,0,3860.15,0,0
27.29,10,0,0,0,797.58,2,0
69.73,12,0,0,0,1264.56,0,0
62.93,18,0,0,0,914.06,1,0
25.27,4,1,1,0,2957.73,0,0
41.17,17,0,1,0,676.39,0,0
14.52,5,1,1,0,3576.73,1,0
66.92,7,0,0,0,1164.44,0,0
30.64,7,0,1,0,1186.87,1,0
25.13,22,0,0,0,1300.99,0,0
23.06,8,0,0,0,3371.43,0,0
31.1,18,0,1,0,4162.76,0,1
21.16,22,0,1,0,4088.42,0,0
63.95,11,0,1,0,500.58,2,1
22.3,14,0,1,0,1217.84,1,0
162.87,16,0,1,0,3041.21,0,0
143.34,11,0,0,0,2802.55,0,0
13.58,8,0,1,0,1607.63,0,0
35.51,12,0,0,0,3889.65,0,0
17.28,16,0,0,0,630.57,1,0
23.89,17,0,1,0,2893.69,0,0
245.29,9,0,1,1,1265.23,0,1
24.35,8,0,0,0,2395.93,0,0
47.48,19,0,1,1,1774.32,0,1
56.9,4,1,0,0,4409.82,0,0
12.17,16,0,1,0,2215.78,0,1
14.08,4,1,0,0,4393.62,0,0
9.91,17,0,0,0,1184.84,1,0
13.65,18,0,1,0,3467.34,0,0
1.92,10,0,1,0,3240.91,0,0
57.09,6,0,1,0,3822.02,0,0
258.32,12,0,1,1,3136.55,0,1
38.39,10,0,0,1,3086.5,0,0
8.03,11,0,0,0,2990.15,0,0
17.41,15,0,1,0,4433.48,0,1
20.93,8,0,1,0,1065.04,1,0
11.97,11,0,0,0,184.01,0,0
78.27,17,0,0,1,3066.97,0,0
74.46,14,0,0,0,816.9,3,0
10.43,10,0,0,0,3073.26,1,0
68.38,15,0,1,0,1472.6,0,1
152.45,16,0,0,0,242.92,1,0
221.97,13,0,0,0,3475.47,0,0
581.27,9,0,1,0,279.83,1,1
13.44,0,1,0,0,1047.42,2,1
557.92,17,0,1,0,1547.02,0,0
23.24,17,0,0,1,640.74,0,0
18.31,15,0,0,0,4115.38,1,0
45.93,6,0,0,0,2817.17,0,0
18.5,13,0,0,0,3945.51,0,0
49.36,17,0,0,0,3085.13,0,0
8.85,11,0,1,0,4464.16,0,1
26.08,8,0,0,0,2386.93,1,0
119.77,13,0,0,1,289.25,0,0
31.28,17,0,1,0,765.82,0,1
38.15,4,1,0,0,2668.53,0,0
53.26,13,0,1,0,1597.39,0,0
106.77,14,0,0,0,552.37,0,0
6.33,14,0,0,0,1109.72,0,0
59.41,14,0,0,0,2161.84,0,0
25.33,14,0,0,1,2355.91,0,0
39.12,7,0,0,0,4208.89,0,0
95.58,9,0,0,0,453.52,0,0
10.03,14,0,0,0,1642.24,0,0
12.03,1,1,1,0,2301.92,0,0
4.78,14,0,1,0,554.04,0,0
19.12,15,0,0,0,3110.72,0,0
125.27,9,0,0,0,2341.88,2,0
29.35,13,0,0,0,2094.83,1,0
8.67,13,0,0,0,2969.56,0,0
20.38,9,0,1,0,1330.78,0,0
7.48,12,0,0,0,1560.01,0,0
10.75,18,0,0,0,774.01,2,1
48.85,11,0,0,0,2380.58,0,0
10.24,14,0,0,1,1707.22,0,1
100.75,3,1,1,0,1208.47,0,1
30.84,6,0,0,0,605.1,0,0
36.07,6,0,1,0,153.35,0,0
25.07,16,0,0,0,910.42,0,0
71.73,11,0,0,0,1151.05,0,0
72.47,9,0,0,0,2210.19,0,0
46.3,16,0,1,0,1122.43,0,0
58.25,8,0,0,0,3688.56,0,0
26.79,9,0,0,0,2159.87,0,0
56.95,12,0,0,0,2825.96,0,0
23.62,10,0,0,0,975.33,0,0
33.19,13,0,1,1,1901.77,0,1
25.16,10,0,0,1,2732.36,0,0
20.96,11,0,0,0,1434.15,0,0
16.62,18,0,0,0,1546.08,0,0
52.86,18,0,0,0,3643.04,0,0
122.81,17,0,1,0,3775.46,0,0
106.82,18,0,0,1,2421.59,3,0
9.43,13,0,0,0,4039.03,0,0
120.21,14,0,1,0,3328.23,0,0
24.09,13,0,0,0,296.09,0,0
60.38,17,0,1,0,2539.66,0,0
13.38,13,0,1,0,3155.18,1,0
38.17,7,0,0,0,2456.94,0,0
45.32,17,0,0,1,3752.29,1,0
7.5,16,0,0,0,1388.73,0,0
60.84,17,0,0,0,341.38,0,0
127.22,8,0,0,1,2869.61,0,0
27.81,9,0,1,0,3302.06,0,1
129.05,10,0,1,0,3455.38,0,1
27.39,12,0,0,0,99.22,0,0
77.45,7,0,1,0,3046.53,2,0
3.6,11,0,0,0,142.24,0,0
371.96,8,0,0,0,3497.8,0,0
147.74,9,0,0,0,3178.82,0,0
24.91,15,0,0,0,2574.99,0,0
4.61,18,0,1,0,2303.14,0,0
44.17,2,1,0,0,3232.23,0,0
7.82,13,0,0,0,304.52,0,0
51.67,3,1,0,0,3753.24,0,1
49.98,6,0,0,0,945.46,0,0
12.92,15,0,1,0,2176.16,0,0
101.59,16,0,1,0,2216.26,2,0
74.11,17,0,0,1,3508.2,0,0
87.87,12,0,0,0,908.81,0,0
33.41,18,0,0,0,1383.89,0,0
8.04,8,0,0,0,3000.83,1,0
88.05,9,0,0,0,1886.83,0,0
25.27,7,0,0,0,1379.94,0,0
8.25,17,0,1,0,2815.33,2,1
128.0,9,0,0,0,435.25,0,0
270.27,8,0,0,0,3564.51,0,0
31.78,14,0,0,0,2385.13,0,0
286.9,6,0,0,0,966.79,0,0
36.28,4,1,0,0,1867.9,0,0
22.64,7,0,0,0,633.29,0,0
17.63,0,1,0,0,2793.79,0,0
170.22,15,0,0,0,3028.39,1,0
15.18,13,0,0,0,1853.52,0,0
69.08,8,0,0,0,1561.62,0,0
18.93,9,0,1,1,3831.54,0,0
20.9,17,0,1,0,2613.51,0,0
92.78,12,0,1,1,3018.24,0,1
22.65,15,0,0,0,617.46,0,0
22.09,12,0,0,0,3224.3,0,0
102.8,9,0,0,0,2028.52,0,0
163.6,20,0,0,0,1681.67,0,0
63.1,13,0,1,0,4185.85,0,0
17.21,7,0,0,0,290.01,0,0
19.87,11,0,1,0,920.45,0,0
35.87,10,0,1,0,1718.93,0,0
45.65,9,0,1,0,1491.98,0,0
12.33,19,0,1,0,2322.54,0,0
68.24,18,0,0,0,1834.01,0,0
36.07,8,0,0,0,3557.89,0,0
5.96,11,0,0,0,3467.6,1,0
13.08,16,0,0,0,3487.07,0,0
20.0,8,0,0,0,1693.63,1,0
30.79,13,0,0,0,1862.79,0,0
219.05,15,0,1,0,3256.06,3,1
42.02,14,0,0,0,602.68,0,0
14.29,15,0,1,0,3841.04,0,0
41.29,15,0,0,0,2458.6,0,0
23.29,20,0,1,0,3826.03,0,0
45.82,10,0,0,0,3581.53,2,0
59.18,18,0,0,0,1716.0,0,0
110.97,2,1,0,0,501.94,0,0
32.32,10,0,1,0,4147.69,0,0
170.54,4,1,0,0,1583.49,0,1
82.11,14,0,1,0,1713.15,0,0
16.32,7,0,0,0,4095.27,0,0
301.83,17,0,0,0,4132.2,1,0
45.92,14,0,0,0,1219.93,0,0
14.37,2,1,1,0,445.86,0,0
172.93,15,0,0,0,54.93,0,0
264.48,18,0,1,0,2000.41,1,0
32.04,15,0,0,0,2580.15,0,0
20.01,3,1,0,0,1253.0,0,0
27.87,18,0,0,0,1205.89,0,0
67.68,16,0,0,0,1637.69,0,0
118.85,11,0,0,0,1220.73,0,0
58.59,10,0,1,0,3870.05,0,1
36.66,12,0,1,0,2910.65,1,0
148.12,18,0,0,0,3738.81,1,0
24.22,9,0,0,0,3879.13,0,0
92.84,7,0,0,0,1985.79,0,0
24.83,18,0,1,0,2175.22,0,0
50.96,2,1,1,0,4401.3,0,1
29.56,18,0,0,0,3684.94,0,0
31.32,10,0,0,0,3600.63,0,0
22.71,12,0,1,1,2647.52,0,0
127.08,7,0,0,0,2102.12,0,0
15.91,18,0,1,0,4031.02,0,0
15.8,16,0,0,0,3630.28,0,0
276.16,19,0,0,0,2349.71,0,0
88.04,15,0,0,0,1253.68,1,0
3.05,8,0,0,0,705.39,0,0
18.82,10,0,1,0,2509.54,0,0
5.41,12,0,0,0,1367.33,0,0
12.8,14,0,0,0,1225.76,0,0
1.44,19,0,1,0,520.75,0,0
28.88,11,0,0,1,203.4,0,0
10.57,15,0,0,0,3535.92,0,0
35.16,20,0,0,0,530.53,0,0
6.52,8,0,0,0,4004.31,0,0
35.98,18,0,0,0,1001.33,0,0
21.87,11,0,0,0,3430.56,1,0
148.7,16,0,0,0,3712.35,0,0
135.82,10,0,0,0,3576.87,0,0
72.63,10,0,0,1,3934.21,1,0
23.89,2,1,0,0,1561.76,0,0
241.14,20,0,0,0,4437.2,0,0
7.01,17,0,0,0,1294.2,0,0
8.14,6,0,0,0,4207.63,0,0
30.45,22,0,0,0,1996.61,0,0
315.46,14,0,0,0,303.35,0,1
27.05,18,0,1,0,3542.88,1,0
27.57,5,1,0,0,3553.98,0,1
7.83,11,0,0,0,927.98,0,0
85.28,15,0,1,0,3714.63,0,0
85.9,7,0,1,0,751.23,0,0
72.9,12,0,1,0,723.87,2,0
17.65,12,0,0,0,3649.69,2,1
16.33,9,0,0,0,1341.48,0,0
9.09,10,0,0,0,392.11,0,0
36.01,20,0,0,0,4305.73,0,0
11.24,10,0,0,0,2528.83,0,0
10.2,9,0,1,0,2043.94,0,0
21.68,13,0,0,0,2293.29,0,0
20.3,15,0,0,1,3033.5,0,0
19.34,16,0,0,0,3884.41,0,0
52.8,16,0,1,0,3042.98,0,0
35.84,3,1,0,1,3340.89,0,1
24.82,11,0,1,0,851.68,0,0
39.77,16,0,1,0,1759.21,0,1
12.29,18,0,1,0,2652.4,1,1
36.79,14,0,1,0,2806.36,0,1
38.5,5,1,0,0,1254.58,0,0
7.37,11,0,1,0,4388.67,0,1
89.63,6,0,0,0,575.93,0,0
13.72,16,0,0,0,549.64,0,0
36.25,5,1,0,0,1069.72,1,0
106.1,8,0,0,0,3404.91,2,0
83.57,11,0,0,0,212.65,0,0
34.27,12,0,0,0,4446.0,0,0
23.05,11,0,0,0,4445.4,0,0
85.41,12,0,1,0,760.59,0,0
65.02,15,0,0,0,1835.35,3,0
17.84,11,0,0,0,957.43,0,0
14.96,13,0,0,0,1865.67,0,0
4.17,10,0,0,0,2421.24,0,0
38.63,11,0,0,0,3711.16,0,0
30.49,14,0,1,0,209.34,1,0
103.15,12,0,0,0,4441.69,0,0
47.42,16,0,0,0,4235.51,0,0
125.74,13,0,1,0,2588.36,0,0
16.49,17,0,0,0,2189.99,0,0
103.35,12,0,0,0,2500.37,0,0
19.51,12,0,1,0,132.06,0,0
72.07,15,0,0,0,3332.69,0,0
7.7,9,0,0,0,2259.14,0,0
41.89,11,0,0,0,1322.88,2,0
4.55,14,0,0,0,2103.87,0,0
25.35,2,1,0,1,1351.93,0,0
51.44,12,0,1,0,3164.78,0,0
19.67,13,0,0,0,2784.23,0,0
11.58,20,0,0,0,1777.01,0,0
77.18,18,0,0,0,1448.38,0,0
29.86,10,0,1,0,3957.26,0,1
20.3,12,0,1,0,3085.96,0,0
34.53,5,1,1,0,3235.23,2,1
462.51,9,0,0,0,2802.79,0,1
104.95,16,0,1,1,384.78,0,1
105.91,7,0,1,0,313.72,0,0
51.19,9,0,0,0,1959.81,0,0
39.11,19,0,1,0,4190.72,0,0
3.02,17,0,1,0,2384.95,0,0
16.79,17,0,1,0,3947.69,0,0
20.48,18,0,1,0,479.65,0,0
5.08,16,0,1,0,3272.96,0,0
10.41,7,0,1,0,1141.75,0,1
4.57,12,0,0,0,2384.01,0,0
31.87,12,0,1,0,1353.5,1,0
75.1,10,0,0,0,3219.88,1,0
100.16,17,0,1,0,1833.96,0,0
50.14,12,0,1,0,2106.65,0,0
12.64,5,1,1,0,1141.79,1,1
4.8,9,0,1,0,1302.49,0,0
5.72,9,0,0,0,848.67,0,0
9.31,18,0,0,0,2514.4,0,0
13.61,14,0,0,0,695.24,0,0
28.23,13,0,0,0,1243.5,0,0
12.01,12,0,0,1,2410.55,0,0
46.48,14,0,0,0,1273.0,0,0
26.25,16,0,0,0,2668.82,0,0
33.47,13,0,0,0,113.03,1,0
103.57,19,0,0,0,4380.84,0,0
10.17,20,0,1,0,3298.45,0,0
50.34,22,0,0,0,2292.0,0,0
32.66,15,0,0,0,4147.73,0,0
23.72,19,0,1,0,3920.46,0,0
80.26,11,0,0,0,1681.17,0,0
79.76,18,0,0,0,566.77,0,0
12.85,18,0,0,0,1172.43,0,0
27.6,18,0,1,1,978.67,1,0
43.87,17,0,0,0,3387.76,0,0
25.2,11,0,1,0,2489.09,0,0
59.44,8,0,0,0,3832.94,0,0
43.87,10,0,0,0,2229.17,0,0
206.97,16,0,0,0,3475.45,0,0
7.17,9,0,0,0,1489.23,1,0
29.3,12,0,1,1,2729.57,0,1
13.35,13,0,0,0,2895.33,1,0
60.59,14,0,1,0,3428.83,0,0
6.57,19,0,0,0,3607.72,0,0
46.82,15,0,0,0,1280.44,0,0
17.64,17,0,0,0,1763.51,0,0
15.89,13,0,1,0,971.75,0,1
7.8,17,0,0,0,3377.86,0,0
20.8,9,0,0,0,1254.74,1,0
97.95,8,0,0,0,1790.04,0,0
32.29,19,0,0,0,3623.47,1,0
62.03,15,0,0,0,1562.12,3,0
174.97,15,0,0,0,1347.18,0,0
43.11,12,0,1,0,2947.76,0,0
18.94,11,0,0,0,4390.41,0,0
52.84,13,0,1,0,328.68,0,0
19.22,7,0,0,0,3764.81,0,0
20.0,12,0,0,0,591.14,0,0
7.24,12,0,1,0,1584.8,0,0
83.62,13,0,0,0,1904.39,0,0
22.51,14,0,0,0,3248.39,0,0
39.73,19,0,0,0,4173.22,1,0
11.75,14,0,1,0,503.95,0,0
51.21,18,0,0,1,3364.4,0,0
15.46,13,0,1,0,1484.2,2,1
28.74,14,0,0,0,4063.5,0,0
79.66,5,1,0,0,1288.06,0,0
73.02,7,0,0,0,3137.69,0,0
32.39,13,0,1,0,783.16,0,0
5.65,11,0,1,0,4312.86,0,0
660.38,17,0,0,0,69.24,0,1
189.78,13,0,0,0,1086.19,0,0
68.22,18,0,0,1,3057.95,0,1
15.59,20,0,0,0,3848.18,0,0
29.56,7,0,0,0,4471.33,1,0
19.23,11,0,1,1,821.01,0,0
117.2,15,0,0,0,1416.79,0,0
43.06,10,0,1,0,4018.74,1,1
15.12,9,0,0,0,194.62,2,0
20.68,17,0,0,0,3313.28,0,0
101.61,21,0,1,0,1932.58,0,1
164.04,16,0,0,0,3115.24,1,0
152.68,13,0,0,0,2385.81,0,0
70.6,12,0,1,0,2840.65,0,0
25.72,13,0,0,1,3016.65,0,0
1.29,12,0,0,0,2859.04,0,0
44.57,12,0,0,0,3007.31,0,0
33.05,8,0,0,0,2579.15,0,0
38.09,18,0,0,0,3226.83,0,0
34.95,16,0,0,0,3503.3,0,0
8.79,15,0,0,0,3556.31,0,0
57.82,19,0,0,0,3848.13,0,0
62.32,10,0,1,0,1457.99,0,0
65.52,6,0,0,0,3368.69,0,0
85.33,17,0,0,0,4262.64,2,1
60.59,22,0,0,0,1685.23,0,0
21.98,13,0,1,0,3510.5,0,1
30.85,5,1,0,0,1347.01,0,0
36.27,17,0,0,0,831.28,0,0
36.88,6,0,0,1,2036.6,0,0
89.86,13,0,1,0,3639.07,0,0
63.03,9,0,0,0,1416.7,0,0
264.37,18,0,0,0,1362.48,2,0
300.81,12,0,0,0,1285.65,0,1
35.86,18,0,0,0,1020.64,0,0
1.0,10,0,1,0,2769.44,0,1
114.07,11,0,1,0,1132.85,1,1
19.29,19,0,0,0,4210.32,0,0
14.86,8,0,1,0,1589.39,0,0
22.23,13,0,0,0,2463.67,0,0
21.19,11,0,1,0,1870.81,0,0
61.09,16,0,0,0,4334.09,0,0
6.96,7,0,0,0,1936.85,1,0
11.27,12,0,1,1,2558.44,0,0
46.67,15,0,1,0,3447.23,0,0
61.74,11,0,1,0,812.27,0,0
62.9,5,1,1,0,195.26,0,0
15.07,15,0,0,0,2074.39,0,0
12.45,12,0,0,0,2500.35,0,0
19.95,1,1,0,0,1327.42,0,0
42.09,14,0,0,0,2108.15,0,0
146.27,18,0,0,0,2787.46,1,0
4.27,7,0,0,0,4381.06,0,0
26.56,13,0,0,0,2727.91,0,0
8.73,16,0,0,0,2047.41,0,0
6.35,6,0,0,0,150.25,0,0
87.09,2,1,0,0,1432.1,0,0
57.09,12,0,0,0,1645.26,0,0
51.91,17,0,1,0,2172.4,0,1
83.18,8,0,0,0,3530.66,0,0
20.5,17,0,0,0,3502.7,0,0
21.49,14,0,0,0,3811.52,1,0
294.63,10,0,1,0,1340.47,2,1
25.88,12,0,0,0,1591.74,0,0
69.07,20,0,1,0,718.56,2,0
33.33,9,0,0,0,3865.5,0,0
5.22,12,0,0,0,2952.45,0,0
4.29,14,0,0,0,395.1,0,0
18.56,7,0,1,0,1401.27,0,0
95.21,4,1,0,0,729.63,0,1
72.84,1,1,0,0,4363.07,0,0
82.61,10,0,0,0,1494.48,0,0
12.34,6,0,0,0,2259.28,0,0
166.65,17,0,1,0,1464.66,1,0
12.62,22,0,0,1,2160.62,0,0
40.97,5,1,0,0,4493.87,0,0
32.77,12,0,0,0,1328.88,0,0
27.83,2,1,0,0,1307.67,0,0
126.29,7,0,0,0,1702.64,0,0
16.36,10,0,0,0,803.46,0,0
8.59,11,0,0,0,3338.51,0,0
33.78,19,0,1,0,1738.06,0,0
22.2,11,0,0,0,2634.82,0,0
970.08,12,0,1,0,2992.8,0,1
65.14,9,0,1,0,207.72,2,0
21.99,0,1,0,0,2915.81,0,1
11.52,18,0,0,0,2420.82,0,0
5.05,6,0,1,1,418.68,0,1
11.88,20,0,1,0,603.97,0,0
37.15,7,0,0,0,2011.55,0,0
138.01,14,0,0,0,1591.07,0,0
101.67,22,0,0,0,1996.86,0,0
41.64,7,0,0,0,2878.04,2,0
23.97,11,0,1,0,737.19,0,0
43.33,17,0,0,0,2997.88,0,0
19.71,3,1,1,0,3690.66,0,1
184.63,15,0,0,0,63.03,1,0
27.41,6,0,0,0,1689.66,1,0
30.38,9,0,0,0,1274.5,0,0
3.61,8,0,0,1,1972.4,0,1
27.24,18,0,1,1,2787.99,0,0
76.44,8,0,0,0,884.68,0,0
11.38,4,1,1,0,646.73,0,1
15.63,13,0,1,0,3293.33,1,1
73.16,10,0,0,0,3101.6,0,0
7.56,11,0,0,0,2100.76,0,0
95.37,7,0,1,0,2280.89,0,0
19.45,16,0,0,0,1250.88,0,0
22.45,14,0,1,0,1514.85,0,0
10.76,11,0,0,0,1474.37,1,0
48.33,8,0,0,0,3282.19,0,0
387.56,13,0,1,0,2522.61,0,1
72.35,16,0,1,0,3296.22,0,1
13.95,10,0,1,1,2678.69,0,1
103.09,2,1,0,0,2478.08,0,0
24.13,9,0,1,0,1476.59,0,0
130.91,15,0,0,0,1809.82,0,0
74.19,21,0,0,0,3998.92,0,0
1.75,1,1,1,0,2612.89,0,0
12.13,10,0,0,0,2383.83,0,0
85.15,5,1,0,0,286.44,0,1
38.54,10,0,0,0,3035.46,1,0
11.9,11,0,0,0,3102.78,0,0
17.57,19,0,1,0,3123.42,1,0
4.92,6,0,0,0,455.94,3,0
30.31,16,0,1,0,1387.03,0,0
302.08,11,0,1,1,1701.96,0,1
74.06,17,0,0,0,3727.91,0,0
296.02,12,0,0,0,4413.99,1,0
80.03,3,1,0,0,1895.63,0,0
92.53,19,0,1,0,2516.55,0,0
238.43,6,0,0,0,82.65,2,0
48.29,13,0,1,0,89.07,1,0
27.46,18,0,0,0,381.53,0,0
93.01,6,0,0,0,3251.63,0,0
141.72,13,0,0,0,842.71,0,0
20.49,17,0,0,0,3422.43,0,0
16.09,21,0,1,0,1971.85,1,0
38.05,16,0,1,0,3832.36,1,0
76.06,9,0,0,0,3922.91,0,0
73.56,15,0,0,1,3965.26,0,0
7.97,15,0,0,0,2468.59,0,0
223.99,15,0,0,0,3558.86,0,0
17.44,18,0,0,0,2995.51,0,0
25.4,6,0,0,0,880.87,0,0
13.43,7,0,0,0,1747.75,0,0
491.93,14,0,0,0,4332.51,0,1
42.19,19,0,1,0,3487.91,0,1
14.14,12,0,0,0,1220.32,0,0
78.56,20,0,0,1,1300.34,0,0
71.46,19,0,0,0,1181.11,1,0
27.45,18,0,1,0,1513.23,0,0
76.75,18,0,0,0,4180.97,1,0
14.51,18,0,0,0,1979.26,0,0
20.23,17,0,1,0,1670.92,0,0
4.44,15,0,0,0,1114.36,0,0
8.81,2,1,0,0,4021.22,1,0
201.87,7,0,0,0,4310.33,1,0
170.96,7,0,1,0,1489.76,0,0
35.37,2,1,0,0,2794.11,0,0
174.68,7,0,0,0,4315.03,0,0
28.22,18,0,0,0,2272.69,0,0
25.96,15,0,0,0,2135.55,0,0
35.04,10,0,0,0,2398.24,0,0
29.23,17,0,0,0,197.61,0,0
26.7,12,0,0,0,1385.53,0,0
103.9,7,0,0,0,3160.52,0,0
38.48,18,0,0,0,4351.95,0,0
67.52,10,0,0,0,2580.91,0,0
92.89,15,0,0,0,897.62,0,0
48.82,10,0,0,0,1949.32,0,0
12.55,12,0,0,0,2230.59,0,0
8.56,17,0,0,0,727.4,0,0
38.43,8,0,1,0,1515.31,1,1
27.9,20,0,1,0,2030.54,0,1
36.14,6,0,1,0,1215.46,0,0
32.59,13,0,0,0,1624.79,0,0
438.59,18,0,0,0,1279.29,0,0
8.76,19,0,1,0,2777.06,0,0
4.53,9,0,0,0,2624.78,0,0
46.17,7,0,0,0,2505.04,1,0
22.73,16,0,1,0,480.47,2,0
45.43,4,1,0,0,866.83,0,1
59.38,12,0,0,0,543.18,0,0
119.59,17,0,0,0,331.6,0,0
7.34,13,0,1,0,1148.39,0,0
18.98,8,0,1,0,915.62,0,0
50.84,12,0,1,0,3276.23,0,0
71.55,19,0,0,0,3146.7,0,0
296.92,14,0,0,0,945.96,0,0
86.12,16,0,0,0,786.76,0,0
31.29,10,0,0,0,694.79,0,0
13.59,8,0,1,0,1474.22,0,0
18.83,9,0,0,0,1359.13,0,0
18.31,13,0,0,0,176.99,0,0
63.77,10,0,0,0,2577.02,0,0
42.82,13,0,0,0,4046.24,0,0
8.81,15,0,0,0,2447.91,0,0
21.42,16,0,0,0,333.95,0,0
79.64,8,0,0,0,2718.0,1,0
47.07,16,0,0,1,2208.05,0,1
58.48,15,0,0,0,4085.83,0,0
48.57,1,1,1,0,1666.33,0,0
168.41,5,1,0,0,3396.32,0,0
41.93,14,0,0,0,221.06,1,0
22.51,11,0,0,0,3260.64,0,0
13.25,7,0,0,0,234.79,1,0
42.5,4,1,1,0,1583.98,0,0
2.88,8,0,1,0,4268.98,0,1
27.54,19,0,0,0,3179.26,0,0
26.95,16,0,0,0,4166.35,0,0
8.46,13,0,0,0,2256.55,0,0
13.09,19,0,0,0,2747.66,2,0
74.41,14,0,1,0,2353.98,0,0
41.71,16,0,0,0,2180.95,0,0
36.66,10,0,0,0,2623.13,0,0
44.99,13,0,0,0,223.1,0,0
36.33,7,0,0,0,876.29,0,0
114.76,11,0,0,0,1005.07,0,0
37.47,3,1,1,1,1753.68,2,1
7.7,9,0,0,1,1983.77,1,0
169.04,6,0,1,0,3341.75,1,0
47.96,11,0,0,0,786.65,0,0
18.37,17,0,1,1,2586.02,0,0
9.46,11,0,0,0,1261.69,0,0
49.2,17,0,0,0,2344.66,0,0
29.45,14,0,0,0,2838.44,0,0
159.84,12,0,0,0,2641.9,0,0
23.43,9,0,0,0,1008.44,0,0
14.33,19,0,0,0,3207.07,1,0
81.11,5,1,0,0,2959.36,0,0
83.54,15,0,0,0,4197.41,0,0
39.2,14,0,1,0,2871.98,0,0
65.13,12,0,0,0,3255.44,0,0
31.89,9,0,0,0,3659.07,0,0
41.84,12,0,0,0,521.72,0,0
106.16,18,0,1,0,3148.69,0,0
61.89,17,0,1,0,1467.68,0,1
27.96,19,0,0,0,3713.01,0,0
128.04,10,0,1,0,2186.8,0,0
3.11,11,0,1,0,2633.74,0,0
257.77,1,1,0,1,1208.5,0,0
6.01,19,0,0,0,2945.01,0,0
17.69,10,0,0,0,208.64,0,0
31.79,11,0,0,0,3381.16,0,0
28.6,18,0,0,0,776.67,0,0
90.6,13,0,0,0,1062.71,0,0
11.5,13,0,0,0,54.05,0,0
42.98,8,0,0,0,1443.63,0,0
18.57,12,0,1,0,1777.71,0,0
44.48,18,0,0,0,1091.3,0,0
31.04,13,0,0,0,1074.44,0,0
36.34,9,0,1,0,4023.77,2,0
19.11,3,1,0,0,1502.71,0,1
19.88,10,0,0,0,3264.16,0,0
44.14,13,0,0,0,1106.35,0,0
85.09,4,1,1,0,3650.23,0,0
18.21,14,0,0,0,3065.95,0,0
13.89,13,0,1,0,3415.11,0,0
61.16,17,0,1,0,2005.94,0,0
32.06,2,1,0,0,3964.06,0,0
75.98,17,0,0,0,1714.36,0,0
13.39,13,0,0,0,2723.98,0,0
5.59,11,0,0,0,2898.32,0,0
19.43,20,0,0,0,4287.52,0,0
15.39,8,0,1,0,648.63,0,0
30.61,13,0,0,0,653.44,0,0
17.52,10,0,0,0,2106.13,0,0
69.48,13,0,0,0,4134.55,0,0
24.82,13,0,0,0,146.5,0,0
38.49,6,0,0,0,1279.43,0,0
38.77,15,0,0,0,1311.96,0,0
40.24,14,0,1,0,1407.04,0,0
32.33,16,0,0,0,159.94,0,0
55.18,6,0,1,0,3723.95,1,0
14.94,10,0,1,0,89.65,0,1
134.21,14,0,0,0,2175.78,0,0
26.14,7,0,0,0,300.8,0,0
8.92,15,0,0,0,3603.97,1,0
39.97,5,1,0,0,3372.31,0,1
14.14,10,0,0,0,3260.81,0,0
64.41,17,0,0,0,3326.38,0,0
301.75,16,0,0,0,4234.07,0,0
15.08,14,0,0,1,1904.81,1,1
46.17,18,0,0,0,3884.01,0,0
5.72,15,0,0,1,869.83,0,0
52.14,12,0,0,0,2058.13,1,0
13.66,20,0,0,1,89.65,0,1
17.73,15,0,1,0,1314.42,1,1
11.01,14,0,0,0,2088.81,0,0
68.87,11,0,1,0,4096.34,0,0
90.68,18,0,0,0,1460.43,0,0
33.9,10,0,0,0,3042.22,0,0
13.95,0,1,0,0,3761.15,0,0
162.31,8,0,1,0,1503.06,2,0
15.64,7,0,0,0,803.07,0,0
3.81,10,0,1,0,2680.81,0,0
52.37,17,0,0,0,1315.51,0,0
10.97,14,0,0,0,2953.41,0,0
89.0,8,0,0,0,649.42,0,0
22.62,17,0,1,1,724.6,0,0
60.56,12,0,1,0,3057.86,0,1
134.49,12,0,0,1,4382.34,1,0
9.89,11,0,1,1,1148.69,1,1
18.8,18,0,1,0,3226.91,0,0
30.7,10,0,0,0,2417.58,0,0
154.09,6,0,0,0,3805.09,0,0
17.14,10,0,0,1,1780.54,0,1
18.27,15,0,0,0,4374.13,0,0
53.42,14,0,1,0,416.67,0,1
18.59,8,0,0,0,4431.68,0,0
38.57,7,0,1,0,3815.76,0,0
7.02,15,0,1,0,3905.74,0,0
303.18,15,0,1,0,3798.7,0,1
8.6,11,0,0,1,3885.29,0,0
24.0,17,0,0,0,3677.43,0,0
32.06,20,0,0,0,4052.85,0,0
224.23,8,0,1,0,2100.56,0,0
8.8,13,0,0,0,4229.84,0,0
240.74,0,1,0,0,1763.08,0,1
70.61,15,0,0,0,3291.9,0,0
50.25,11,0,0,0,3211.07,0,0
12.37,8,0,0,0,3702.99,0,0
58.62,16,0,0,0,3335.8,0,0
16.06,17,0,0,0,207.44,0,0
117.53,7,0,1,0,3339.23,0,0
12.54,4,1,0,0,153.67,0,1
29.57,10,0,1,0,2422.87,0,0
19.01,14,0,0,0,3783.32,0,0
12.34,17,0,1,0,3741.61,0,1
69.5,13,0,1,0,3793.84,0,0
56.57,13,0,1,0,2730.73,0,0
110.94,17,0,0,0,867.96,0,0
5.59,13,0,1,0,2310.5,1,1
95.98,14,0,0,0,2347.14,0,0
405.63,12,0,0,0,1495.22,0,0
21.08,18,0,0,0,1937.24,0,0
220.33,9,0,0,0,3931.19,0,0
25.45,9,0,0,0,2354.78,0,0
8.39,7,0,0,0,3186.11,0,0
24.39,17,0,1,0,2256.36,0,1
94.46,11,0,0,0,2797.75,0,0
14.32,10,0,0,0,462.01,0,0
18.17,21,0,0,0,4194.68,0,0
59.95,19,0,0,0,1989.9,0,0
33.22,20,0,0,0,3379.95,1,0
59.42,7,0,0,0,3018.6,0,0
42.01,18,0,1,0,3606.76,0,0
53.5,10,0,1,0,205.18,2,1
21.49,1,1,0,0,4212.32,0,0
41.75,11,0,0,0,3742.37,0,0
13.1,12,0,0,0,3760.24,0,0
120.11,7,0,0,1,2128.65,0,0
17.56,13,0,0,0,3593.64,0,0
102.4,17,0,0,0,2609.56,0,0
26.22,11,0,0,0,2290.48,0,0
40.53,11,0,0,0,3542.9,0,0
20.19,10,0,0,0,2843.71,0,0
11.99,19,0,1,0,393.36,0,0
5.78,4,1,1,0,1449.57,0,0
11.53,12,0,1,0,2818.31,0,1
23.95,9,0,1,1,4071.91,0,0
40.93,18,0,0,0,4201.85,0,0
90.96,6,0,1,0,3783.16,0,0
21.21,11,0,0,1,1181.69,0,1
13.71,11,0,1,0,2156.55,0,0
7.82,18,0,1,0,1978.59,1,1
53.52,9,0,0,0,2002.15,0,0
132.05,14,0,0,0,271.54,0,0
117.49,7,0,0,0,822.69,0,0
67.35,19,0,0,0,732.01,0,0
62.71,13,0,1,0,2796.85,0,0
180.84,14,0,1,0,1882.5,0,0
46.16,12,0,0,0,1493.53,0,0
63.19,10,0,0,0,2025.38,0,0
24.03,9,0,0,0,1492.75,0,0
8.48,14,0,1,0,3420.74,0,0
16.71,19,0,1,0,793.34,0,1
32.81,11,0,0,0,299.8,0,0
35.19,18,0,0,0,2945.64,0,0
227.3,7,0,1,0,1076.08,0,0
35.92,19,0,0,1,2912.93,0,0
107.65,11,0,1,0,310.51,0,0
21.43,11,0,0,0,1149.58,0,0
24.25,12,0,0,0,734.78,0,0
8.77,15,0,0,0,1343.5,2,0
15.76,15,0,0,0,1513.41,0,0
56.09,12,0,0,0,2253.63,0,0
33.37,13,0,0,1,2364.62,0,1
85.02,3,1,1,0,2853.94,0,1
39.7,10,0,1,0,1525.85,0,0
23.28,10,0,0,0,2417.49,0,0
283.81,13,0,0,0,4456.02,0,0
30.15,13,0,0,0,987.34,0,1
105.95,15,0,0,0,729.54,1,0
22.17,15,0,0,0,3799.41,0,0
67.33,9,0,1,0,1876.13,0,0
83.77,16,0,1,1,3818.63,0,1
40.79,1,1,0,0,1939.87,1,0
3.14,15,0,1,0,146.5,3,0
33.73,7,0,1,0,1718.19,0,0
113.35,16,0,1,0,2765.08,0,1
56.12,13,0,0,0,2041.62,0,0
51.72,12,0,1,0,2094.08,0,1
5.92,15,0,0,0,4492.51,0,0
16.11,3,1,0,0,2471.37,0,0
49.97,9,0,0,1,3151.38,0,0
49.92,14,0,0,0,3258.33,0,0
111.57,17,0,0,0,50.76,0,0
28.65,11,0,0,0,2508.45,0,0
49.69,9,0,1,0,4335.6,1,0
33.66,12,0,1,0,3391.16,0,0
12.34,14,0,1,0,1564.9,0,1
3.47,11,0,0,0,1672.34,0,0
50.96,18,0,1,0,1401.1,0,0
39.41,13,0,0,1,2854.43,1,1
17.85,3,1,0,0,483.05,0,0
6.56,9,0,0,0,1340.5,0,0
62.16,12,0,1,0,2267.05,0,0
25.38,15,0,0,0,2431.72,1,0
57.79,9,0,1,0,2752.96,0,1
213.59,20,0,1,0,3597.65,0,0
3.89,10,0,1,0,776.4,2,0
16.45,13,0,1,0,1051.32,0,0
26.86,1,1,0,0,3931.79,0,0
141.86,18,0,1,0,3748.66,0,0
6.45,17,0,1,0,3705.99,0,0
229.49,8,0,1,0,978.34,1,0
37.93,19,0,1,0,309.24,0,0
30.08,10,0,1,0,2379.2,0,0
27.17,15,0,0,0,3921.69,0,0
21.41,17,0,1,0,1106.95,2,0
94.45,16,0,0,0,4073.69,1,0
11.38,18,0,0,0,679.82,0,0
46.78,18,0,0,0,1376.53,0,0
22.55,22,0,0,0,1377.38,0,0
15.45,8,0,0,0,722.4,0,0
439.65,10,0,1,0,3933.86,0,0
50.35,14,0,1,0,1886.03,0,0
61.15,16,0,0,0,898.43,0,0
103.31,13,0,0,0,705.24,1,0
7.99,6,0,1,0,1923.07,1,1
191.0,17,0,0,0,126.93,2,0
2.69,20,0,0,0,588.7,0,0
15.35,11,0,0,0,66.46,0,0
20.93,9,0,1,0,158.52,0,0
59.25,1,1,0,0,4488.31,0,0
41.21,9,0,1,0,2047.56,0,1
28.03,15,0,0,0,3293.72,0,0
32.72,18,0,0,0,3330.01,0,0
12.45,6,0,0,0,3967.81,0,0
7.41,13,0,0,0,511.67,0,0
68.48,15,0,0,0,2389.24,0,0
66.27,9,0,0,0,1481.65,0,0
161.5,13,0,0,0,2490.75,0,0
15.03,15,0,0,0,1527.93,0,0
66.21,17,0,1,1,867.28,0,1
24.94,12,0,1,0,3044.08,0,0
108.9,16,0,1,0,221.01,1,0
92.02,10,0,1,0,4034.47,0,0
40.9,9,0,0,0,700.88,0,0
23.58,8,0,0,0,2787.39,0,0
86.57,11,0,0,0,3406.21,0,0
63.24,3,1,0,0,374.53,0,0
16.7,10,0,0,0,4069.66,0,0
8.78,14,0,1,0,1634.99,0,0
24.82,14,0,1,0,4485.43,1,0
150.72,6,0,0,0,356.08,0,0
104.22,10,0,0,0,3239.64,0,0
10.89,13,0,0,0,765.18,0,0
10.3,10,0,1,0,1841.98,2,1
118.47,11,0,0,0,2022.3,0,0
10.64,15,0,0,1,1857.39,0,0
55.11,0,1,1,0,1552.2,0,0
17.88,9,0,1,0,3464.08,0,1
166.84,7,0,0,0,3698.51,0,0
15.33,7,0,0,0,1543.48,0,0
103.89,19,0,0,0,2197.77,1,0
39.84,11,0,1,0,1926.82,0,0
42.61,13,0,0,0,2691.15,0,0
4.62,16,0,1,0,718.68,0,0
3.66,4,1,0,0,3635.3,0,0
26.56,9,0,0,0,3596.71,0,0
42.39,17,0,1,0,2677.34,0,0
10.75,18,0,0,0,3370.34,0,0
11.15,11,0,0,0,4448.85,0,0
58.06,11,0,0,1,4155.16,1,0
58.14,16,0,1,0,2770.95,0,0
28.85,10,0,0,0,2325.74,0,0
72.26,7,0,0,0,2428.65,0,0
10.23,9,0,0,0,2126.43,0,0
23.2,11,0,0,0,2187.01,0,0
172.07,5,1,1,1,3307.56,0,0
35.46,12,0,0,0,4464.94,0,0
37.57,16,0,0,0,251.65,1,0
332.27,12,0,0,0,1074.34,0,0
8.17,6,0,1,1,985.42,0,0
73.44,12,0,0,0,3756.21,0,0
174.86,15,0,1,0,1917.77,1,0
23.93,5,1,0,0,2386.84,0,1
78.23,5,1,0,0,2137.73,0,0
12.4,11,0,0,0,3848.88,3,0
16.66,8,0,0,0,2273.75,0,0
48.67,19,0,0,0,3021.91,1,0
73.59,13,0,0,0,136.7,0,0
101.59,10,0,0,0,2953.42,0,0
159.12,15,0,1,0,1122.24,0,0
30.96,11,0,1,0,3907.57,2,0
109.25,7,0,0,0,3394.42,0,0
23.52,9,0,0,1,536.33,0,0
81.62,14,0,1,0,510.45,0,0
40.75,5,1,0,0,1353.84,0,0
51.71,9,0,1,0,609.65,0,0
50.58,8,0,0,0,3344.46,3,1
6.65,8,0,1,0,4441.33,0,0
10.76,15,0,0,0,2965.89,0,0
36.69,17,0,0,0,1158.26,0,0
6.13,15,0,0,0,2561.01,0,0
76.04,14,0,0,0,3635.14,0,0
79.17,18,0,0,0,4331.82,0,0
45.93,5,1,0,1,72.57,1,1
10.79,8,0,0,0,2380.42,0,0
131.65,11,0,0,0,2066.8,0,0
253.97,11,0,0,0,1894.49,0,0
38.36,11,0,0,0,2292.08,0,0
55.18,8,0,0,0,1845.6,0,0
40.52,7,0,0,0,1580.87,0,0
56.28,12,0,0,0,560.89,0,0
29.38,19,0,1,0,2274.31,0,0
31.99,11,0,1,0,3703.68,0,0
81.92,4,1,0,0,516.06,0,0
345.72,15,0,0,0,3336.29,0,0
8.17,10,0,0,0,1241.56,0,0
29.85,9,0,0,0,1746.53,0,0
10.17,10,0,0,0,4446.98,0,0
162.72,16,0,0,0,3054.69,0,0
18.4,17,0,0,0,3250.05,0,0
7.82,13,0,0,0,2730.64,0,0
62.69,10,0,0,0,1484.52,0,0
189.49,10,0,0,0,3054.27,0,0
64.3,7,0,0,0,2084.84,0,0
40.64,19,0,0,0,3752.77,0,0
49.86,14,0,0,0,2591.2,0,0
136.3,2,1,0,0,3482.0,0,0
13.82,15,0,0,0,3825.86,0,0
29.61,12,0,0,0,3703.98,0,0
21.06,20,0,1,0,1839.38,0,1
10.3,17,0,0,0,1690.97,1,0
23.85,8,0,0,0,3917.35,0,0
100.26,16,0,0,0,686.8,0,0
58.36,12,0,0,0,1293.35,0,0
63.07,8,0,1,0,588.49,0,1
38.34,15,0,1,0,237.31,0,1
55.89,13,0,0,0,2790.58,1,0
14.87,3,1,0,0,4058.47,0,0
24.3,14,0,0,0,625.9,0,0
40.13,14,0,1,0,3590.91,0,0
43.71,7,0,1,0,1738.06,0,0
45.61,10,0,0,0,2800.72,1,0
28.84,13,0,0,0,3448.65,0,0
22.7,7,0,1,0,3209.85,0,0
778.81,18,0,0,0,658.33,0,0
82.01,2,1,0,0,563.47,0,1
50.06,7,0,0,0,4162.66,0,0
26.23,7,0,0,1,403.65,0,0
21.09,13,0,1,0,1021.88,0,0
29.06,14,0,1,0,2000.65,1,1
44.38,11,0,0,0,3703.5,0,0
5.05,10,0,0,0,2731.69,0,0
6.89,17,0,0,0,2591.77,0,0
17.52,5,1,0,0,3129.2,0,0
40.74,10,0,0,0,3619.61,0,0
26.07,3,1,0,0,1084.73,0,0
145.2,1,1,1,0,134.11,0,0
7.52,11,0,0,0,616.03,1,0
15.62,8,0,0,0,784.98,2,0
151.43,9,0,0,0,228.1,0,0
37.76,17,0,0,0,3376.46,0,0
80.23,8,0,0,0,3987.91,0,0
257.56,17,0,0,0,3212.39,2,1
16.55,15,0,0,0,889.37,0,0
29.98,10,0,0,0,2748.68,0,0
25.22,13,0,0,0,2366.69,0,0
4.69,12,0,0,0,3698.84,0,0
24.28,7,0,0,0,4243.23,0,0
79.92,18,0,0,0,3356.06,0,0
56.86,13,0,0,0,2330.8,1,0
61.5,18,0,0,0,2324.16,0,0
22.75,17,0,0,0,3644.65,0,0
17.18,6,0,0,0,595.19,0,0
117.83,8,0,0,0,732.25,0,0
20.14,7,0,0,0,1578.63,0,0
44.44,17,0,0,0,3374.77,0,0
38.99,18,0,0,0,343.6,0,0
142.84,13,0,0,0,1582.24,0,0
87.48,7,0,1,0,1467.51,0,0
9.07,7,0,0,0,2211.53,0,0
10.1,17,0,1,0,2113.54,2,1
59.08,19,0,0,0,3229.1,0,0
31.05,8,0,0,0,2833.75,0,0
21.01,1,1,1,0,4067.33,2,1
91.43,10,0,1,0,853.92,0,0
39.94,3,1,0,0,1972.76,1,0
34.9,17,0,0,0,1830.43,0,0
72.23,12,0,0,0,550.71,0,0
22.76,14,0,1,0,783.48,0,0
158.94,11,0,0,1,1548.01,2,1
15.06,10,0,0,0,3319.87,0,0
63.88,9,0,0,0,718.22,0,0
138.91,16,0,0,0,1230.67,0,0
8.35,15,0,1,0,3060.07,1,0
23.49,11,0,1,0,2705.11,0,0
103.77,10,0,0,0,514.55,0,0
105.35,0,1,0,0,4249.49,0,1
27.9,5,1,1,0,708.73,0,0
15.88,14,0,0,0,323.26,0,0
86.14,12,0,0,0,1403.93,0,0
108.15,12,0,0,0,167.78,1,0
10.33,17,0,0,0,186.72,0,0
9.94,12,0,1,0,2625.36,0,0
41.48,11,0,0,0,4023.63,0,0
62.14,8,0,0,0,1841.32,0,0
24.56,17,0,1,0,1394.53,1,0
65.32,13,0,0,0,4120.09,0,0
16.28,6,0,0,0,323.5,0,0
4.0,14,0,1,0,2156.24,0,0
21.67,11,0,0,0,1174.08,0,0
35.28,17,0,0,0,1748.61,0,0
25.13,18,0,0,0,1878.03,0,0
10.4,14,0,0,0,2475.86,0,0
5.39,16,0,1,0,2066.97,0,0
19.8,5,1,0,0,4446.82,0,0
81.26,13,0,1,0,163.52,0,0
116.3,16,0,0,0,3421.58,0,0
108.6,12,0,1,0,276.93,0,0
14.64,13,0,0,0,1968.26,0,1
10.45,18,0,0,0,948.22,0,0
54.41,8,0,1,0,4256.6,0,0
62.5,6,0,0,0,3265.08,1,0
49.41,15,0,0,0,2109.67,0,0
4.42,17,0,1,0,4287.48,0,1
13.92,18,0,1,0,3259.76,0,1
32.15,14,0,1,0,4286.13,0,0
53.9,17,0,0,0,3185.36,1,0
71.33,15,0,0,0,395.81,1,0
38.25,6,0,0,0,2792.56,0,0
46.1,16,0,0,0,4412.56,0,0
36.05,8,0,0,1,1003.11,0,0
65.73,9,0,0,0,3577.69,0,0
45.28,11,0,0,0,871.61,0,0
35.37,10,0,0,0,2062.46,0,0
25.32,10,0,0,0,426.75,0,0
35.92,8,0,0,0,1565.61,1,0
53.76,10,0,1,0,3504.21,0,0
43.27,1,1,0,0,251.44,0,1
48.46,12,0,0,1,1474.88,0,0
126.81,16,0,0,0,2852.4,2,1
43.17,18,0,0,0,4271.08,0,0
17.31,17,0,0,0,1141.82,0,0
80.13,11,0,0,0,820.52,0,0
8.45,16,0,0,0,956.33,0,0
11.23,10,0,1,0,1103.8,0,0
46.33,5,1,0,0,2890.53,1,1
55.5,15,0,0,1,4494.07,0,0
9.53,14,0,0,0,2379.98,0,0
22.58,17,0,1,0,1257.87,0,0
18.06,14,0,0,0,3373.97,0,0
20.35,8,0,1,0,754.22,0,1
85.08,18,0,1,0,183.56,0,0
67.12,14,0,0,0,2743.43,0,0
32.49,17,0,0,0,985.82,0,0
19.18,16,0,0,1,1826.61,0,1
8.59,10,0,0,0,1078.56,0,0
137.03,6,0,0,0,4135.37,0,0
59.87,8,0,1,0,1554.05,0,0
16.34,6,0,0,0,2048.38,0,0
68.01,9,0,0,0,1095.05,0,0
30.87,12,0,0,0,427.59,0,0
24.85,18,0,0,0,2330.88,0,0
51.17,18,0,1,0,3915.82,0,0
15.78,15,0,0,0,1614.98,0,0
23.48,2,1,0,0,3525.31,0,0
37.39,10,0,0,0,195.12,0,0
20.1,15,0,1,0,1098.01,0,0
64.66,7,0,0,0,635.15,0,0
214.66,17,0,0,0,1842.83,0,0
15.58,18,0,1,0,4029.78,0,0
6.26,11,0,1,0,1712.13,0,0
4.47,15,0,0,0,2734.79,0,0
28.49,7,0,0,1,4046.73,0,0
17.06,15,0,1,1,1651.05,0,1
40.77,2,1,1,0,1677.61,0,1
37.81,8,0,0,0,441.52,0,0
6.66,15,0,0,0,1603.27,0,0
5.39,15,0,0,0,3370.41,0,0
44.52,14,0,0,0,3808.6,0,0
37.92,12,0,0,0,3266.24,2,0
21.63,15,0,0,0,80.82,2,0
6.31,16,0,1,0,570.55,1,1
53.06,20,0,0,0,3302.87,0,0
118.14,18,0,1,0,4243.67,0,1
43.73,17,0,0,0,3144.36,0,0
14.19,15,0,0,0,1056.16,0,0
34.62,13,0,0,0,528.63,0,0
8.45,7,0,0,0,3952.72,0,0
95.39,8,0,0,0,490.69,0,0
35.94,17,0,0,0,722.11,0,0
5.65,17,0,1,0,2705.28,1,0
24.52,14,0,0,0,895.49,0,0
52.63,12,0,1,0,1062.79,0,0
23.74,2,1,1,0,683.05,0,0
25.13,10,0,1,0,4252.25,0,0
9.73,11,0,0,0,605.92,0,0
58.35,12,0,1,0,4194.43,0,0
17.31,19,0,0,0,1501.58,0,0
3.83,7,0,1,0,3705.94,0,0
22.85,12,0,0,0,4277.49,0,0
88.34,11,0,0,0,2360.7,0,0
22.49,22,0,1,0,3477.27,0,1
188.29,18,0,0,0,1233.75,0,0
50.85,12,0,0,0,1754.19,0,0
46.47,22,0,0,0,2510.79,1,0
29.13,12,0,0,0,3834.55,0,0
30.93,8,0,1,0,2812.28,0,0
25.45,13,0,0,0,148.34,0,0
24.48,9,0,1,0,1406.29,0,1
56.31,14,0,0,0,3899.12,0,0
12.99,19,0,0,0,1119.05,0,0
11.29,17,0,0,0,1687.28,0,0
10.77,9,0,0,0,1783.79,0,0
256.12,10,0,1,1,737.31,0,1
56.28,5,1,1,0,1606.66,0,1
44.9,10,0,0,0,3687.52,1,0
11.5,6,0,0,1,3828.47,0,1
61.77,12,0,0,0,2634.99,0,0
29.47,15,0,0,0,3070.39,0,0
41.02,16,0,1,0,2428.85,0,0
12.47,5,1,1,0,247.01,0,0
38.87,10,0,0,0,3150.25,0,0
21.68,10,0,1,0,4484.65,0,1
15.4,7,0,0,0,1063.81,0,0
69.0,11,0,0,0,4420.57,0,0
7.12,10,0,1,0,4490.09,3,0
58.25,14,0,0,0,679.74,0,0
65.66,18,0,0,0,4171.3,0,0
13.74,12,0,0,0,3056.12,0,0
14.58,16,0,0,0,2125.35,0,0
26.5,7,0,0,0,1583.74,0,0
43.91,18,0,0,0,2852.62,0,0
28.42,8,0,0,0,3800.4,0,0
51.09,8,0,0,0,201.76,0,0
193.06,7,0,0,0,2432.81,0,0
19.93,10,0,0,0,2943.67,0,0
5.96,13,0,0,0,163.93,0,0
75.64,21,0,1,0,4006.4,0,0
178.27,17,0,1,0,4285.47,1,0
49.05,11,0,0,0,2775.59,0,0
11.16,13,0,1,0,570.65,1,0
29.26,14,0,0,1,4199.23,0,1
10.82,17,0,0,0,3632.28,0,0
62.98,16,0,0,0,177.04,0,0
8.57,13,0,0,0,2627.25,0,0
24.53,15,0,0,0,559.69,0,0
12.13,16,0,0,0,677.75,0,0
37.59,7,0,0,0,906.67,0,0
22.96,8,0,0,0,1813.04,0,0
39.52,15,0,0,0,3949.9,0,0
33.86,18,0,0,0,188.29,0,0
12.35,11,0,0,1,3116.99,2,1
61.98,20,0,0,0,4342.25,1,0
31.54,9,0,0,0,2903.49,0,0
12.32,11,0,1,0,3679.44,0,0
311.35,11,0,0,1,4062.89,0,1
53.33,19,0,0,0,3230.85,0,0
28.41,10,0,0,1,2986.3,1,0
136.35,12,0,1,0,129.95,0,0
208.89,8,0,0,0,2359.06,0,0
28.64,13,0,0,0,2138.05,0,0
46.87,18,0,0,0,2376.04,0,0
12.33,10,0,0,0,1974.54,0,0
28.58,17,0,0,0,4084.18,0,0
27.14,18,0,0,0,4006.18,0,0
39.84,6,0,0,0,609.36,0,0
46.19,16,0,0,0,2421.37,0,0
57.96,9,0,0,0,4320.04,0,0
42.0,8,0,1,0,2714.06,0,0
9.87,14,0,0,0,3617.42,0,0
12.96,15,0,1,1,1711.45,0,0
19.17,11,0,1,0,1728.76,0,1
24.97,3,1,1,0,1499.31,0,0
94.71,18,0,1,0,147.21,0,0
10.35,16,0,0,0,4165.59,0,0
23.16,9,0,1,0,1605.91,0,0
85.89,12,0,0,0,1683.54,0,0
24.54,2,1,1,0,3429.99,1,1
52.48,10,0,0,0,2394.67,0,0
28.8,13,0,0,0,1661.09,0,0
42.81,12,0,1,0,3982.1,0,1
26.35,8,0,0,0,3722.94,0,0
64.53,16,0,1,0,4396.77,0,0
7.06,10,0,0,0,2902.55,2,0
23.03,13,0,0,0,3120.93,0,0
44.55,9,0,0,0,1494.02,0,0
56.47,11,0,0,0,493.13,0,0
147.37,8,0,1,0,521.33,0,0
22.4,14,0,1,0,2924.44,1,0
145.4,11,0,1,0,554.06,1,0
17.13,1,1,1,0,4084.49,0,0
125.04,2,1,0,0,3182.22,0,0
75.0,12,0,0,0,1056.62,0,0
13.28,8,0,0,0,1292.49,0,0
45.02,13,0,0,0,3209.38,0,0
31.46,11,0,0,0,3717.33,0,0
61.9,14,0,0,0,3785.46,0,0
26.49,19,0,0,0,2724.57,0,0
24.36,13,0,0,0,740.78,0,0
130.2,17,0,0,0,3691.7,0,0
30.0,16,0,0,0,3572.81,0,0
75.67,19,0,1,0,3767.34,0,0
26.43,9,0,0,0,751.6,0,0
175.33,17,0,0,0,3095.39,2,0
16.8,18,0,1,0,4323.09,1,0
17.92,11,0,0,0,1189.47,0,0
152.1,10,0,0,0,3239.44,0,0
21.22,19,0,1,0,1202.18,0,0
164.2,14,0,0,0,1416.58,0,0
80.79,11,0,0,0,2209.44,0,0
28.37,17,0,0,0,4032.55,0,0
5.4,10,0,0,0,222.05,0,0
32.48,8,0,0,0,4453.9,0,0
36.66,13,0,0,0,3485.74,0,0
106.4,13,0,1,0,1651.02,0,0
162.14,17,0,0,0,1626.01,0,0
16.69,12,0,0,0,2199.27,0,0
73.79,17,0,0,0,3945.88,0,0
71.19,10,0,1,0,129.73,0,0
96.87,13,0,0,0,2489.71,0,0
54.53,8,0,0,0,299.58,0,0
4.75,11,0,0,0,564.42,0,0
28.35,18,0,0,0,3123.46,0,0
10.43,9,0,0,0,1092.67,0,0
27.04,17,0,0,0,235.1,0,0
88.24,10,0,0,0,780.86,0,0
44.93,3,1,0,1,978.44,0,0
104.39,7,0,0,0,3475.53,1,0
46.61,16,0,0,0,2830.91,0,0
9.04,9,0,0,1,3321.3,0,1
2.66,14,0,0,1,1695.71,0,1
38.43,15,0,1,0,553.44,0,1
26.74,10,0,0,0,3633.54,2,0
12.47,12,0,1,0,674.81,0,0
6.05,11,0,0,0,1752.93,0,0
15.88,19,0,0,0,1217.14,0,0
27.26,10,0,1,1,1369.58,0,1
64.45,8,0,0,0,2728.26,0,0
39.99,11,0,0,0,781.37,0,0
165.35,15,0,0,0,2034.14,0,0
11.76,15,0,0,0,2892.16,1,0
79.92,19,0,1,0,3916.66,0,0
34.72,18,0,0,0,1701.96,0,0
66.33,10,0,1,0,1468.18,0,0
21.4,12,0,1,0,1686.92,0,0
96.71,16,0,0,0,2278.55,0,0
44.49,18,0,0,0,1443.27,0,0
16.79,10,0,0,1,1164.51,0,0
32.72,12,0,0,0,1720.1,0,0
26.06,18,0,0,0,3511.34,0,0
54.01,11,0,0,0,1175.03,1,0
10.18,12,0,0,1,3808.6,0,0
32.16,18,0,0,0,1318.72,0,0
49.17,17,0,0,0,2733.69,0,0
34.23,9,0,0,0,4370.84,0,0
127.35,10,0,0,0,4285.48,0,0
71.81,11,0,1,0,1984.12,0,0
32.87,18,0,1,0,350.45,0,1
41.13,22,0,0,0,4066.7,0,0
44.51,16,0,1,0,614.78,1,0
49.57,12,0,0,0,4159.79,0,0
5.34,1,1,1,1,3310.21,0,1
24.5,15,0,0,1,4207.36,0,0
7.5,11,0,0,1,3010.99,0,0
118.9,14,0,0,0,4478.25,0,0
31.16,14,0,0,0,2128.16,0,0
27.29,12,0,1,0,1516.82,0,1
81.19,19,0,0,0,1800.24,0,0
50.52,2,1,0,0,1608.79,0,1
10.71,15,0,0,0,1833.55,0,0
30.85,11,0,0,0,3989.15,0,0
23.68,15,0,0,0,2684.67,0,0
5.79,15,0,1,0,3279.36,0,1
16.61,1,1,0,0,1331.04,0,0
27.56,10,0,0,0,4454.92,0,0
29.52,8,0,1,0,1299.27,0,0
7.52,8,0,0,0,757.66,0,0
104.76,16,0,0,0,3512.97,0,0
29.9,9,0,0,0,3783.89,1,0
34.38,12,0,0,0,1802.39,0,0
49.43,9,0,0,1,2457.77,0,0
15.06,13,0,0,0,1892.87,0,0
52.27,16,0,0,0,1357.95,0,0
22.94,10,0,1,0,3669.53,0,0
13.51,14,0,0,0,3418.82,0,0
58.76,17,0,1,0,2209.71,0,0
147.18,6,0,0,0,2077.2,0,0
68.36,15,0,0,0,851.73,0,0
83.34,10,0,0,0,2885.87,0,0
19.68,7,0,0,0,4160.37,0,0
6.7,13,0,0,0,3248.86,0,0
146.96,9,0,0,0,2302.9,0,0
258.4,17,0,1,0,222.03,0,0
154.9,4,1,0,0,4189.76,0,0
23.67,6,0,0,0,1420.8,2,0
10.44,13,0,0,0,1384.79,0,0
11.41,13,0,1,0,2139.7,0,1
6.15,16,0,0,0,1959.79,0,0
29.74,9,0,0,0,4332.46,2,0
164.96,17,0,1,0,784.28,1,0
28.74,19,0,1,0,3116.59,0,1
44.81,12,0,0,0,525.1,0,0
131.05,16,0,0,0,1282.19,0,0
22.11,13,0,0,0,3263.51,0,0
253.54,5,1,1,0,3627.99,1,0
242.77,10,0,0,0,2136.71,0,0
29.05,6,0,0,0,3562.59,1,0
18.59,21,0,0,0,4211.32,0,0
66.5,9,0,0,0,4214.25,0,0
23.39,14,0,0,1,1574.01,0,0
10.42,10,0,0,0,1439.02,0,0
119.25,14,0,0,0,3282.68,0,0
111.77,9,0,1,1,2960.72,3,1
38.69,17,0,1,0,1795.58,0,0
9.37,7,0,1,0,1067.6,0,0
9.68,18,0,1,0,2802.02,0,0
36.86,17,0,0,0,1964.56,0,0
20.09,15,0,0,0,637.9,0,0
23.54,5,1,0,0,2894.66,0,0
92.02,8,0,0,0,3154.65,0,0
68.94,18,0,0,1,1670.83,0,0
131.39,7,0,0,0,3752.2,0,0
12.3,8,0,1,0,377.85,1,0
23.5,13,0,0,0,2256.8,0,0
70.74,9,0,0,0,4305.69,0,0
51.84,9,0,0,1,897.56,0,0
153.3,13,0,1,0,816.84,0,0
50.43,11,0,1,0,1735.2,0,0
210.21,7,0,0,0,1242.97,0,0
56.83,13,0,0,0,1035.82,0,0
95.79,11,0,0,0,4276.8,0,0
23.96,16,0,1,0,1584.57,1,0
33.59,7,0,0,0,316.28,1,0
82.35,14,0,1,0,4054.03,0,0
166.16,12,0,0,0,2044.69,0,0
68.66,11,0,0,0,3324.94,0,0
30.47,9,0,0,0,1684.7,0,0
131.28,3,1,1,0,4211.5,0,1
3.7,17,0,1,0,1330.71,0,0
7.99,10,0,1,0,2999.31,0,0
65.47,15,0,0,0,3718.33,0,0
33.59,19,0,0,0,1108.8,0,0
60.67,13,0,1,0,3616.72,0,1
35.32,11,0,0,0,3575.63,1,0
58.61,9,0,1,0,4340.8,0,0
14.67,19,0,0,0,4156.51,0,0
58.59,15,0,1,0,1779.31,0,0
89.52,15,0,1,0,2677.92,0,0
112.23,11,0,0,0,4167.56,0,0
248.03,17,0,0,0,69.47,0,0
42.27,15,0,0,0,2841.71,0,0
43.55,10,0,0,0,1008.37,0,0
7.22,13,0,0,0,3337.51,1,0
19.46,12,0,0,0,3594.29,0,0
27.3,0,1,0,0,3222.67,0,0
94.66,17,0,0,0,4482.55,0,0
17.98,7,0,1,0,2182.7,0,0
73.43,12,0,0,0,2547.99,0,0
33.06,10,0,1,0,1870.02,0,1
27.74,10,0,0,0,4384.23,0,0
42.47,12,0,1,0,4156.27,0,0
22.4,22,0,0,0,4440.53,0,0
21.56,11,0,0,0,4432.77,0,0
6.02,8,0,0,0,4034.78,0,0
25.84,14,0,1,0,4192.41,1,0
20.49,9,0,0,0,583.47,0,0
19.77,7,0,0,0,822.2,0,0
50.24,5,1,1,0,3989.08,0,1
63.98,2,1,0,0,3284.26,0,0
41.77,12,0,0,0,3943.7,0,0
89.61,11,0,0,0,3476.65,0,0
58.88,8,0,0,0,671.15,0,0
24.65,17,0,0,0,4128.72,2,1
20.85,7,0,0,0,3481.97,0,0
45.28,18,0,0,1,2590.09,0,1
58.78,13,0,0,0,2419.01,0,0
134.0,2,1,0,0,2603.4,0,0
108.98,20,0,1,0,1787.36,0,0
19.27,10,0,1,0,3624.33,0,0
29.9,12,0,0,0,4095.13,0,0
64.78,10,0,1,0,1175.47,0,0
96.35,16,0,1,0,219.31,0,0
84.69,12,0,0,0,953.03,0,0
31.07,7,0,1,0,3420.16,0,0
9.45,7,0,0,0,3914.38,0,0
12.2,16,0,1,0,1601.12,0,1
43.49,9,0,0,0,728.12,0,0
46.63,7,0,0,0,3870.48,0,0
11.04,12,0,1,0,1005.16,2,1
34.62,17,0,0,0,1126.34,0,0
62.25,9,0,0,0,462.13,1,0
10.47,9,0,0,0,4100.94,0,0
99.98,17,0,1,0,1503.92,0,0
22.7,7,0,1,0,814.69,0,0
116.47,14,0,0,0,4293.72,0,0
19.42,19,0,0,0,1543.07,0,0
11.86,17,0,0,0,3376.31,0,0
20.94,5,1,0,0,1075.26,0,0
30.11,10,0,1,0,3284.37,0,0
22.46,7,0,1,0,1083.12,0,0
26.68,19,0,0,0,2887.94,0,0
46.25,21,0,1,0,2011.84,0,1
27.91,9,0,1,0,3604.29,0,0
31.0,15,0,0,0,3299.71,0,0
5.99,17,0,0,0,4212.91,0,0
48.99,9,0,0,0,1725.97,0,0
30.29,8,0,0,0,3406.79,0,0
165.72,1,1,1,0,4361.35,0,0
12.94,11,0,0,1,1546.58,0,1
5.43,18,0,1,0,1340.52,0,0
61.44,18,0,0,0,3472.28,0,0
46.83,7,0,1,0,2032.57,0,0
12.08,8,0,0,0,1824.0,0,0
7.17,11,0,0,0,2477.98,0,0
154.07,17,0,0,0,4213.11,0,0
136.2,14,0,1,0,423.13,0,1
2.75,12,0,1,0,2122.3,1,0
20.94,13,0,0,0,540.13,0,0
174.9,6,0,0,0,3981.96,1,0
20.57,12,0,0,1,658.32,1,0
20.27,22,0,1,0,449.18,0,0
24.96,6,0,0,0,4338.71,0,0
10.8,12,0,0,0,2556.88,0,0
6.02,10,0,0,0,3725.22,0,0
94.87,13,0,0,0,2142.64,0,0
5.24,13,0,0,0,1988.61,0,0
42.41,13,0,1,0,4106.66,0,1
80.37,18,0,1,1,4454.93,0,1
7.76,11,0,1,0,2802.47,0,0
13.14,12,0,0,0,4135.94,0,0
111.41,1,1,0,0,3889.1,0,0
56.42,17,0,1,0,2470.84,0,0
17.86,9,0,0,0,4237.91,0,0
110.19,17,0,0,0,984.75,0,0
110.67,9,0,0,0,3987.56,0,0
43.34,1,1,0,0,1426.64,0,0
13.46,8,0,0,0,185.79,0,0
21.9,21,0,1,0,3552.54,0,0
44.1,10,0,1,0,4188.58,2,1
27.42,7,0,0,0,1014.68,0,0
84.69,7,0,0,0,2426.68,0,0
7.17,10,0,0,0,3384.59,0,0
7.43,3,1,0,0,1525.72,0,0
39.68,12,0,1,0,703.79,0,0
20.26,9,0,0,0,1795.5,0,0
17.69,12,0,0,0,2081.74,0,0
5.65,7,0,0,0,3352.88,0,0
33.77,11,0,1,0,934.14,1,0
31.41,13,0,0,0,3677.25,1,0
63.66,5,1,0,0,2284.7,0,0
35.48,11,0,0,0,4072.31,1,0
29.0,10,0,0,0,2567.75,0,0
107.45,9,0,0,0,2038.5,0,0
8.91,14,0,1,0,1326.23,0,0
56.62,13,0,0,0,522.78,0,0
6.23,14,0,0,0,1704.08,0,0
14.32,8,0,1,0,1890.62,3,0
9.85,10,0,0,0,2578.88,0,0
72.38,8,0,1,0,3876.34,0,1
31.02,13,0,1,0,2113.98,0,0
32.67,12,0,0,1,1448.57,1,0
10.95,10,0,1,0,3936.0,0,0
24.54,17,0,0,0,3315.94,0,0
15.43,6,0,0,0,1416.28,1,0
48.59,20,0,1,0,792.91,2,0
12.29,7,0,1,0,1345.07,0,0
125.19,16,0,0,0,600.19,0,0
6.2,11,0,0,0,4070.2,0,0
14.78,18,0,0,0,2772.18,2,0
177.19,6,0,1,0,3892.63,0,0
21.43,11,0,1,0,3700.61,1,0
8.89,10,0,0,0,731.9,0,0
41.23,22,0,0,0,2021.36,1,0
20.59,21,0,1,0,4375.68,0,0
14.36,8,0,0,0,1090.38,0,0
11.07,14,0,0,0,273.56,0,1
527.62,13,0,0,0,1589.75,0,1
25.75,8,0,0,0,2323.71,0,0
4.83,8,0,1,0,298.65,0,0
147.48,21,0,1,0,1948.7,0,0
61.01,12,0,0,0,1177.69,0,0
15.39,7,0,1,0,993.92,0,0
13.03,9,0,0,0,1224.39,0,0
64.94,9,0,1,0,519.02,0,0
25.87,12,0,0,0,391.08,1,0
4.83,10,0,1,0,2701.51,0,0
197.8,12,0,0,0,4267.85,0,0
21.46,8,0,0,0,3631.09,1,0
147.76,10,0,1,0,3760.85,0,0
118.92,6,0,0,0,3321.11,0,0
12.17,18,0,1,0,4304.12,0,0
93.05,8,0,0,0,4279.95,0,0
17.26,16,0,0,0,3513.45,0,0
5.12,10,0,1,0,3235.96,0,0
21.66,12,0,0,0,1408.49,0,0
49.29,10,0,0,0,455.69,2,1
20.85,15,0,0,0,463.26,0,0
24.36,17,0,0,0,3326.36,0,0
103.91,10,0,0,0,176.26,0,0
36.84,9,0,0,0,3683.02,0,0
14.25,15,0,0,0,1680.82,0,0
66.82,8,0,0,0,904.76,0,0
40.35,14,0,1,0,1863.77,0,1
2.66,6,0,0,0,3179.56,0,0
50.82,14,0,0,1,1274.24,0,1
49.0,12,0,0,1,822.6,0,1
33.79,7,0,0,0,3333.59,0,0
80.78,14,0,0,0,3969.03,0,0
16.9,12,0,0,0,2655.67,1,0
46.36,9,0,1,0,2381.16,0,0
6.91,11,0,1,0,3409.2,0,1
49.75,12,0,0,0,3310.28,0,0
233.47,6,0,0,0,77.94,0,0
12.25,19,0,0,0,1304.21,0,0
15.49,15,0,0,0,4197.46,2,0
16.28,7,0,1,1,4322.9,0,1
37.71,17,0,1,0,2320.78,0,1
11.44,10,0,0,0,2542.4,0,0
50.46,13,0,1,0,52.92,0,0
77.23,9,0,1,1,3041.91,2,1
56.51,16,0,0,0,995.34,0,0
5.65,16,0,0,0,619.21,0,0
89.58,13,0,1,0,1405.84,0,0
84.55,9,0,0,0,3008.77,0,0
75.96,9,0,1,0,1991.68,0,0
48.08,11,0,0,0,1603.31,0,0
41.27,7,0,0,0,3284.29,0,0
92.98,10,0,0,1,3671.05,0,0
226.67,15,0,0,0,3917.95,0,0
12.77,17,0,0,0,2029.15,3,1
97.33,10,0,1,0,3244.33,0,0
30.38,9,0,1,1,3989.2,0,0
29.09,17,0,1,0,4094.63,0,0
7.12,18,0,0,0,2239.94,0,0
24.91,11,0,0,0,1631.2,0,0
12.22,2,1,0,0,4055.83,0,1
20.82,15,0,0,0,1213.37,2,0
11.04,17,0,0,0,3595.97,0,0
21.14,1,1,0,0,4093.51,0,0
22.06,13,0,0,0,3341.75,0,0
36.48,13,0,0,0,3075.38,0,0
6.59,11,0,0,0,275.51,0,0
7.8,16,0,0,0,955.45,2,0
47.56,11,0,1,0,3016.23,1,1
14.92,15,0,1,0,3544.12,0,0
96.98,12,0,0,0,332.09,0,0
41.48,9,0,1,0,134.81,0,0
60.75,14,0,0,0,1436.23,0,0
135.73,16,0,0,0,2920.05,0,0
24.3,20,0,0,0,2328.59,0,0
18.64,11,0,1,0,87.2,1,0
79.18,5,1,0,0,724.67,1,0
55.12,21,0,0,0,3397.29,0,0
27.46,14,0,0,0,1374.59,0,0
133.15,19,0,0,0,571.49,0,0
26.78,7,0,0,0,276.34,0,0
34.22,10,0,1,0,3834.47,0,0
33.83,7,0,1,0,2148.91,0,0
13.01,17,0,1,0,2291.37,0,1
35.79,18,0,1,0,322.97,0,0
133.86,12,0,0,0,2224.18,0,0
51.67,8,0,0,0,2923.69,0,0
34.16,7,0,0,0,596.45,0,0
28.17,13,0,0,0,4066.19,0,0
46.1,12,0,0,0,3535.9,2,0
70.09,15,0,1,0,3618.39,0,0
60.9,10,0,0,0,2437.57,0,0
23.76,11,0,1,0,1535.95,0,1
45.82,2,1,0,0,2900.01,1,1
53.51,14,0,0,1,1052.9,0,1
12.1,11,0,0,0,659.14,0,0
39.18,18,0,0,0,2445.57,2,1
3.81,14,0,0,0,2179.89,0,0
53.65,11,0,0,0,718.76,0,0
64.09,9,0,0,1,2410.3,1,0
69.93,18,0,0,0,2481.78,0,0
22.31,1,1,1,0,3928.24,0,1
45.11,10,0,0,0,3428.48,0,0
137.55,19,0,1,0,1018.17,0,0
136.15,14,0,0,0,3689.8,0,0
32.16,13,0,0,0,4362.11,0,0
38.07,8,0,1,0,3238.96,1,0
100.58,17,0,1,0,3552.16,0,0
7.38,8,0,1,0,1235.61,0,0
23.97,9,0,0,0,4463.97,0,0
125.91,8,0,0,0,834.96,0,0
87.81,8,0,0,0,3391.33,0,0
47.91,19,0,0,0,1808.73,0,0
7.35,14,0,1,0,1638.07,3,1
31.5,14,0,0,0,1318.96,0,0
18.36,19,0,0,0,2012.72,2,0
46.11,9,0,0,0,3569.39,1,0
14.74,0,1,1,0,4237.33,0,0
11.87,13,0,0,0,1902.26,0,0
4.2,12,0,1,0,2949.94,0,0
112.37,12,0,0,0,3557.6,0,0
22.2,5,1,1,0,493.83,0,1
38.75,12,0,0,1,4324.42,0,1
33.04,10,0,1,0,991.77,0,0
11.39,9,0,0,0,4122.1,0,0
9.4,9,0,1,0,4440.38,0,1
12.12,10,0,0,0,496.8,0,0
16.07,11,0,0,0,4022.73,0,0
47.78,10,0,0,0,2902.05,0,0
14.94,20,0,1,0,3689.77,0,0
189.9,19,0,0,0,535.48,0,0
92.49,13,0,0,0,3762.47,0,0
74.32,21,0,0,0,2835.85,0,0
29.38,22,0,0,0,2322.25,0,0
150.55,11,0,0,0,2542.15,0,0
26.63,12,0,0,0,3362.88,0,0
32.1,19,0,0,0,1374.48,0,0
39.25,14,0,0,1,4248.47,0,0
66.81,9,0,0,0,1418.98,1,0
62.61,15,0,0,0,3953.01,3,0
20.59,8,0,0,0,103.9,0,0
19.43,10,0,0,0,4128.34,0,0
62.8,9,0,0,0,3839.52,0,0
67.71,9,0,1,0,602.6,0,0
22.35,0,1,0,0,3329.31,0,0
6.77,18,0,1,0,1714.81,1,0
26.92,10,0,0,0,2185.01,0,0
61.78,6,0,1,0,355.24,0,0
201.42,6,0,0,0,995.95,0,0
9.99,13,0,0,0,4293.72,0,0
21.62,22,0,0,0,1909.88,0,0
22.43,7,0,1,0,165.84,0,0
128.48,6,0,0,0,2342.1,0,0
31.98,12,0,0,1,4476.41,0,0
13.37,13,0,0,0,1531.05,1,0
57.9,10,0,1,0,678.4,0,1
22.1,10,0,1,0,2913.81,0,0
9.73,11,0,0,0,4143.22,0,0
13.56,10,0,1,0,3873.21,0,0
187.55,18,0,0,0,2973.59,0,0
48.63,4,1,1,0,869.46,0,0
36.88,9,0,0,0,3540.4,0,0
25.79,17,0,0,0,3713.34,0,0
44.35,17,0,0,0,3830.49,0,0
43.83,7,0,1,0,1847.54,0,0
44.35,20,0,1,0,1869.42,0,0
37.15,15,0,1,0,740.45,0,0
78.95,9,0,0,1,3488.46,0,0
33.89,12,0,0,0,3330.66,1,0
12.45,10,0,0,0,493.89,0,0
17.95,8,0,1,0,139.6,0,0
4.58,10,0,1,0,4285.15,0,0
251.34,13,0,0,0,126.84,0,0
78.47,17,0,0,1,2847.26,0,0
14.44,11,0,1,0,2068.7,0,1
24.98,10,0,0,0,3509.49,0,0
17.52,12,0,0,0,440.39,1,0
154.86,14,0,0,0,3086.56,1,0
8.01,16,0,0,0,2786.49,0,0
37.13,10,0,1,0,3848.49,0,0
29.71,13,0,1,0,2357.53,0,0
75.7,11,0,0,0,3290.9,0,0
29.84,15,0,0,0,1997.24,0,0
5.71,8,0,0,0,4428.7,0,0
25.76,9,0,1,0,2539.38,1,0
12.53,11,0,0,0,3403.25,0,0
35.86,18,0,0,0,463.56,0,0
138.96,13,0,1,0,2109.26,0,0
5.82,20,0,1,1,336.75,0,1
14.88,7,0,1,0,591.61,0,0
19.05,12,0,1,0,2302.3,0,0
22.61,11,0,0,0,1617.76,2,0
69.42,14,0,1,1,2096.21,0,1
27.84,17,0,0,0,2257.84,0,0
50.19,17,0,0,0,760.89,0,0
17.71,15,0,0,0,1677.95,0,0
41.68,14,0,0,0,3879.66,0,0
72.08,19,0,0,0,3861.92,0,0
15.92,11,0,1,0,2233.25,0,0
72.34,17,0,0,0,3383.7,0,0
34.9,19,0,1,0,3403.31,1,1
94.2,12,0,0,0,246.28,0,0
27.07,16,0,0,0,2768.47,0,0
48.48,11,0,0,0,3630.14,0,0
31.8,8,0,1,0,2693.17,0,0
30.08,13,0,0,0,2459.91,0,0
42.9,8,0,1,0,2413.91,0,0
56.65,12,0,1,1,2310.37,0,1
9.49,18,0,1,0,3513.47,0,1
138.88,6,0,0,0,2908.82,1,0
5.16,3,1,0,0,1008.99,0,0
16.7,14,0,1,0,1978.4,0,0
30.14,10,0,0,0,2402.38,1,0
50.02,11,0,0,0,1914.33,0,0
160.16,11,0,0,0,1107.24,0,0
5.16,6,0,1,0,605.1,0,0
19.93,0,1,0,1,572.04,0,1
3.95,18,0,0,0,1368.48,0,0
34.18,9,0,0,0,1841.82,1,0
43.45,11,0,1,0,3088.81,1,0
162.52,20,0,0,0,4432.88,0,0
37.36,17,0,0,0,4043.23,2,0
94.07,7,0,0,0,3670.96,0,0
59.37,12,0,0,0,3671.13,0,0
21.43,16,0,0,0,2702.49,0,0
8.09,15,0,0,0,1174.78,0,0
43.6,16,0,0,0,2150.13,0,0
7.45,12,0,0,0,684.37,0,0
120.93,8,0,0,0,2570.62,1,0
28.16,12,0,1,0,152.35,0,1
109.42,14,0,0,0,893.12,0,0
20.49,14,0,0,0,3219.71,0,0
43.33,6,0,0,0,1282.17,0,0
40.83,5,1,0,0,1918.83,1,0
31.66,20,0,1,0,3752.67,0,0
21.48,8,0,1,0,248.28,2,1
49.03,10,0,0,0,151.17,0,0
13.12,16,0,1,0,1068.99,0,1
9.88,11,0,1,0,3095.77,0,0
114.76,8,0,0,0,1100.74,0,0
68.52,12,0,0,0,3893.46,0,0
35.37,13,0,0,0,1615.72,0,0
175.06,12,0,1,0,1311.62,0,0
25.34,18,0,0,0,1086.46,0,0
124.3,10,0,0,0,2604.17,0,0
39.47,15,0,1,0,3860.59,1,0
11.88,7,0,0,0,1856.98,0,0
210.2,11,0,0,0,1173.7,0,0
89.18,16,0,0,0,1922.85,0,0
29.34,9,0,0,0,4076.31,0,0
68.52,13,0,0,0,1538.69,0,0
22.12,8,0,0,0,2968.08,0,0
75.88,7,0,0,0,1517.34,0,0
3.03,13,0,1,0,3052.67,0,0
11.94,15,0,0,0,3970.5,0,0
88.17,7,0,0,0,2713.59,0,0
25.8,18,0,0,0,4266.12,0,0
40.75,9,0,1,0,2726.75,0,0
8.61,7,0,1,0,4388.2,0,0
210.16,8,0,0,0,3270.6,0,0
108.91,8,0,0,0,2954.91,0,0
27.09,6,0,1,0,3742.76,0,0
22.09,17,0,0,0,99.36,0,0
92.72,12,0,0,0,1194.76,0,0
240.44,11,0,0,0,1011.6,0,0
85.95,19,0,1,0,543.5,0,1
290.56,11,0,1,0,4223.15,0,0
13.17,8,0,0,1,632.96,0,0
14.59,9,0,0,0,1219.62,0,0
10.09,9,0,1,0,1541.48,0,0
51.51,12,0,0,0,2829.59,0,0
39.47,10,0,0,0,3465.22,0,0
28.45,12,0,0,0,2740.81,0,0
74.39,15,0,0,0,3382.85,0,0
113.56,16,0,1,0,1839.45,0,0
7.2,15,0,0,0,4481.21,0,0
18.23,8,0,0,0,806.91,0,0
75.2,7,0,0,0,1828.93,0,0
20.74,13,0,1,0,3753.21,0,0
14.91,8,0,1,0,1148.08,0,0
91.7,6,0,0,0,3391.25,0,0
9.12,13,0,1,0,1671.05,0,0
24.49,10,0,0,0,840.3,0,0
46.0,16,0,1,0,1844.87,0,0
18.66,10,0,0,0,3542.31,0,0
72.47,20,0,0,1,548.2,0,0
18.75,16,0,0,0,2346.65,0,0
135.45,5,1,0,0,3349.04,0,1
29.2,12,0,1,0,3394.5,2,0
64.8,13,0,1,0,1783.66,0,0
69.83,15,0,0,0,2125.65,0,0
17.68,12,0,0,0,3862.61,2,0
4.25,12,0,1,0,977.28,0,0
47.5,11,0,0,0,4467.04,0,0
35.6,9,0,0,0,1915.61,2,0
57.73,19,0,1,0,1275.76,0,0
26.4,10,0,0,0,61.57,0,0
21.53,5,1,0,0,606.35,0,0
246.77,8,0,0,0,3416.47,0,0
7.6,18,0,0,0,2939.08,2,0
68.99,13,0,1,0,1146.95,2,1
18.64,16,0,0,0,4175.16,0,0
23.67,17,0,0,0,3768.81,0,0
24.12,17,0,0,0,1248.27,0,0
14.83,13,0,0,0,1518.89,0,0
58.63,8,0,0,0,872.15,0,0
133.04,7,0,1,0,2909.39,0,0
52.99,13,0,0,0,3170.06,0,1
36.72,11,0,1,0,1811.67,0,0
12.35,13,0,0,0,3330.36,0,0
55.52,12,0,0,0,4462.47,0,0
286.1,14,0,1,0,2773.17,0,0
22.63,3,1,0,0,2939.31,0,0
22.74,3,1,0,1,1713.6,0,1
18.9,16,0,0,0,97.11,0,0
20.3,8,0,0,0,4294.95,0,0
2.13,14,0,1,0,3486.93,1,1
49.65,13,0,0,0,3145.28,0,0
14.22,21,0,1,0,182.66,0,0
6.62,17,0,0,0,3427.6,0,0
70.33,11,0,0,0,3031.87,1,0
11.22,14,0,1,0,2581.63,0,0
23.6,7,0,1,0,2825.02,0,0
143.52,11,0,1,1,4136.73,0,0
8.09,16,0,0,0,79.77,0,0
7.15,14,0,0,0,748.53,0,0
43.35,12,0,0,0,4031.67,1,0
104.53,8,0,0,0,86.54,0,0
6.86,17,0,0,1,4071.18,0,1
49.78,9,0,1,0,181.86,0,0
59.2,17,0,1,0,3518.05,0,0
4.22,14,0,0,0,4014.61,0,0
73.59,11,0,0,0,2775.75,0,0
79.57,4,1,1,0,2904.41,1,1
24.25,9,0,0,0,275.01,1,0
115.86,18,0,0,0,988.47,0,0
103.18,17,0,0,0,4052.65,0,0
36.71,13,0,0,0,3715.54,0,0
21.08,12,0,0,0,314.99,1,0
12.52,14,0,0,0,3667.78,2,0
31.89,12,0,0,0,1934.51,0,0
58.54,14,0,0,0,2545.22,0,0
23.95,10,0,0,0,532.4,0,0
3.68,17,0,0,0,1823.97,0,0
117.77,15,0,1,0,1985.35,0,0
40.05,10,0,0,0,3029.22,0,0
22.65,17,0,0,0,2976.03,2,0
78.04,12,0,1,0,2492.49,0,1
152.12,8,0,0,0,189.93,0,0
2.01,6,0,0,0,768.68,0,0
51.12,15,0,1,0,763.2,0,1
7.95,18,0,0,0,4000.41,0,0
54.55,17,0,1,0,4062.61,0,1
37.63,14,0,1,0,3638.92,0,1
62.54,7,0,0,0,828.21,0,0
20.1,6,0,0,1,3788.67,0,0
5.09,10,0,0,0,884.8,0,0
21.11,18,0,0,0,2518.11,2,0
49.74,20,0,1,0,3315.75,0,0
91.41,9,0,0,0,279.45,0,0
10.26,16,0,0,0,2710.79,2,0
92.49,13,0,0,0,1167.54,0,0
17.32,3,1,0,0,2265.46,0,1
47.58,13,0,0,0,1758.37,0,0
19.89,17,0,0,1,3105.27,1,0
39.73,9,0,1,0,2226.9,0,1
80.79,18,0,0,0,1392.25,1,0
9.71,9,0,0,0,4101.1,0,0
16.78,6,0,0,1,4317.79,0,1
39.84,8,0,0,0,3618.49,1,0
365.62,17,0,0,0,2634.3,0,1
13.97,11,0,0,0,3985.58,0,0
254.71,17,0,0,0,2727.45,0,0
245.78,13,0,0,0,712.29,0,0
30.04,12,0,0,0,127.55,0,0
24.58,17,0,1,0,3280.32,0,0
16.58,11,0,0,0,3398.56,0,0
30.93,17,0,1,0,4169.93,0,0
8.11,7,0,0,0,3717.86,0,0
30.68,14,0,1,0,2896.14,0,0
147.95,15,0,0,0,896.85,0,0
17.97,18,0,0,0,2693.52,0,0
26.03,9,0,1,0,1984.35,0,1
6.04,14,0,1,0,1082.88,0,1
48.14,12,0,1,0,3606.12,0,1
43.14,11,0,0,0,715.52,0,0
35.29,7,0,0,0,2855.01,0,0
26.66,7,0,0,0,2767.85,0,0
24.71,17,0,0,0,1401.08,0,0
54.7,16,0,1,0,1960.11,0,0
32.17,11,0,0,0,568.74,0,0
45.38,17,0,0,0,163.62,0,0
41.06,6,0,0,0,107.93,0,0
101.84,14,0,0,0,825.74,0,0
65.17,18,0,0,1,3908.03,0,0
40.16,17,0,0,0,2375.61,0,0
151.17,11,0,0,0,571.17,2,1
50.41,16,0,0,0,4079.45,0,0
122.11,11,0,0,0,2581.56,1,0
60.76,17,0,0,0,174.09,0,0
5.25,13,0,1,1,3444.14,1,0
122.1,16,0,0,0,2156.79,0,0
37.91,6,0,0,0,2421.24,0,0
31.44,13,0,0,0,2778.86,0,0
43.88,13,0,1,1,470.3,1,1
23.45,14,0,0,0,4267.44,0,0
41.56,15,0,1,0,1186.5,0,0
18.32,18,0,0,0,2817.15,0,0
118.42,17,0,0,0,3857.26,0,0
29.56,9,0,0,0,1527.03,0,0
22.59,17,0,0,0,2842.61,0,0
13.13,7,0,0,0,4450.5,0,0
43.33,14,0,0,0,3840.51,0,0
39.93,18,0,0,0,3517.82,0,0
48.83,7,0,0,0,2004.89,1,0
11.85,17,0,0,1,2058.15,0,0
6.68,17,0,1,0,2210.65,0,0
61.9,12,0,0,0,3122.42,0,0
146.15,10,0,0,0,692.3,0,0
11.87,11,0,0,1,3881.57,0,1
162.3,20,0,0,0,130.45,0,0
43.99,8,0,1,0,806.47,2,1
32.88,13,0,0,1,2194.07,0,1
22.25,6,0,0,0,1171.92,0,0
8.29,9,0,0,0,1676.84,0,0
88.92,16,0,0,0,1529.99,1,0
15.25,10,0,1,0,1246.89,0,0
15.18,21,0,0,1,1742.23,0,0
89.29,12,0,1,0,2298.53,0,0
5.04,12,0,1,0,2169.8,0,0
7.22,3,1,1,0,3663.05,0,0
32.52,19,0,0,0,1421.25,0,0
44.4,8,0,0,0,1304.5,0,0
53.77,13,0,0,0,2294.8,0,0
24.49,11,0,1,0,263.31,0,0
415.87,11,0,0,0,547.56,0,0
26.37,14,0,1,0,3623.74,0,0
26.29,15,0,1,0,2247.01,0,0
14.92,8,0,1,0,346.08,0,0
37.48,12,0,0,1,2009.7,0,0
61.25,17,0,0,0,1822.28,0,0
110.34,12,0,0,0,1145.3,0,0
7.47,8,0,0,0,1705.86,0,0
25.89,10,0,1,0,888.18,0,0
51.76,9,0,1,0,2048.32,0,0
59.56,7,0,0,1,1867.95,1,1
33.33,11,0,0,0,2753.38,0,0
56.96,13,0,0,0,4242.36,0,0
14.75,6,0,0,0,875.31,0,0
157.26,14,0,0,0,1907.61,1,0
89.36,22,0,0,0,2551.88,0,0
8.63,20,0,1,0,2484.11,0,0
11.3,17,0,1,1,2992.97,0,0
11.62,9,0,0,0,1242.29,0,0
65.23,2,1,0,0,2873.75,0,0
9.16,17,0,0,0,945.21,1,0
23.78,5,1,1,1,608.28,1,0
52.18,8,0,0,0,3750.82,0,0
31.0,13,0,0,0,2158.14,1,0
42.9,8,0,0,0,1817.88,0,0
11.41,17,0,0,0,4181.89,1,0
60.03,16,0,1,0,3208.42,0,0
17.94,16,0,1,0,3063.22,1,0
23.94,17,0,0,0,914.46,0,0
42.0,9,0,1,0,981.2,1,0
36.71,16,0,0,0,2199.8,0,0
33.92,11,0,0,0,2952.75,0,0
15.63,15,0,1,0,1808.96,0,0
24.54,7,0,0,0,335.62,0,0
33.19,15,0,0,0,3089.48,0,0
8.37,20,0,1,0,3493.19,0,0
20.85,4,1,0,1,4252.15,0,0
48.8,6,0,0,0,1869.02,0,0
9.23,7,0,0,0,1198.31,0,0
105.28,12,0,0,0,4169.85,0,0
117.87,10,0,0,0,3232.37,0,0
9.53,17,0,0,0,334.74,0,0
128.72,12,0,0,1,2631.12,0,0
28.69,12,0,1,0,176.94,0,0
50.33,15,0,1,0,1058.03,0,0
20.15,11,0,0,0,365.74,0,0
83.35,11,0,1,0,961.77,0,1
49.7,16,0,0,0,2230.16,0,0
14.67,17,0,1,0,1379.96,0,1
10.33,1,1,1,0,441.66,0,0
7.69,7,0,0,0,2195.17,0,0
39.96,9,0,0,0,3202.77,0,0
58.7,11,0,1,0,286.41,0,0
63.5,10,0,0,0,3976.69,0,0
29.43,15,0,0,0,2956.16,0,0
10.41,17,0,0,0,2361.51,0,0
16.74,8,0,0,0,1813.61,0,0
104.83,13,0,0,0,1800.13,0,0
20.4,11,0,0,0,1543.24,1,0
38.22,12,0,0,0,565.0,3,0
11.29,14,0,0,0,402.63,0,0
46.37,18,0,0,0,1424.29,2,0
20.95,8,0,1,1,3018.43,0,1
94.32,6,0,1,1,1333.35,0,1
71.78,14,0,0,0,3664.58,1,0
20.17,11,0,1,0,1742.29,2,1
29.18,8,0,1,1,2858.81,3,1
19.08,7,0,1,0,1972.01,0,0
8.01,13,0,1,1,2265.33,0,1
14.05,10,0,1,0,1163.21,0,0
40.38,22,0,0,0,2336.72,0,0
45.84,11,0,0,1,542.41,0,0
38.42,9,0,0,0,1771.12,0,0
24.49,14,0,0,0,2044.94,0,0
84.19,9,0,1,1,3182.78,0,0
35.29,12,0,0,0,1830.98,0,0
66.9,12,0,1,0,3011.19,0,1
5.62,12,0,1,0,827.04,0,0
1.0,17,0,0,0,162.26,1,0
43.98,9,0,0,0,2301.47,0,0
7.97,18,0,0,0,2158.72,0,0
26.78,17,0,0,0,3030.4,0,0
24.48,10,0,1,0,1445.28,1,0
161.97,8,0,1,0,182.9,0,0
49.4,9,0,0,0,3269.88,2,0
39.09,10,0,0,0,4242.84,0,0
76.48,13,0,0,0,1804.47,0,0
47.87,4,1,0,0,2769.52,0,1
20.95,18,0,1,0,2473.86,1,1
96.69,6,0,0,0,2568.71,0,0
10.92,9,0,0,0,3909.82,0,0
45.75,7,0,0,0,3326.7,0,0
7.05,9,0,0,0,3475.55,0,0
40.61,17,0,0,1,450.67,0,0
40.16,14,0,0,1,702.85,0,1
177.05,9,0,0,0,3001.71,0,0
6.92,18,0,0,0,2455.04,0,0
18.16,17,0,0,0,3495.54,0,0
75.39,16,0,0,0,464.18,0,0
46.31,17,0,1,1,2570.87,0,0
39.66,14,0,1,0,2213.01,0,1
12.73,12,0,0,0,3853.36,0,0
18.34,11,0,1,0,882.81,0,0
115.01,9,0,1,0,1601.77,0,1
31.45,13,0,0,0,719.6,0,0
48.2,18,0,1,0,2060.21,0,0
29.51,13,0,0,0,3972.26,1,0
10.14,18,0,1,0,3032.98,0,0
84.25,11,0,0,0,3362.13,0,0
54.77,15,0,1,0,465.35,0,1
332.17,14,0,0,0,2061.52,0,0
11.99,15,0,0,0,3782.08,1,0
75.38,14,0,0,0,3776.78,0,0
8.92,9,0,0,1,4446.69,0,0
38.76,7,0,0,0,2390.88,0,0
87.93,20,0,0,0,59.22,0,0
4.17,4,1,0,0,4050.82,0,1
26.98,12,0,0,0,4305.08,0,0
18.86,11,0,0,0,4178.47,0,0
16.41,11,0,0,0,3485.01,0,0
48.68,17,0,0,0,993.02,0,0
101.56,16,0,0,0,668.8,0,0
28.98,18,0,0,0,3168.94,0,0
40.67,11,0,0,0,674.88,0,0
37.13,13,0,0,0,4292.25,0,0
33.18,18,0,0,0,2033.93,0,0
11.14,22,0,0,0,187.13,0,0
100.33,20,0,0,0,720.14,0,0
44.49,15,0,0,0,1342.64,0,0
49.15,7,0,0,0,3181.71,0,0
14.78,2,1,0,0,3330.95,0,0
20.92,17,0,1,0,997.96,0,0
27.77,17,0,1,0,2936.07,0,0
7.14,16,0,1,0,191.63,2,0
6.12,9,0,0,0,507.7,0,0
18.16,14,0,0,0,2430.8,0,0
55.84,10,0,1,0,3182.02,0,0
17.23,12,0,0,0,4118.93,1,0
11.96,11,0,0,0,1998.0,0,0
14.66,18,0,0,0,583.79,1,0
21.0,9,0,0,0,4183.95,0,0
23.25,13,0,0,0,1996.6,0,0
288.74,11,0,1,0,2263.76,0,1
95.07,15,0,1,0,3852.21,0,0
92.28,13,0,0,0,2656.72,0,0
106.55,19,0,1,0,1391.45,0,0
12.2,7,0,0,0,2456.47,0,0
9.75,9,0,0,0,2830.63,0,0
10.95,16,0,0,0,4009.61,0,0
125.78,11,0,0,1,1095.01,0,0
19.16,8,0,0,0,2539.24,0,0
9.47,12,0,0,0,4146.22,0,0
21.52,14,0,0,0,252.35,1,0
26.09,4,1,0,0,915.83,0,1
43.31,10,0,1,0,1591.1,0,0
42.56,17,0,1,0,3069.18,0,0
14.47,13,0,0,0,3796.22,0,0
65.74,3,1,0,0,936.31,0,0
17.48,10,0,1,1,1147.83,0,1
28.32,14,0,1,0,3713.62,0,0
65.81,8,0,0,0,710.13,0,0
17.43,17,0,0,0,1212.24,1,0
18.74,15,0,0,0,3310.49,0,0
59.84,12,0,0,0,789.41,0,0
14.05,18,0,1,0,3734.75,0,0
22.54,11,0,0,0,2232.8,0,0
57.73,9,0,1,0,2041.7,0,0
258.29,15,0,0,0,651.89,0,0
60.67,13,0,0,0,3074.48,0,0
53.12,10,0,0,0,3983.8,0,0
56.31,10,0,0,0,3129.88,0,0
11.32,11,0,0,0,1460.14,0,0
37.17,10,0,0,0,3159.65,0,0
32.14,15,0,1,0,2319.24,3,1
45.68,14,0,0,1,3849.1,0,0
37.21,12,0,0,0,2095.43,0,0
48.41,11,0,0,0,1106.0,1,0
24.25,11,0,0,0,500.59,0,0
35.11,10,0,0,0,1300.75,0,0
9.7,6,0,0,1,2557.75,0,1
24.05,9,0,0,1,806.69,0,1
133.06,10,0,1,0,226.94,0,0
45.55,13,0,0,0,2047.35,0,0
32.43,16,0,0,0,1596.07,0,0
220.55,11,0,0,0,1920.74,0,0
8.49,19,0,0,0,2070.89,0,0
10.92,17,0,0,0,3459.01,0,0
183.59,21,0,0,0,4326.12,1,0
34.67,18,0,0,0,1217.17,0,0
25.98,14,0,0,0,4243.68,0,0
9.98,13,0,1,0,1066.27,0,0
51.82,7,0,0,0,3409.51,1,0
57.08,16,0,0,0,3081.99,0,0
11.08,14,0,0,0,282.39,2,0
28.78,12,0,0,0,3275.9,0,0
23.68,15,0,0,0,4060.0,0,0
42.78,12,0,0,1,4189.49,0,1
10.81,13,0,1,0,3099.11,0,0
115.81,11,0,0,0,3550.32,0,0
82.75,15,0,0,0,368.36,0,0
23.03,18,0,0,0,767.57,0,0
26.67,17,0,0,0,1218.03,0,1
28.89,17,0,0,0,2414.46,0,0
15.21,1,1,1,0,1768.79,1,0
21.25,18,0,1,0,2974.25,0,0
25.27,9,0,1,0,2033.32,0,0
166.15,18,0,0,0,3498.85,0,0
85.34,8,0,0,0,3225.47,0,0
84.32,12,0,1,0,3375.4,0,0
47.94,16,0,1,0,3738.38,0,0
10.83,14,0,0,0,3762.29,0,0
31.77,11,0,1,0,3519.01,0,0
87.4,15,0,1,0,343.37,0,1
9.41,13,0,0,0,2823.25,0,0
62.59,9,0,0,1,138.06,0,0
337.85,14,0,0,0,3359.73,0,0
95.76,8,0,1,0,321.71,0,1
136.19,15,0,0,0,4425.31,0,0
41.2,0,1,0,0,2782.65,0,0
87.18,13,0,0,0,859.89,1,0
16.15,11,0,0,0,2133.84,0,0
73.4,10,0,0,0,3728.71,0,0
63.71,12,0,0,0,850.99,0,0
44.25,14,0,0,0,2438.65,0,0
123.47,20,0,1,0,65.93,0,0
19.32,17,0,0,0,3558.5,0,0
27.47,15,0,0,0,916.0,0,0
36.43,12,0,0,0,1772.94,0,0
11.83,11,0,0,0,2409.58,0,0
41.55,3,1,1,0,694.63,0,1
5.94,11,0,0,1,4173.69,0,0
94.34,17,0,0,0,2136.19,0,0
34.7,11,0,0,0,1081.44,0,0
19.67,12,0,0,0,3321.39,0,0
14.38,9,0,1,0,4029.25,0,0
26.19,9,0,0,0,4111.39,1,0
65.91,5,1,0,0,1968.55,0,0
57.27,14,0,1,0,1649.6,0,0
16.35,12,0,0,0,4185.2,0,0
14.21,14,0,0,0,285.13,0,0
63.87,13,0,0,0,3389.9,0,0
16.08,17,0,1,0,839.91,0,1
35.16,16,0,1,0,2121.48,1,1
37.48,16,0,0,0,4293.93,1,0
45.24,12,0,0,0,2636.11,0,0
78.12,11,0,0,0,2379.31,0,0
9.37,19,0,0,0,325.01,1,0
4.9,5,1,1,0,1284.17,0,1
18.78,8,0,0,0,63.58,1,0
200.64,11,0,0,0,3943.78,0,0
250.18,14,0,0,0,2919.6,2,0
206.68,0,1,0,0,575.22,0,0
27.3,15,0,0,0,1667.45,0,0
5.57,13,0,0,0,3660.8,0,0
3.18,12,0,0,0,674.35,0,0
17.92,11,0,0,0,1074.68,0,0
27.16,12,0,0,0,2459.26,0,0
121.59,8,0,0,0,695.01,0,0
78.87,7,0,0,0,1753.04,0,0
41.57,10,0,0,0,4420.47,1,0
13.6,15,0,0,0,2470.14,0,0
12.67,13,0,1,0,3171.8,0,0
42.7,12,0,0,0,3001.6,0,0
66.49,13,0,1,0,992.14,0,0
49.0,13,0,1,0,3815.2,0,0
11.77,10,0,0,0,593.12,0,0
63.48,6,0,1,0,4151.1,1,1
50.7,18,0,1,0,1011.52,0,1
11.35,13,0,1,0,4298.61,0,0
15.11,15,0,0,0,3600.94,0,0
65.92,12,0,0,0,810.88,0,0
26.19,16,0,0,0,763.79,1,0
162.25,13,0,0,0,426.16,0,0
54.66,5,1,1,1,1150.73,0,0
20.36,18,0,0,0,2983.03,0,0
32.78,10,0,0,0,2365.35,0,0
35.28,7,0,1,0,2779.41,0,0
15.98,6,0,1,0,188.58,0,0
13.3,16,0,0,1,405.87,0,1
66.78,15,0,1,0,3129.28,2,0
77.11,15,0,0,0,3823.19,0,0
60.57,18,0,0,0,1649.43,0,0
150.7,10,0,1,0,790.85,2,0
19.26,13,0,1,0,1422.18,0,0
176.67,14,0,0,1,1883.53,0,0
13.45,20,0,0,0,2854.1,1,0
12.03,10,0,0,0,1872.16,0,0
5.7,19,0,0,1,4041.83,0,0
21.2,7,0,0,0,1835.4,0,0
20.01,16,0,0,0,857.11,0,0
56.03,14,0,0,0,1155.13,0,0
42.26,17,0,0,1,2119.99,0,0
10.04,2,1,1,0,3531.96,0,0
22.36,6,0,0,0,3918.86,0,0
22.84,5,1,1,0,874.54,0,1
5.61,13,0,0,0,65.45,0,0
12.42,14,0,0,0,3918.87,0,0
15.32,18,0,0,0,1065.47,2,1
138.88,12,0,1,0,3706.4,0,0
40.1,5,1,1,0,2500.83,0,0
64.21,8,0,0,0,1848.31,0,0
7.4,0,1,0,0,703.07,0,0
109.31,16,0,0,0,3040.57,0,0
121.64,17,0,0,0,3690.8,0,0
4.49,22,0,0,0,2101.87,0,0
16.36,11,0,0,0,2036.28,0,0
54.37,1,1,0,0,3410.99,0,0
63.08,9,0,0,0,2275.53,0,0
16.8,13,0,0,0,3545.98,1,0
24.4,20,0,0,0,290.82,0,0
18.22,7,0,0,0,3866.46,0,0
36.98,7,0,0,0,1216.21,0,0
109.64,15,0,1,0,802.92,0,1
15.32,15,0,0,0,193.71,0,0
90.09,9,0,0,0,3761.63,0,0
15.15,17,0,0,0,317.51,0,0
14.19,7,0,0,0,4297.22,0,0
75.08,19,0,0,0,2563.55,1,0
83.26,8,0,0,0,3159.14,0,0
77.59,6,0,1,0,3277.63,1,0
8.88,10,0,1,0,1352.45,0,0
20.78,8,0,1,0,3638.74,0,0
75.41,13,0,0,0,4260.77,0,0
34.52,15,0,0,0,1695.84,0,0
11.32,12,0,0,0,3767.3,1,0
52.37,15,0,0,1,3485.58,0,0
16.2,11,0,0,0,2673.7,1,0
199.24,2,1,1,0,1685.89,1,0
155.22,20,0,0,1,1897.57,0,0
60.59,17,0,0,0,1418.86,0,0
129.15,6,0,0,0,1946.9,0,0
35.33,12,0,0,0,4453.84,1,0
71.2,14,0,0,0,1667.2,1,0
145.14,8,0,0,0,3011.52,0,0
42.33,13,0,0,0,1472.25,0,0
25.66,13,0,1,0,2126.58,0,1
6.02,8,0,0,0,422.79,1,0
30.47,7,0,0,0,3446.39,2,1
75.45,16,0,0,0,2991.56,0,0
85.25,10,0,1,0,1596.31,1,0
54.84,9,0,0,0,2385.56,2,1
19.27,16,0,1,0,3931.39,0,0
4.59,16,0,0,0,247.73,0,0
20.18,9,0,1,0,4189.46,1,0
24.43,18,0,0,1,2145.06,1,1
24.22,15,0,0,0,3875.47,0,0
61.47,10,0,0,0,3883.6,0,0
241.21,11,0,1,0,311.27,0,0
37.47,16,0,1,0,3528.1,0,0
26.66,9,0,0,0,3311.26,3,0
25.55,12,0,0,0,242.21,0,0
37.5,14,0,0,0,4235.39,0,0
14.46,13,0,0,0,2873.74,0,0
37.34,14,0,0,0,795.53,0,0
51.98,13,0,0,0,597.78,0,0
40.84,8,0,0,0,2550.78,0,0
52.33,11,0,1,0,311.81,2,0
51.1,13,0,0,0,781.62,0,0
5.63,17,0,0,0,4270.61,0,0
62.61,14,0,0,0,3364.1,0,0
16.93,11,0,0,1,2780.03,0,0
11.07,20,0,0,1,979.25,0,0
10.97,7,0,0,0,1022.4,0,0
51.09,8,0,1,0,2033.94,0,0
26.51,10,0,0,0,3405.54,0,0
6.16,9,0,0,0,67.49,0,0
53.41,14,0,0,0,247.02,0,0
7.85,3,1,0,0,3922.0,0,0
38.09,8,0,0,0,3672.59,0,0
42.03,10,0,0,1,3141.33,0,0
80.28,15,0,0,0,2272.92,0,0
196.7,18,0,1,0,695.81,0,0
8.46,17,0,1,0,504.94,0,0
31.42,8,0,0,0,4078.92,0,0
25.12,13,0,0,0,1752.22,0,0
51.1,3,1,0,0,3145.97,0,0
41.09,10,0,0,0,2080.08,0,0
23.28,17,0,0,0,3302.63,0,0
21.31,12,0,0,0,910.22,0,0
10.84,7,0,0,0,2206.33,0,0
88.93,12,0,0,0,1727.06,0,0
52.42,8,0,1,0,1140.49,0,1
82.91,11,0,1,0,2709.81,1,0
24.28,12,0,0,0,2439.53,0,0
17.17,10,0,0,0,2255.83,0,0
11.26,19,0,0,0,2680.41,0,0
47.41,13,0,1,0,684.26,2,0
11.71,17,0,1,0,1698.94,1,1
210.33,16,0,1,0,1494.8,0,0
8.96,15,0,0,0,3472.83,0,0
43.54,12,0,0,0,208.97,0,0
158.67,0,1,0,0,1304.59,0,1
60.29,14,0,1,0,4136.41,0,0
39.48,11,0,1,1,1386.56,2,1
12.57,7,0,0,0,725.95,0,0
8.32,12,0,0,0,3420.19,0,0
71.53,16,0,1,1,262.91,0,1
149.33,20,0,0,0,1947.12,1,0
21.35,11,0,1,0,3856.34,0,0
10.6,13,0,0,0,4295.72,1,0
2.83,18,0,0,0,1158.14,0,0
12.42,10,0,0,0,1368.1,0,0
29.56,7,0,0,0,2574.27,0,0
163.88,10,0,0,0,1058.15,0,0
64.92,18,0,1,0,720.81,0,1
44.93,8,0,1,0,1945.62,0,0
22.2,10,0,0,0,371.5,0,0
18.48,12,0,0,1,4029.28,0,0
135.05,17,0,0,0,1537.17,0,0
40.48,19,0,0,0,1546.46,2,0
4.04,11,0,1,1,3571.61,0,0
16.89,19,0,0,0,1569.89,0,0
14.04,8,0,0,0,3436.04,0,0
19.18,8,0,1,0,856.53,0,1
58.14,19,0,0,0,2404.0,0,0
29.74,12,0,1,0,3469.88,0,0
30.67,8,0,0,0,2052.05,0,0
123.16,12,0,1,0,369.57,0,1
16.5,17,0,1,0,3329.22,0,1
213.62,17,0,1,0,2248.55,2,0
16.92,18,0,1,0,1458.05,0,0
36.21,13,0,0,0,4467.94,0,0
25.0,18,0,0,1,3948.52,0,1
37.47,12,0,0,0,218.31,1,0
51.66,14,0,1,0,2691.76,0,0
51.1,16,0,0,0,1627.83,0,0
15.59,11,0,1,0,216.45,0,0
10.77,6,0,0,0,100.27,0,0
404.71,11,0,1,0,2647.72,0,1
20.41,14,0,0,0,1474.58,0,0
66.63,8,0,0,0,3179.76,2,0
6.64,7,0,0,0,2072.17,1,0
25.04,10,0,0,0,3460.91,0,0
29.16,3,1,0,0,3668.14,0,0
53.13,16,0,0,0,2974.69,0,0
2.18,9,0,0,0,1909.98,0,0
39.1,7,0,1,0,4448.72,0,0
10.49,15,0,0,0,1414.75,0,0
45.8,17,0,0,1,2339.88,0,1
11.75,1,1,1,0,2365.8,0,1
14.08,9,0,1,0,1956.11,1,0
25.19,19,0,0,0,590.3,0,0
11.56,11,0,1,0,1625.04,0,0
20.58,19,0,1,0,1007.59,0,0
10.04,9,0,1,0,4054.36,0,0
5.3,9,0,1,0,2966.42,0,1
91.65,9,0,0,0,1330.77,0,0
9.06,6,0,0,0,2567.51,0,0
27.7,18,0,0,1,3846.77,1,0
70.31,20,0,0,0,4208.23,0,0
17.9,19,0,0,0,383.91,0,0
14.51,18,0,0,0,3551.74,0,0
41.52,17,0,0,0,4350.07,0,0
101.28,15,0,0,0,2129.24,0,0
10.28,17,0,0,0,4480.13,1,0
28.5,8,0,0,0,4309.0,0,0
5.86,11,0,1,0,2973.17,0,1
22.35,14,0,0,0,3821.87,1,0
34.27,18,0,1,0,1369.71,0,1
14.09,15,0,0,0,4132.71,0,0
20.97,17,0,0,0,2683.91,0,1
8.1,12,0,0,0,2318.01,0,0
35.77,15,0,0,0,3768.69,0,0
95.17,20,0,0,0,4008.25,0,0
11.05,8,0,1,0,3170.56,0,1
17.77,19,0,1,0,161.41,0,1
54.74,13,0,1,0,2707.57,0,0
111.28,14,0,0,1,3706.37,0,0
7.44,18,0,0,0,2476.45,0,0
27.97,11,0,0,0,4210.12,0,0
43.95,11,0,0,0,4043.06,0,0
29.9,13,0,0,0,2407.06,0,0
2.78,1,1,0,1,1847.05,0,0
54.66,12,0,1,0,295.09,0,0
151.31,10,0,0,0,2865.06,0,0
37.21,19,0,1,0,1233.54,0,1
11.81,6,0,0,0,3024.61,0,0
19.82,12,0,0,0,3604.49,0,0
194.4,19,0,1,1,1868.69,0,1
82.27,18,0,0,0,119.35,0,0
62.8,15,0,0,0,3900.38,0,0
47.3,13,0,0,0,2493.08,0,0
17.1,10,0,0,0,1450.82,0,0
27.1,11,0,0,0,2870.39,0,0
30.63,6,0,0,0,3051.05,1,0
57.37,17,0,0,0,706.23,0,0
149.74,10,0,1,1,2926.49,1,1
101.33,15,0,0,1,1325.76,2,1
8.01,11,0,0,0,3626.13,0,0
41.43,12,0,0,0,4239.72,0,0
69.18,13,0,1,0,506.87,1,0
61.49,17,0,0,0,4132.24,1,0
17.65,9,0,0,0,4070.33,1,0
610.4,11,0,0,0,1575.94,2,0
9.23,7,0,1,0,178.32,0,0
11.21,6,0,0,0,3001.35,0,0
41.83,14,0,0,0,1583.96,0,0
275.01,8,0,0,0,902.83,0,0
14.35,5,1,0,0,533.11,1,1
25.39,18,0,0,0,922.32,0,0
97.25,13,0,1,0,1106.73,0,0
32.53,7,0,0,0,3591.42,1,0
23.7,5,1,0,0,3538.0,0,0
58.3,7,0,0,0,2250.14,0,0
43.49,12,0,0,0,2512.3,0,0
92.8,15,0,0,0,4134.28,0,0
120.48,14,0,0,0,4090.78,0,0
45.02,7,0,1,0,3737.6,0,0
44.33,14,0,0,0,1715.52,0,0
41.02,11,0,0,0,1681.16,0,0
54.01,12,0,0,1,4001.08,0,0
34.99,17,0,1,0,4172.99,1,0
33.1,10,0,1,0,3603.12,0,0
109.58,7,0,1,0,3419.26,1,0
150.82,18,0,0,0,2533.83,0,0
7.33,9,0,0,0,1555.59,0,0
33.45,10,0,0,0,1120.81,0,0
16.63,15,0,0,0,674.51,0,0
24.26,15,0,0,0,3290.5,1,0
49.53,17,0,1,0,3507.56,0,0
64.68,8,0,0,0,1645.97,0,0
29.6,11,0,0,0,76.88,0,0
4.89,7,0,0,0,4226.75,0,0
12.62,13,0,0,0,1995.05,0,0
81.17,10,0,0,0,4386.93,0,0
2.14,15,0,0,0,3064.25,0,0
108.57,0,1,0,0,601.86,0,1
55.77,5,1,1,0,1504.94,0,1
123.49,12,0,1,0,2973.87,0,0
27.15,19,0,0,0,2939.18,0,0
4.21,18,0,0,1,1082.34,0,1
50.93,22,0,0,0,837.01,1,0
118.47,11,0,0,0,1281.72,0,0
83.49,4,1,1,0,3551.67,0,1
17.07,10,0,0,0,1126.32,1,0
36.12,15,0,0,0,3172.92,0,0
19.44,7,0,0,0,3921.5,0,0
14.6,10,0,0,0,1792.72,0,0
86.09,5,1,0,1,81.12,0,0
10.0,12,0,0,0,681.71,0,0
13.55,8,0,1,0,1437.94,0,0
10.98,6,0,0,0,895.3,0,0
7.46,11,0,0,0,1338.34,0,0
38.34,11,0,1,0,2470.99,0,0
105.79,13,0,0,0,143.81,0,0
27.53,16,0,1,1,336.05,0,0
7.35,7,0,0,1,3858.04,0,0
76.7,17,0,1,0,2374.32,0,0
178.7,2,1,0,0,4213.11,0,0
17.35,12,0,0,0,64.58,2,0
20.52,13,0,1,0,50.67,0,0
55.46,19,0,1,0,3341.2,0,0
167.65,13,0,0,0,2169.32,0,0
19.69,8,0,0,0,4116.4,0,0
8.74,12,0,1,0,3550.3,0,0
62.27,11,0,0,0,2292.63,0,0
73.63,12,0,0,0,2179.43,0,0
33.32,8,0,0,0,3659.75,0,0
18.95,12,0,0,0,3626.49,0,0
89.51,8,0,0,1,1282.4,0,1
56.15,16,0,1,0,3052.13,0,0
15.36,13,0,1,0,2912.25,0,0
34.78,6,0,1,0,3859.58,0,0
8.57,18,0,0,1,3915.18,0,1
65.75,14,0,0,0,1243.85,0,0
25.48,10,0,0,0,3964.85,0,0
21.42,4,1,0,0,4164.34,1,1
32.04,14,0,0,0,537.88,0,1
34.48,11,0,0,0,2603.17,0,0
81.04,18,0,0,0,1992.26,0,0
59.81,3,1,0,0,1838.83,0,1
28.32,3,1,0,0,3186.49,0,0
71.07,19,0,1,0,626.58,0,0
49.44,20,0,1,0,3698.76,0,0
21.62,2,1,1,0,168.37,0,0
29.23,15,0,1,0,2623.44,0,0
28.55,9,0,0,0,1052.85,0,0
54.89,15,0,1,0,3020.24,0,1
22.94,18,0,1,0,2388.17,1,0
22.41,7,0,0,0,4498.9,0,0
237.17,9,0,1,0,3887.34,0,0
84.75,2,1,0,0,1548.02,0,1
15.48,4,1,0,1,2401.75,0,0
58.61,2,1,0,0,1464.26,0,0
37.28,17,0,0,0,3293.13,0,0
48.99,10,0,0,0,1929.74,0,0
37.99,12,0,0,0,563.7,0,0
108.81,17,0,0,0,2990.58,2,0
46.79,12,0,0,0,99.24,0,0
31.12,11,0,1,0,1372.94,0,0
93.9,1,1,1,0,4086.79,0,1
41.82,13,0,1,0,469.08,0,0
37.39,7,0,0,0,2294.69,0,0
45.33,16,0,0,0,3588.14,0,0
30.16,9,0,0,0,4075.03,0,0
33.42,15,0,0,0,2541.28,0,0
18.42,14,0,0,0,731.66,0,0
15.62,14,0,0,0,4236.82,0,0
12.2,9,0,0,0,3384.2,0,0
8.23,9,0,0,0,1810.73,0,0
13.74,18,0,0,0,1282.56,0,0
27.82,1,1,0,0,262.34,0,0
36.71,8,0,1,0,901.87,0,0
25.25,14,0,0,0,3510.66,0,0
3.14,17,0,1,0,533.39,0,0
159.91,11,0,0,0,625.89,0,0
98.15,14,0,1,0,921.9,0,0
51.72,13,0,0,1,1809.27,0,0
223.07,5,1,0,0,891.37,0,1
12.46,14,0,0,0,4074.15,0,0
218.68,17,0,1,0,1196.57,0,0
12.61,22,0,0,1,4141.72,0,0
42.04,2,1,0,0,4433.0,0,0
9.26,15,0,0,0,3408.87,0,0
33.61,11,0,0,0,83.09,0,0
48.72,0,1,0,0,1118.09,0,0
28.37,14,0,1,0,1239.63,0,0
67.62,7,0,0,0,2465.26,0,0
36.56,11,0,0,0,754.85,0,0
19.64,9,0,0,0,393.61,1,0
18.79,11,0,0,1,834.79,0,0
74.51,12,0,0,0,1506.72,0,0
17.22,11,0,0,0,268.98,0,0
82.72,13,0,0,0,919.37,0,0
112.47,9,0,1,0,795.46,0,0
6.24,14,0,0,0,3487.0,0,0
102.81,18,0,0,0,804.6,2,0
259.93,9,0,1,0,3572.35,2,0
42.61,12,0,0,0,2311.41,0,0
60.29,14,0,0,0,3422.45,0,0
93.41,13,0,0,0,2054.09,0,0
25.14,11,0,0,1,4059.7,0,0
39.74,14,0,0,0,1280.51,0,0
8.9,2,1,0,0,3462.29,0,1
38.04,11,0,0,0,777.22,0,0
54.5,13,0,1,0,3977.77,0,0
55.49,2,1,0,0,176.56,1,0
96.1,12,0,1,0,2085.59,0,0
15.26,14,0,1,0,1924.6,0,0
19.44,16,0,0,0,2825.87,0,0
220.41,7,0,1,0,2012.15,0,0
28.49,22,0,0,0,2670.96,0,0
40.45,14,0,0,0,3884.58,0,0
30.97,11,0,1,0,682.03,0,0
14.56,9,0,0,1,1136.46,0,0
167.93,13,0,0,0,3622.55,0,0
19.54,18,0,0,0,1064.88,0,0
10.73,13,0,0,0,4080.16,0,0
21.1,15,0,0,0,2456.61,0,0
4.47,11,0,0,0,414.3,0,0
17.27,11,0,1,0,141.94,0,0
12.58,10,0,0,0,3444.93,0,0
61.4,15,0,1,0,3860.76,0,0
16.89,11,0,0,0,1117.4,0,0
80.46,8,0,0,0,1121.47,0,0
134.09,11,0,0,0,4295.75,1,0
72.33,18,0,1,0,2970.03,0,0
26.7,16,0,1,0,795.88,0,0
38.13,10,0,0,0,2046.21,0,0
7.21,18,0,0,0,4101.44,0,0
28.97,6,0,1,0,2814.23,0,0
14.01,4,1,0,0,1863.24,1,0
66.31,7,0,0,0,722.1,0,0
433.87,7,0,0,0,3280.71,0,0
54.59,6,0,1,0,1279.81,0,0
4.52,15,0,0,0,2568.3,0,0
23.08,14,0,0,0,2720.62,0,0
37.43,14,0,0,0,2521.75,0,0
36.14,15,0,0,0,1146.89,0,0
15.95,16,0,0,0,3201.82,0,0
42.32,8,0,1,0,2568.92,2,0
9.56,14,0,1,0,1846.39,0,1
12.87,13,0,0,0,281.98,0,0
63.17,19,0,0,0,1524.12,0,0
11.99,9,0,1,0,1618.39,0,0
56.72,5,1,0,0,3570.68,0,0
8.42,14,0,0,0,2334.84,0,0
193.41,16,0,1,0,4197.93,0,0
15.27,10,0,1,0,3390.75,0,0
26.48,13,0,0,0,2444.12,0,0
46.09,5,1,0,0,801.54,0,0
18.81,20,0,0,0,1033.6,0,0
38.22,7,0,1,0,762.35,0,0
58.87,5,1,1,1,2020.69,0,0
86.54,4,1,0,0,3265.24,0,0
73.08,11,0,1,0,3429.0,0,0
27.89,6,0,1,0,477.87,0,0
28.6,16,0,0,0,2256.8,0,0
346.92,18,0,0,0,2192.41,2,0
85.62,9,0,0,0,2003.05,0,0
13.17,14,0,1,0,1390.41,0,0
36.6,4,1,0,0,2167.35,0,1
23.69,11,0,0,0,2348.9,0,0
28.92,10,0,0,0,2718.65,0,0
9.68,9,0,0,0,1729.27,0,0
21.93,14,0,0,0,4255.7,0,0
202.67,7,0,0,0,1557.83,0,0
59.09,18,0,0,0,4032.98,0,0
2.74,15,0,0,0,3615.58,0,0
111.8,15,0,0,0,2120.45,0,0
98.46,19,0,0,0,2258.59,0,0
23.12,19,0,0,1,3920.88,0,0
67.85,13,0,0,0,2242.63,0,0
14.02,12,0,0,0,3073.24,0,0
20.69,10,0,0,0,3651.4,0,0
148.2,15,0,0,0,4090.07,0,0
25.24,13,0,1,0,1020.83,0,1
5.11,19,0,0,0,4390.38,0,0
31.08,9,0,0,0,4345.73,1,0
30.61,10,0,0,0,1373.23,0,0
109.77,10,0,0,0,2781.09,1,0
33.59,17,0,0,0,258.78,0,0
21.72,6,0,0,0,796.83,0,0
94.17,12,0,0,1,2647.99,0,0
37.37,11,0,1,0,2942.97,0,0
15.64,6,0,0,0,2428.98,0,0
105.11,11,0,0,0,3186.01,0,0
40.19,12,0,1,0,3578.36,0,0
33.21,5,1,0,0,799.64,0,1
39.56,12,0,0,0,2985.3,1,0
11.35,19,0,0,0,2553.56,0,0
19.54,20,0,0,0,573.26,0,0
33.23,13,0,0,0,1067.29,0,0
27.26,12,0,0,0,1917.53,0,0
118.21,10,0,0,0,3893.73,0,0
41.16,22,0,1,0,1015.76,0,0
77.86,9,0,0,1,864.01,0,0
33.43,12,0,1,0,3258.24,0,0
95.23,0,1,0,0,4392.28,0,1
49.28,10,0,0,0,2040.61,0,0
33.56,6,0,1,0,1608.11,0,1
32.68,16,0,1,0,1180.04,0,0
12.75,13,0,1,0,271.35,0,0
54.98,13,0,0,0,843.94,2,0
31.81,10,0,1,0,465.7,0,1
20.05,17,0,0,0,2248.75,0,0
100.13,0,1,1,1,4402.98,0,1
9.49,10,0,1,0,3553.94,0,0
21.7,14,0,0,0,2727.52,0,0
92.55,18,0,0,0,2215.54,0,0
45.4,9,0,1,0,2796.46,0,0
31.57,13,0,0,0,1723.32,3,0
42.56,13,0,0,0,843.81,0,0
39.62,18,0,0,0,2674.49,0,0
7.27,5,1,0,0,2400.06,0,0
23.35,11,0,0,0,4253.19,0,0
166.75,8,0,0,0,2941.76,0,0
17.13,2,1,0,0,3491.77,1,0
24.09,7,0,0,0,462.52,0,0
19.27,20,0,0,0,3436.17,0,0
30.36,9,0,0,0,4423.68,0,0
18.48,19,0,1,0,2975.86,0,1
53.88,8,0,0,1,3352.27,0,0
40.34,19,0,1,0,4408.87,1,0
71.78,14,0,1,0,1791.17,0,0
11.58,7,0,0,0,3717.59,0,0
23.56,13,0,0,0,1828.63,0,0
26.42,10,0,1,0,1945.34,0,0
52.23,11,0,0,0,2979.18,0,0
14.98,12,0,0,0,1191.07,0,0
82.74,11,0,0,0,4467.88,0,0
108.46,15,0,0,0,1515.08,0,0
12.32,16,0,0,0,596.68,0,0
20.27,10,0,0,0,1485.37,0,0
19.45,19,0,0,0,3859.05,0,0
460.53,19,0,0,0,1446.98,0,1
21.54,4,1,1,0,2770.53,0,0
177.26,1,1,0,0,4212.17,0,0
9.33,11,0,0,0,1206.85,0,0
12.31,13,0,1,0,634.58,2,0
16.67,9,0,0,0,480.97,0,0
14.22,9,0,0,0,2009.64,1,0
25.33,15,0,1,0,514.08,1,0
16.3,14,0,1,1,2069.45,2,1
14.59,8,0,0,0,3889.09,0,0
105.47,18,0,0,0,3509.8,1,0
112.59,15,0,0,0,2638.57,0,0
85.57,11,0,0,0,3834.38,0,0
55.92,15,0,0,0,496.2,0,0
36.33,7,0,0,0,2761.91,0,0
20.15,12,0,0,0,564.6,0,0
12.77,8,0,0,1,2195.52,0,0
47.61,4,1,0,0,2112.41,0,0
10.24,10,0,1,0,1229.94,0,0
12.26,8,0,1,0,3742.85,0,0
104.89,14,0,1,0,1065.61,0,0
221.55,15,0,0,0,2505.93,0,0
49.07,7,0,0,0,2196.06,0,0
100.13,2,1,1,0,1970.85,0,1
25.9,17,0,0,1,199.26,0,1
8.69,0,1,0,1,3150.47,0,0
61.08,10,0,0,0,106.45,0,0
58.52,12,0,0,0,3701.44,0,0
35.58,17,0,1,0,1235.46,0,0
25.99,17,0,0,0,584.02,0,0
86.68,16,0,0,0,1905.83,0,0
12.36,9,0,0,0,2539.15,0,0
15.28,16,0,0,1,1431.11,0,0
12.08,9,0,0,0,591.94,0,0
36.05,9,0,1,0,131.56,1,0
11.16,13,0,0,0,3181.97,0,0
16.71,15,0,1,0,3994.64,0,0
16.35,5,1,0,0,497.32,0,1
25.52,5,1,0,0,1076.32,0,1
7.48,17,0,1,0,140.02,0,1
36.13,18,0,1,1,3988.54,0,1
115.27,14,0,1,0,2029.09,0,0
37.92,11,0,0,0,4167.12,0,0
154.67,17,0,0,0,2133.04,0,0
125.71,16,0,0,0,3886.71,0,0
72.08,13,0,0,0,4285.32,0,0
35.68,10,0,0,0,1541.42,0,0
33.87,8,0,0,0,2901.16,0,0
71.08,11,0,1,0,3015.57,1,0
22.38,10,0,0,1,145.27,0,1
5.04,10,0,0,0,2000.12,0,0
54.16,12,0,0,0,3856.21,2,0
10.69,8,0,0,0,4260.97,1,0
12.65,17,0,1,0,4051.53,0,0
33.12,7,0,0,0,4379.4,0,0
30.11,12,0,1,0,2956.04,0,0
8.07,16,0,1,1,1085.96,0,0
39.08,12,0,1,0,2610.45,0,0
87.02,11,0,1,0,1924.09,0,0
10.72,12,0,0,0,1201.0,0,0
118.21,17,0,0,0,3488.9,0,0
6.96,22,0,0,0,2849.93,1,0
275.15,14,0,0,0,3565.96,1,0
21.95,17,0,1,0,1249.23,0,0
38.31,1,1,1,0,4072.29,0,1
4.99,18,0,0,1,1112.28,0,0
31.12,19,0,0,0,2728.55,0,0
41.62,13,0,0,0,303.18,0,0
30.38,16,0,0,0,2457.29,2,0
18.86,12,0,0,0,489.32,0,0
12.85,10,0,0,0,1528.36,0,0
102.57,18,0,0,0,3880.07,0,0
34.15,13,0,0,0,4026.2,0,0
154.59,13,0,0,0,3464.48,0,0
19.56,14,0,0,0,1686.28,0,0
21.44,18,0,0,0,2625.32,0,0
74.86,16,0,1,0,1046.71,0,0
6.53,9,0,0,0,3068.65,0,0
9.84,12,0,0,1,1595.94,0,0
99.23,21,0,1,0,1033.44,0,1
10.26,13,0,0,0,2653.12,2,0
5.37,19,0,0,0,547.52,0,0
214.55,17,0,0,0,3105.81,3,1
8.22,15,0,0,0,882.17,0,0
39.81,10,0,0,0,2512.88,0,0
35.48,10,0,0,0,1796.66,0,0
1.99,14,0,0,0,2569.79,1,0
25.35,12,0,0,0,1144.53,0,0
51.85,17,0,0,0,1431.23,0,0
47.2,16,0,0,0,674.43,0,0
81.74,10,0,0,0,3507.5,0,0
22.48,15,0,0,0,362.0,1,0
67.53,12,0,0,1,1725.13,0,1
16.62,10,0,0,1,2048.48,0,1
8.08,11,0,0,0,918.67,2,1
9.05,18,0,0,0,1762.46,0,0
7.67,11,0,0,0,1910.49,0,0
90.88,10,0,0,0,1048.27,2,0
7.28,11,0,1,0,2894.69,0,1
43.56,9,0,0,0,187.3,0,0
25.38,13,0,0,0,929.16,3,0
29.88,7,0,0,0,2827.13,0,0
129.49,17,0,0,0,2842.5,0,0
21.36,9,0,0,0,1230.42,0,0
61.04,13,0,1,0,3089.57,0,1
34.38,7,0,0,0,2140.56,0,0
28.45,20,0,1,0,2396.25,0,0
330.29,12,0,0,0,1530.12,0,1
7.84,17,0,0,0,4430.01,0,0
120.2,16,0,1,0,3331.37,0,0
63.84,15,0,0,0,1155.51,0,0
20.5,17,0,0,0,1102.71,0,0
168.9,7,0,0,0,3495.07,0,0
5.22,15,0,1,0,1776.65,0,0
19.65,9,0,0,0,457.23,1,0
9.89,17,0,0,0,208.42,1,0
50.0,19,0,0,0,1892.1,0,0
10.88,18,0,0,0,1895.45,0,0
51.06,7,0,0,0,3195.51,0,0
27.48,11,0,0,0,2607.73,1,0
20.5,11,0,0,1,3477.03,1,0
48.84,7,0,1,0,1464.0,0,0
25.31,6,0,0,0,2827.92,2,0
11.15,11,0,1,0,3991.38,0,1
545.32,22,0,0,0,358.33,0,0
20.34,13,0,0,1,3202.61,0,0
3.61,14,0,1,0,3235.68,0,0
14.27,12,0,0,0,3583.43,0,0
9.33,15,0,0,0,1247.26,0,0
75.65,19,0,0,0,1903.52,0,0
45.68,13,0,0,0,1116.7,2,1
49.34,5,1,1,0,1423.19,0,0
22.87,12,0,0,0,4359.86,0,0
25.04,22,0,1,0,2033.16,0,0
22.85,11,0,1,0,3826.06,1,0
30.53,13,0,0,1,3587.22,0,0
76.35,7,0,1,0,2028.14,0,0
46.34,7,0,0,0,4465.2,0,0
54.6,18,0,0,1,3791.47,0,0
54.57,10,0,1,0,2197.99,0,0
80.19,10,0,0,0,1428.19,0,0
44.17,11,0,0,0,385.06,0,0
47.41,20,0,0,0,2118.36,0,0
108.72,6,0,0,0,1652.04,0,0
17.03,17,0,0,0,3215.63,0,0
14.07,10,0,0,0,137.57,0,0
10.12,17,0,0,0,3749.94,0,0
39.76,22,0,1,1,1904.0,0,0
5.19,10,0,0,0,2140.31,0,0
52.57,7,0,0,0,863.42,0,0
29.69,7,0,0,0,4221.8,0,0
102.99,16,0,1,0,1822.82,0,0
16.91,7,0,0,0,3800.13,0,0
27.02,9,0,1,0,1106.67,0,0
101.72,8,0,0,1,480.12,0,0
132.04,11,0,0,0,2879.14,0,0
16.77,6,0,0,0,4430.65,0,0
39.72,18,0,0,0,2928.89,0,0
44.45,18,0,0,0,2758.77,1,0
48.12,11,0,0,0,2017.93,0,0
25.47,14,0,0,0,1312.92,0,0
119.27,14,0,1,1,1967.21,0,1
5.0,16,0,1,0,712.86,1,1
21.73,13,0,0,0,1215.49,0,0
51.83,12,0,1,0,2218.87,0,0
52.31,14,0,0,0,694.34,0,0
128.09,15,0,0,0,3572.32,0,0
109.75,10,0,0,1,101.45,0,0
24.89,10,0,0,0,1481.09,2,0
121.49,9,0,1,0,2349.1,0,1
16.22,13,0,0,1,4183.82,0,1
84.01,11,0,0,0,2601.86,0,0
202.46,13,0,0,0,1362.32,0,0
111.6,11,0,0,0,1617.25,0,0
36.81,17,0,0,0,1559.26,0,0
23.77,6,0,0,0,852.64,0,0
7.18,13,0,0,1,694.58,0,1
45.17,13,0,1,0,2188.83,0,0
10.86,11,0,0,0,1252.66,0,0
14.98,11,0,0,0,458.7,0,0
10.07,17,0,0,0,1013.33,1,0
20.9,10,0,0,0,2367.23,0,0
32.2,18,0,0,0,1193.17,0,0
43.54,18,0,1,0,1107.95,0,0
18.16,14,0,1,0,2811.92,0,0
96.47,16,0,1,0,3117.9,0,1
26.89,14,0,0,0,1123.54,1,0
15.06,13,0,0,0,2151.03,1,0
41.52,20,0,1,0,3452.32,1,0
235.93,10,0,1,0,3120.07,0,1
46.3,8,0,0,0,358.34,0,0
23.04,10,0,1,0,1652.32,1,0
7.19,14,0,1,0,3268.58,0,0
26.59,8,0,0,0,848.5,0,0
41.89,18,0,0,0,921.88,0,0
22.48,11,0,0,0,2854.26,0,0
6.26,17,0,1,0,1312.69,0,0
14.15,9,0,0,0,1490.69,0,0
141.82,10,0,0,0,2376.53,0,0
138.93,5,1,0,0,3390.08,0,1
13.64,9,0,0,0,2267.39,0,0
64.89,12,0,0,0,4025.75,0,0
10.19,19,0,0,0,524.55,1,0
134.87,11,0,1,0,3405.96,0,0
42.32,14,0,1,0,2469.19,0,0
85.6,11,0,1,0,3684.25,0,0
5.96,4,1,0,0,1457.99,2,1
65.21,12,0,0,0,2195.35,0,0
32.86,5,1,1,0,3715.01,0,0
77.63,18,0,0,0,3751.43,0,0
82.67,16,0,0,0,1723.16,0,0
35.37,11,0,0,0,3708.77,0,0
18.16,14,0,0,0,3086.67,0,0
72.22,7,0,0,0,1871.96,0,0
31.18,15,0,0,0,4365.19,0,0
13.84,17,0,1,1,187.48,0,1
13.2,17,0,0,0,1752.85,0,0
7.56,10,0,1,0,1415.94,0,0
19.88,9,0,0,0,4214.13,0,0
99.75,13,0,0,0,492.57,1,0
39.56,20,0,0,1,2844.71,0,1
19.5,19,0,1,0,3238.99,0,0
74.06,11,0,1,0,869.58,0,0
14.4,16,0,0,0,717.27,0,0
36.43,19,0,0,0,262.85,0,0
27.67,9,0,0,0,756.99,0,0
72.18,17,0,1,0,3646.56,0,0
6.84,9,0,0,0,4250.6,0,0
14.15,10,0,1,1,4061.33,0,0
6.44,8,0,0,0,1675.61,0,0
25.54,12,0,0,0,3280.15,0,0
111.21,17,0,0,0,3730.34,1,0
19.98,13,0,1,1,3665.56,0,1
19.87,7,0,0,0,328.95,0,0
79.18,9,0,0,0,1006.0,0,0
96.4,13,0,1,0,4228.3,1,0
30.31,13,0,0,0,3342.58,0,0
65.67,13,0,0,0,3762.87,2,1
11.28,6,0,0,0,2337.85,1,0
131.36,16,0,0,0,1799.1,1,0
283.92,18,0,0,0,2947.95,3,1
55.77,12,0,1,0,2154.21,0,0
4.12,15,0,0,0,1713.24,0,0
18.95,18,0,0,0,1598.05,0,0
61.12,14,0,1,0,752.69,0,0
21.73,15,0,1,0,2405.89,0,0
118.18,16,0,1,0,2363.32,0,0
59.63,9,0,1,0,2678.92,0,0
16.34,13,0,1,0,567.2,0,0
34.2,17,0,1,0,4121.41,0,0
13.55,10,0,1,0,3352.15,0,0
27.59,18,0,1,0,632.79,0,0
19.02,14,0,0,0,403.08,0,0
107.21,11,0,0,1,2911.0,0,0
274.79,14,0,1,0,1569.69,1,0
7.92,11,0,0,0,1469.77,0,0
4.84,17,0,1,1,3787.96,0,1
25.92,12,0,0,0,1585.89,0,0
7.25,18,0,1,0,2863.21,0,1
34.68,12,0,0,0,2439.98,0,0
70.03,15,0,0,0,1220.2,0,0
147.55,22,0,1,0,1525.8,1,0
40.5,7,0,0,0,4247.21,0,0
27.3,16,0,0,0,1524.61,0,0
4.58,7,0,0,0,3538.82,0,0
33.99,17,0,0,0,3882.68,0,0
35.56,13,0,0,0,366.12,1,0
62.74,19,0,0,0,3000.82,0,0
16.31,18,0,1,0,3384.21,0,0
21.43,6,0,0,0,1981.4,0,0
7.55,7,0,0,0,2583.5,0,0
3.35,14,0,1,0,770.04,0,0
10.93,12,0,0,0,1467.31,0,0
6.89,8,0,0,0,3199.12,0,0
46.37,7,0,0,0,2731.44,0,0
19.72,13,0,0,0,656.92,0,0
19.33,4,1,0,0,4446.82,0,0
12.37,18,0,1,0,4223.16,1,0
1.31,17,0,0,0,1047.32,0,0
149.65,17,0,0,0,3944.29,0,0
12.18,1,1,0,0,1238.9,3,1
21.92,4,1,0,0,2558.64,3,1
7.73,13,0,0,0,3530.13,0,0
87.53,22,0,0,0,1581.16,0,0
38.22,10,0,0,1,2520.41,0,0
14.49,10,0,0,0,2054.07,0,0
22.37,7,0,1,0,3432.88,0,0
177.36,15,0,0,0,2180.11,0,0
30.79,14,0,1,0,2572.75,0,0
27.61,7,0,0,0,3812.73,1,0
12.92,12,0,0,0,3158.97,2,1
4.98,15,0,0,0,2397.39,0,0
28.22,12,0,1,0,2102.75,0,0
45.86,15,0,0,0,614.11,0,0
99.44,17,0,0,0,300.83,1,0
3.5,15,0,1,0,4289.85,0,0
10.75,14,0,1,0,880.04,1,0
18.53,18,0,0,0,1282.08,0,0
33.0,18,0,0,0,2768.72,0,0
28.64,11,0,0,0,3734.27,0,0
29.32,8,0,0,0,3757.48,1,0
49.8,17,0,0,0,3741.93,0,0
13.42,9,0,1,0,4402.49,0,0
84.28,19,0,0,0,297.88,0,0
51.08,2,1,0,0,1829.32,1,0
24.05,19,0,0,0,4115.47,0,0
164.17,13,0,0,0,2129.65,0,0
157.03,16,0,0,0,3927.27,1,0
84.17,11,0,0,0,128.57,1,0
1.62,22,0,0,0,2294.44,1,0
160.6,9,0,1,0,4154.91,1,0
73.31,9,0,0,0,1212.71,0,0
246.27,5,1,0,0,4186.98,0,1
114.14,19,0,0,0,87.72,1,0
160.51,12,0,1,0,401.23,0,0
79.73,15,0,1,0,2171.87,0,0
127.57,15,0,0,0,523.39,0,0
243.26,18,0,0,1,1053.91,0,0
41.12,15,0,0,0,1373.99,0,0
6.87,13,0,0,0,2192.66,0,0
24.35,15,0,1,0,1787.79,0,0
48.91,16,0,0,0,4153.56,1,0
35.69,8,0,0,0,3992.77,0,0
9.52,7,0,0,0,3378.92,0,0
6.48,6,0,0,0,2983.92,0,0
15.78,11,0,1,0,959.32,0,0
74.27,12,0,0,0,2728.13,0,0
160.83,14,0,0,0,704.43,0,0
82.81,19,0,0,0,2064.6,0,0
95.34,10,0,0,1,2103.78,1,1
30.54,16,0,0,0,3119.21,0,0
5.8,13,0,0,0,3766.31,0,0
21.01,9,0,0,0,1476.24,0,0
25.57,14,0,1,1,233.26,1,0
20.14,20,0,0,0,259.02,1,0
34.98,7,0,0,0,3942.97,0,0
51.49,12,0,1,0,2214.15,0,0
77.71,5,1,1,0,1153.66,0,0
25.08,10,0,1,0,193.68,0,0
4.93,14,0,0,0,2403.0,0,0
20.43,17,0,0,0,660.07,0,0
34.6,16,0,0,0,1905.77,0,0
112.48,12,0,0,0,2346.55,0,0
18.77,18,0,1,0,1069.94,1,0
55.29,10,0,0,0,934.82,0,0
44.26,16,0,1,0,138.15,0,1
34.6,12,0,0,0,2655.57,0,0
83.98,18,0,0,0,941.96,0,0
17.1,17,0,0,0,3958.12,2,1
18.63,18,0,0,0,2736.81,0,0
32.72,9,0,1,0,2526.04,0,0
17.46,15,0,0,0,2295.85,0,0
55.04,16,0,0,0,1008.13,0,0
16.23,16,0,1,0,4363.88,0,0
41.53,12,0,1,0,4353.35,0,0
29.96,1,1,1,0,1479.66,0,1
41.06,9,0,0,0,3504.16,0,0
20.91,10,0,1,0,580.64,0,1
23.59,18,0,1,0,3523.35,0,1
36.45,17,0,0,0,1324.18,0,0
40.53,7,0,0,0,1336.65,0,0
32.98,19,0,1,0,2307.19,0,0
182.25,8,0,1,0,1795.86,0,1
12.3,11,0,1,0,574.35,1,0
31.06,9,0,0,0,2689.19,0,0
6.86,18,0,0,0,1001.6,1,0
48.04,16,0,0,0,2027.94,1,0
10.86,11,0,0,0,1078.0,0,0
25.07,15,0,0,0,3866.25,0,0
22.83,8,0,0,0,1554.2,0,0
43.86,11,0,0,0,3999.33,0,0
19.05,11,0,0,0,1501.13,0,0
18.26,9,0,0,0,848.76,0,0
139.19,18,0,0,0,2616.02,0,0
44.02,15,0,0,0,2520.36,0,0
18.9,9,0,0,0,2804.17,0,0
25.77,9,0,1,0,1394.52,0,1
171.63,1,1,0,0,1473.86,0,0
26.18,10,0,1,0,1106.56,0,1
16.62,13,0,1,0,4181.38,0,0
16.69,9,0,0,0,3089.15,1,0
19.12,15,0,1,0,3415.34,0,0
18.27,11,0,0,0,914.03,0,0
9.21,10,0,0,0,2994.02,0,0
10.76,19,0,0,0,3443.86,0,0
14.45,9,0,0,0,1573.93,0,0
59.83,11,0,0,0,751.73,0,0
22.62,11,0,0,0,3151.67,0,0
26.92,9,0,0,0,2769.59,0,0
117.93,9,0,0,0,2611.5,1,0
120.91,10,0,0,0,862.42,0,0
24.97,18,0,0,0,1218.09,0,0
17.62,16,0,1,0,2830.74,2,0
13.95,15,0,0,0,2780.46,0,0
66.21,12,0,0,0,2518.52,0,0
26.99,12,0,0,1,3468.22,0,0
22.5,9,0,0,0,3675.22,0,0
14.68,6,0,0,0,1280.49,2,0
15.34,10,0,1,0,751.35,0,0
45.61,12,0,0,0,945.2,0,0
8.89,5,1,1,0,1301.82,1,0
89.56,6,0,1,0,4267.48,0,1
19.42,9,0,0,0,660.37,0,0
28.51,11,0,1,0,3960.49,0,0
8.7,11,0,0,0,955.03,0,0
32.71,7,0,1,0,1600.58,0,1
23.85,9,0,0,0,610.13,0,0
31.5,9,0,0,1,509.95,0,0
144.27,5,1,1,0,473.39,2,1
39.56,10,0,0,0,1575.28,0,0
14.96,6,0,1,0,2380.43,0,1
16.26,15,0,0,0,943.59,0,0
60.05,11,0,0,0,4200.4,1,0
121.35,10,0,0,1,2659.56,0,0
43.9,7,0,1,0,3988.54,0,1
65.94,9,0,0,0,712.24,0,0
60.93,9,0,0,0,688.55,0,0
136.87,21,0,0,0,3818.05,0,0
4.71,17,0,1,1,2577.52,2,0
64.54,1,1,0,0,4226.71,0,0
88.56,14,0,0,0,703.69,0,0
8.68,9,0,0,0,165.78,0,0
13.66,7,0,0,0,4128.69,0,0
14.14,15,0,1,0,3159.83,2,0
15.98,7,0,0,0,3641.9,0,0
20.46,12,0,1,0,1367.26,0,0
42.21,14,0,0,0,63.65,0,0
78.7,13,0,0,0,2198.82,0,0
97.64,20,0,0,0,4455.54,0,0
14.33,17,0,1,0,4088.54,0,1
14.23,16,0,0,0,370.5,0,0
123.45,11,0,0,0,885.64,2,1
63.23,0,1,0,0,1434.96,0,1
35.98,16,0,1,0,3745.28,0,1
53.16,22,0,0,0,3719.98,2,0
32.14,11,0,1,0,873.27,0,0
55.96,21,0,0,0,2422.21,0,1
23.66,7,0,0,0,2282.99,0,0
43.33,10,0,0,0,1893.55,1,0
7.31,8,0,0,0,2434.85,0,0
16.65,12,0,1,1,1352.91,0,0
16.83,17,0,0,0,2415.39,1,0
22.77,10,0,0,0,3100.96,0,0
13.11,18,0,0,0,328.14,0,0
19.42,13,0,0,0,4354.51,2,0
7.28,12,0,1,0,785.6,0,0
57.32,17,0,1,0,1653.33,0,1
30.49,7,0,0,0,2144.29,0,0
6.02,16,0,0,0,232.38,0,0
14.37,9,0,0,0,2490.21,0,0
46.37,10,0,1,0,3921.38,0,0
19.24,13,0,1,1,4059.53,2,1
16.5,18,0,1,0,1501.55,0,0
30.74,13,0,0,0,2536.64,0,0
46.69,14,0,0,0,3506.75,0,0
7.87,16,0,0,0,1175.16,0,0
57.4,9,0,0,0,2401.7,0,0
14.88,17,0,0,0,1681.91,0,0
32.53,11,0,0,1,1732.88,0,1
31.96,8,0,0,0,468.91,0,0
19.55,11,0,0,0,1860.66,0,0
11.9,9,0,0,0,765.91,1,0
24.89,9,0,0,0,1390.65,0,0
168.23,10,0,1,0,1519.75,0,0
8.49,8,0,0,0,1966.17,2,0
179.88,15,0,1,0,4130.27,0,0
25.54,13,0,0,0,2857.94,0,0
34.31,14,0,1,0,4386.36,1,0
11.17,10,0,0,0,2678.4,0,0
15.31,16,0,0,0,3634.43,0,0
20.03,7,0,0,0,3761.97,0,0
11.64,13,0,1,0,3338.57,0,1
26.87,9,0,0,0,3031.12,0,0
22.04,13,0,0,0,1909.72,0,0
210.77,10,0,1,0,2574.38,0,0
10.32,17,0,0,0,912.04,0,0
36.7,18,0,0,0,2801.2,0,0
42.43,16,0,1,0,2338.62,1,0
11.36,8,0,1,0,3629.25,0,1
65.81,9,0,0,0,4066.32,0,0
22.24,18,0,1,0,640.94,0,0
2.74,12,0,0,0,3124.54,0,0
64.06,19,0,0,0,4277.71,0,0
10.84,11,0,1,0,4134.57,0,0
11.61,19,0,0,0,3763.2,1,0
65.88,19,0,0,0,265.12,0,0
23.4,15,0,1,0,1173.55,2,1
82.91,0,1,0,0,709.88,0,0
111.07,11,0,0,0,4174.86,1,0
17.38,18,0,0,0,3382.56,0,0
73.2,18,0,0,0,2416.44,0,0
15.56,8,0,0,0,4408.33,1,0
308.93,11,0,0,0,916.5,2,1
16.56,17,0,1,0,2905.0,0,1
92.4,13,0,1,0,2761.75,0,0
77.0,17,0,0,0,1565.02,0,0
45.43,17,0,0,0,2209.94,0,0
16.94,18,0,0,0,1097.47,0,0
28.46,7,0,0,0,3063.16,0,0
3.84,7,0,0,0,1911.17,0,0
41.45,6,0,0,1,154.8,0,1
46.97,19,0,0,0,4280.99,0,0
37.85,12,0,0,0,2281.32,0,0
1.69,5,1,1,0,3190.07,0,1
9.34,10,0,0,0,926.34,0,0
15.67,11,0,0,0,616.17,0,0
44.33,17,0,0,0,4065.78,0,0
44.23,16,0,0,0,2679.65,0,0
27.93,15,0,0,0,2245.41,0,0
62.5,2,1,0,0,2369.12,0,0
11.87,18,0,0,0,1101.1,0,0
60.96,9,0,1,0,4111.45,0,0
53.24,14,0,1,0,1003.37,0,0
48.31,5,1,0,0,753.13,0,0
27.6,6,0,0,0,4188.7,0,0
206.59,0,1,0,0,1196.2,2,1
54.23,13,0,0,0,3888.06,0,0
12.57,14,0,0,0,3487.68,0,0
42.45,5,1,0,0,1749.65,0,0
70.28,10,0,0,0,1180.31,0,0
18.39,18,0,0,0,3427.5,0,0
98.42,7,0,0,0,2709.31,2,0
48.52,9,0,0,0,1180.48,0,0
3.18,11,0,1,0,4014.41,0,1
44.69,17,0,1,0,3258.37,0,0
22.06,9,0,0,0,4096.29,0,0
56.67,22,0,0,0,1996.74,1,0
85.13,11,0,0,0,620.49,0,0
40.25,11,0,0,0,4162.14,1,0
175.08,7,0,0,0,2726.35,0,0
27.7,15,0,0,0,2746.96,0,0
61.86,9,0,0,1,2649.98,0,1
74.06,14,0,0,0,2152.15,2,1
30.04,9,0,1,0,1184.94,0,0
72.15,11,0,0,0,2777.95,0,0
18.27,18,0,0,0,3247.78,0,0
21.7,16,0,0,0,4128.62,0,0
8.91,8,0,0,0,371.06,0,0
42.16,14,0,0,0,1183.46,0,0
45.84,14,0,1,0,3506.25,0,0
107.69,6,0,1,1,3499.42,0,0
73.05,12,0,0,0,993.55,0,0
24.91,9,0,0,0,871.99,0,0
10.19,12,0,0,0,1683.77,0,0
51.05,16,0,1,0,329.97,0,0
100.56,8,0,1,0,3300.11,0,0
70.47,7,0,0,1,3030.65,0,0
97.95,9,0,1,0,3871.33,0,1
26.79,19,0,0,1,1963.72,1,0
20.77,16,0,0,0,2883.48,0,0
15.85,1,1,0,0,4295.08,0,0
31.32,11,0,0,0,4316.67,0,0
30.61,9,0,1,0,366.3,1,0
40.72,14,0,0,0,58.39,1,0
29.1,12,0,1,0,4321.93,1,0
28.97,20,0,1,0,2432.16,0,0
15.23,9,0,1,0,3166.78,0,0
84.91,13,0,0,0,4111.06,0,0
35.75,15,0,1,0,1977.54,1,0
27.81,17,0,0,0,2010.91,0,0
15.68,11,0,1,0,793.07,0,0
8.74,15,0,0,0,4080.94,0,0
122.48,10,0,0,0,2932.15,0,0
57.66,12,0,1,0,852.2,0,1
6.53,18,0,1,0,2541.07,0,0
71.03,19,0,1,0,1510.33,0,0
83.3,15,0,0,0,704.96,0,0
37.5,11,0,0,0,859.32,0,0
163.71,17,0,0,0,2538.69,0,0
41.13,2,1,0,0,2561.51,0,1
8.03,7,0,0,0,3565.24,0,0
47.71,15,0,0,0,1153.53,0,0
42.3,10,0,1,0,4125.46,0,0
18.11,19,0,1,0,2357.83,0,0
58.77,12,0,0,0,958.57,0,0
6.25,11,0,0,0,1889.1,0,0
89.17,15,0,0,0,4158.95,0,0
13.76,16,0,0,0,2177.8,0,0
12.37,12,0,1,1,3942.48,0,1
29.55,9,0,0,0,761.26,0,0
51.06,16,0,0,0,4117.11,1,0
39.01,10,0,0,0,1966.25,0,0
15.76,8,0,1,0,4215.76,0,1
19.96,14,0,1,0,3904.05,0,0
10.66,6,0,1,0,2986.85,0,0
26.45,20,0,0,0,3044.17,0,0
97.03,14,0,0,0,991.21,0,0
32.97,21,0,0,0,2732.59,0,0
78.21,10,0,0,0,2495.26,0,0
141.94,20,0,0,1,1536.95,0,0
18.39,7,0,1,0,2300.02,0,1
27.48,4,1,0,1,4184.69,0,1
290.38,3,1,0,0,73.61,0,0
140.38,12,0,1,0,1906.2,0,0
6.22,6,0,0,1,1534.69,0,0
48.77,12,0,0,0,4327.48,0,0
33.13,10,0,0,0,4383.83,0,0
75.68,10,0,1,0,2656.19,0,0
15.72,14,0,0,0,2497.53,0,0
14.3,8,0,0,1,4069.3,0,0
16.84,16,0,1,0,79.11,0,0
18.69,13,0,0,1,2552.15,0,0
74.84,18,0,1,0,159.61,0,0
10.16,11,0,0,0,4358.32,0,0
17.77,21,0,0,0,1474.71,0,0
5.53,13,0,0,0,2367.57,0,0
90.66,20,0,0,0,1908.18,1,0
118.04,2,1,0,0,4026.63,1,0
23.88,16,0,0,0,4499.19,0,0
24.58,17,0,0,0,354.33,0,0
52.1,5,1,0,0,3307.54,0,0
144.67,13,0,0,0,1687.59,0,0
49.83,17,0,1,0,668.87,0,0
16.49,13,0,0,0,1854.2,2,0
6.56,5,1,0,0,4491.75,2,1
10.86,15,0,0,0,1641.17,0,0
35.63,5,1,0,0,1284.43,0,0
17.2,17,0,1,0,3815.46,0,1
40.24,4,1,1,0,3912.32,0,0
19.05,7,0,1,0,1557.97,0,0
11.49,9,0,0,0,1379.1,0,0
10.21,14,0,0,0,2930.4,0,0
157.96,20,0,0,0,963.04,0,0
80.56,7,0,0,0,2202.4,0,0
186.89,7,0,1,0,678.98,0,0
56.82,11,0,1,0,1406.16,0,0
21.54,17,0,0,0,1373.79,0,0
124.38,12,0,0,0,3142.3,0,0
32.04,10,0,0,0,1306.12,0,0
41.3,13,0,1,0,4048.31,0,0
31.73,9,0,0,0,4424.56,0,0
1.74,11,0,0,0,410.72,1,0
164.8,10,0,1,0,1819.53,1,1
54.11,17,0,1,0,1393.19,0,0
46.05,19,0,0,0,1616.36,0,0
31.13,16,0,0,0,1230.83,0,0
38.99,12,0,1,0,1752.86,0,0
18.22,12,0,0,0,679.29,0,0
61.35,7,0,1,0,1295.19,0,0
8.96,16,0,0,0,3377.79,2,0
39.89,13,0,1,0,1581.01,0,0
58.07,18,0,1,0,974.87,3,1
27.15,8,0,1,0,532.58,0,0
47.98,16,0,0,0,1598.62,0,0
12.29,15,0,0,0,2913.17,0,0
12.61,9,0,0,0,1177.21,0,0
41.96,15,0,1,0,1929.88,1,0
65.27,19,0,0,0,4288.17,0,0
5.08,18,0,0,0,2508.01,0,0
55.81,15,0,0,1,2417.13,0,0
19.24,4,1,1,0,1874.25,0,1
27.31,18,0,1,0,2527.94,0,0
8.68,14,0,1,0,4431.32,0,0
14.13,10,0,0,0,1179.44,0,0
87.02,8,0,1,1,4241.58,0,1
34.22,7,0,0,0,713.37,0,0
22.58,5,1,1,0,544.42,0,0
29.47,16,0,0,0,2963.28,0,0
54.01,9,0,0,0,1167.75,0,0
51.44,2,1,0,0,2027.55,2,1
30.72,11,0,0,0,3296.96,0,0
98.79,12,0,0,0,2430.04,0,0
87.4,8,0,0,0,111.18,0,0
50.07,4,1,0,0,1411.0,0,1
34.97,8,0,0,0,337.86,2,0
63.9,15,0,0,0,4171.21,0,0
45.34,6,0,1,0,3586.19,0,0
95.66,13,0,1,0,4428.1,0,1
81.42,7,0,1,0,3988.74,0,1
11.96,8,0,0,0,2165.23,0,0
11.18,11,0,1,0,3977.56,0,0
16.42,7,0,1,1,3042.35,0,0
87.89,8,0,0,0,2384.47,0,0
6.85,10,0,0,0,1699.37,0,0
49.14,10,0,0,0,3080.3,0,0
47.59,16,0,0,0,2676.09,0,0
105.92,6,0,1,0,2783.12,0,0
39.66,18,0,0,0,1829.25,1,0
8.64,17,0,0,0,3339.95,0,0
12.69,16,0,0,0,411.98,0,0
10.16,10,0,0,0,3281.41,0,0
19.34,17,0,1,0,3301.89,0,1
27.58,8,0,0,0,2345.95,0,0
10.32,7,0,0,0,1221.61,0,0
144.12,4,1,0,0,2360.78,0,1
8.8,19,0,0,0,597.73,0,0
127.24,10,0,1,0,1318.89,0,0
108.33,18,0,1,0,1924.78,0,0
81.31,9,0,0,1,3045.89,0,0
16.55,18,0,0,0,883.11,0,0
46.64,18,0,0,0,753.86,0,0
9.23,19,0,0,0,2754.69,0,0
82.34,12,0,0,0,3073.98,0,0
30.75,18,0,0,0,422.27,0,0
21.99,19,0,1,0,197.58,0,0
9.74,10,0,0,0,704.82,2,0
2.78,11,0,1,0,4059.57,0,0
11.72,15,0,0,0,3043.24,0,0
100.77,10,0,0,0,4148.57,0,0
22.14,16,0,0,0,3007.98,0,0
27.96,6,0,0,1,4345.31,0,0
63.79,13,0,0,0,2003.13,0,0
201.48,7,0,1,0,2715.99,0,1
124.59,10,0,0,0,2725.28,0,0
12.52,9,0,0,0,63.97,1,0
4.75,17,0,1,0,172.17,3,1
350.59,8,0,0,0,696.43,0,0
320.21,17,0,0,0,2324.53,0,0
39.98,17,0,1,0,1965.84,0,0
9.3,12,0,0,1,2451.88,0,0
86.77,9,0,0,0,3612.18,0,0
29.73,9,0,0,0,3708.97,0,0
29.58,12,0,0,0,4397.72,0,0
81.0,0,1,0,0,2531.09,0,0
46.26,13,0,1,0,1595.11,0,0
10.12,19,0,0,0,1420.72,0,0
23.93,8,0,0,0,1566.3,0,0
64.15,13,0,0,0,1491.04,0,0
55.16,20,0,1,0,1798.49,0,0
43.04,18,0,1,0,383.22,0,0
84.22,18,0,0,0,2868.77,0,0
23.06,17,0,1,0,2577.78,0,0
39.59,10,0,0,1,2105.73,0,0
1.13,18,0,0,0,410.92,0,0
21.12,19,0,1,0,464.78,1,0
71.09,12,0,0,0,2475.72,0,0
22.41,11,0,1,0,212.78,0,0
20.78,11,0,0,0,3275.31,0,0
11.69,10,0,1,0,4472.31,0,0
90.32,9,0,0,0,2708.46,0,0
57.31,14,0,1,0,3269.27,0,0
75.6,13,0,0,0,2003.27,0,0
5.89,12,0,0,0,3019.98,0,0
28.21,6,0,0,0,2950.42,1,0
25.03,17,0,1,0,3717.2,0,0
25.01,8,0,0,0,3215.46,0,0
17.89,7,0,0,0,3383.27,0,0
23.43,14,0,1,0,2527.03,0,1
77.45,11,0,0,0,2206.09,0,0
4.89,5,1,0,0,2091.29,0,0
195.84,11,0,1,0,1794.45,0,0
53.72,16,0,0,0,1233.82,0,0
31.74,14,0,1,0,198.23,0,0
82.01,11,0,0,0,3036.38,0,0
7.75,8,0,0,1,4059.28,0,1
17.04,14,0,0,0,4190.65,0,0
29.34,18,0,1,1,2633.5,0,1
129.74,14,0,1,0,468.91,1,0
31.61,17,0,0,0,3960.06,0,0
51.94,13,0,0,0,3377.46,0,0
18.36,15,0,0,0,1168.78,1,0
53.88,18,0,1,0,3625.77,0,0
177.19,16,0,0,0,2150.44,0,0
89.62,18,0,0,0,3999.79,0,0
30.52,12,0,1,1,1151.87,0,1
65.07,18,0,1,0,3614.03,0,0
59.0,14,0,0,0,3218.0,0,0
54.96,18,0,1,0,114.26,0,0
100.68,3,1,1,0,2556.84,0,0
99.93,14,0,1,0,3234.13,0,0
29.16,17,0,0,0,746.03,0,0
62.92,8,0,0,0,2416.95,0,0
22.58,15,0,1,0,1403.15,0,0
13.16,17,0,0,0,3148.33,0,0
25.29,10,0,0,0,2453.62,0,0
30.68,11,0,0,0,2815.49,0,0
6.29,13,0,0,0,372.8,0,0
78.28,12,0,0,0,663.19,1,0
2.08,3,1,1,0,2506.8,0,1
500.1,6,0,0,0,856.22,0,0
148.69,7,0,0,0,2269.18,0,0
25.51,9,0,0,0,3120.63,0,0
33.43,9,0,0,0,3653.48,0,0
44.83,16,0,0,0,686.38,0,0
18.37,13,0,1,0,3351.36,0,0
40.15,16,0,0,0,1666.18,0,0
28.67,5,1,0,0,3071.25,0,0
30.14,12,0,1,0,696.52,0,0
39.7,10,0,0,1,2342.53,0,0
8.9,17,0,1,0,3777.15,1,0
34.45,15,0,0,0,523.62,1,0
39.0,18,0,1,0,3733.18,0,0
37.67,4,1,0,0,2064.82,0,0
26.69,16,0,1,0,3713.56,0,0
103.32,13,0,0,0,4314.83,0,0
23.25,17,0,0,0,760.45,0,0
41.57,12,0,0,0,3051.83,0,0
121.18,13,0,0,0,1096.18,0,0
30.59,5,1,1,0,653.22,0,1
41.04,15,0,0,0,2844.97,0,0
30.07,9,0,0,0,530.53,0,0
114.13,1,1,0,0,2120.02,0,1
25.59,5,1,1,0,2880.0,0,1
119.5,19,0,0,0,2273.36,0,0
29.86,10,0,0,0,3151.96,0,0
14.02,18,0,0,0,3616.28,0,0
65.32,19,0,1,0,3931.5,0,1
24.42,19,0,0,0,2541.43,0,0
61.59,18,0,0,0,1281.01,0,0
2.16,18,0,0,0,2318.0,0,0
33.29,10,0,0,0,1775.21,0,0
20.91,8,0,0,0,1055.37,1,0
11.44,14,0,0,0,2404.35,0,0
19.04,12,0,1,0,150.81,0,0
18.66,6,0,1,1,2744.76,0,1
31.56,15,0,1,0,3706.14,2,1
8.44,13,0,0,0,4497.49,0,0
45.43,18,0,1,0,4151.47,1,0
129.83,14,0,0,0,449.68,2,0
43.86,13,0,0,0,772.81,0,0
74.37,12,0,0,0,666.97,0,0
98.94,12,0,0,0,2534.66,0,0
114.03,19,0,0,0,254.42,0,0
214.89,7,0,0,0,4219.62,0,0
20.1,12,0,0,0,325.17,0,0
16.14,14,0,0,0,1791.06,0,0
72.49,12,0,0,0,4028.17,0,0
67.24,10,0,1,0,4270.28,0,0
71.93,10,0,1,0,2120.54,0,1
219.05,9,0,1,0,2223.52,0,0
33.49,10,0,1,0,2880.99,1,0
50.71,18,0,1,0,1863.99,0,0
12.42,12,0,1,0,1494.74,1,0
280.15,9,0,1,0,3340.45,0,1
23.65,11,0,0,0,2699.34,0,0
24.33,7,0,1,0,2193.44,0,0
23.41,18,0,0,0,498.5,0,0
17.38,11,0,0,0,356.43,0,0
15.97,21,0,1,0,2323.13,1,1
19.62,10,0,0,0,2806.47,0,0
8.45,17,0,0,0,2975.93,0,0
15.1,9,0,0,0,4032.26,0,0
232.52,6,0,1,0,3682.2,0,0
69.11,3,1,1,0,676.39,0,0
83.59,14,0,0,0,3585.22,0,0
107.47,10,0,0,0,3059.55,0,0
207.29,12,0,1,0,3734.73,0,0
5.63,17,0,1,0,3802.93,0,1
9.68,9,0,0,0,1587.62,0,0
14.82,10,0,1,0,1221.55,0,0
20.7,17,0,0,0,2509.22,0,0
24.52,12,0,0,0,1378.8,0,0
21.18,17,0,1,0,1606.1,0,0
41.24,11,0,1,0,357.76,0,0
34.31,11,0,0,0,4461.57,0,0
16.07,8,0,0,0,1426.37,0,0
3.76,18,0,0,0,3521.33,0,0
12.27,18,0,1,0,4469.55,2,0
19.12,21,0,1,0,4362.61,0,1
25.87,11,0,0,0,2870.78,0,0
10.7,17,0,0,0,2447.04,0,0
20.27,11,0,0,1,1426.28,0,0
10.69,12,0,1,0,3883.7,0,0
29.2,17,0,0,0,1554.08,0,0
11.32,8,0,0,0,524.92,0,0
14.17,9,0,1,0,1358.74,0,1
8.95,10,0,0,1,1452.18,0,1
28.4,17,0,0,0,3247.26,0,0
13.92,11,0,0,0,804.46,1,1
82.01,11,0,0,0,1460.04,0,0
49.69,22,0,1,0,390.81,0,0
30.88,11,0,0,0,3825.39,0,0
14.92,9,0,0,0,3275.25,0,0
48.45,14,0,0,0,1996.82,0,0
66.07,17,0,0,0,1963.57,0,0
38.19,5,1,0,0,790.35,0,0
164.63,14,0,0,0,1760.91,1,0
52.44,3,1,1,0,4085.37,0,0
82.57,13,0,1,0,667.03,1,0
37.85,9,0,1,0,3454.38,0,1
65.08,10,0,1,0,259.93,0,0
14.93,12,0,1,0,1436.97,2,0
20.94,19,0,1,0,3818.87,0,1
46.96,15,0,0,0,2030.18,0,0
46.62,19,0,0,0,3176.99,0,0
55.02,14,0,0,0,510.76,1,0
99.52,0,1,0,0,3091.24,0,1
7.96,9,0,1,0,3694.64,0,0
12.5,18,0,0,0,3633.34,0,0
41.66,14,0,0,0,2002.97,1,0
16.05,21,0,0,0,4073.43,0,0
970.46,8,0,0,0,2608.64,0,1
55.46,10,0,1,0,3689.53,0,1
30.62,11,0,0,0,999.89,0,0
19.78,10,0,1,0,985.57,0,0
20.49,9,0,0,0,3406.91,0,0
34.13,12,0,1,0,2927.53,0,0
37.04,14,0,0,0,3059.58,0,0
20.97,10,0,1,0,1102.74,0,0
25.2,6,0,0,0,1828.32,0,0
127.01,15,0,0,0,1199.79,0,0
132.22,12,0,0,0,353.16,1,0
42.61,13,0,0,0,957.54,2,1
8.66,12,0,0,0,4478.48,1,0
56.74,18,0,0,1,1091.49,1,0
156.69,13,0,0,0,758.85,0,0
130.29,19,0,0,0,3151.1,0,0
69.02,12,0,0,0,2729.54,0,0
137.33,10,0,0,0,3369.76,0,0
34.93,11,0,1,0,2958.85,0,0
62.06,13,0,0,0,1042.32,0,0
16.76,13,0,0,0,2279.03,0,0
44.36,15,0,0,0,836.06,0,0
125.15,9,0,0,0,1178.24,0,0
18.37,14,0,0,0,4441.78,0,0
13.99,16,0,0,0,3292.63,0,0
36.51,15,0,1,0,3533.68,0,0
26.4,12,0,1,0,183.76,1,0
63.38,22,0,0,0,1750.5,0,0
21.05,11,0,0,0,2520.86,0,0
184.65,7,0,0,0,716.05,0,0
9.12,17,0,0,0,3826.03,0,0
116.02,9,0,0,0,671.22,0,0
15.41,15,0,1,0,2882.45,0,0
5.5,8,0,0,0,2511.68,0,0
42.01,1,1,0,0,3829.44,0,1
25.67,8,0,0,0,1437.56,0,0
10.92,11,0,1,0,1314.17,0,0
6.16,7,0,0,0,3816.54,0,0
32.84,8,0,1,0,1035.26,0,0
87.87,16,0,0,0,3369.88,0,0
59.44,16,0,0,0,900.6,0,0
35.05,17,0,0,0,3946.84,0,0
53.46,17,0,0,0,3783.83,0,0
32.23,11,0,0,0,3554.21,0,0
7.93,18,0,1,0,2237.05,0,0
8.0,13,0,0,0,200.58,0,0
27.03,12,0,0,0,639.47,0,0
28.2,15,0,0,0,2081.89,0,0
77.55,9,0,0,0,244.23,0,0
70.62,17,0,1,0,332.45,0,0
60.65,11,0,0,0,608.49,0,0
25.02,7,0,0,0,1210.77,0,0
8.33,7,0,0,0,3384.49,0,0
50.0,8,0,1,0,263.52,0,0
55.99,18,0,0,0,4427.2,0,0
3.04,22,0,0,1,1268.54,0,0
14.38,11,0,0,0,1474.88,0,0
16.59,10,0,0,0,1153.09,1,0
37.28,9,0,1,0,2730.64,0,0
14.83,17,0,0,0,136.45,0,0
31.88,8,0,0,0,466.38,0,0
26.83,19,0,0,0,489.56,0,0
28.24,15,0,0,0,3007.17,0,0
16.18,18,0,0,0,1516.37,0,0
17.48,13,0,1,0,1996.85,0,0
11.24,15,0,0,0,4277.38,0,0
48.43,14,0,0,0,940.19,0,0
58.62,17,0,0,0,362.38,0,0
15.32,17,0,1,0,2014.33,0,0
151.51,13,0,0,0,780.13,0,0
24.18,14,0,0,0,693.72,0,0
152.96,19,0,1,0,1875.09,0,1
17.42,19,0,0,1,3029.95,0,1
4.36,15,0,0,0,1130.69,0,0
49.51,0,1,0,1,3948.04,0,1
42.46,7,0,0,0,1662.89,1,0
34.27,18,0,0,0,4206.51,0,0
17.42,6,0,1,0,2241.16,0,0
31.99,9,0,0,0,3283.98,0,0
19.86,9,0,0,0,3828.13,0,0
24.47,14,0,0,0,2407.25,0,0
76.83,13,0,0,0,3833.94,0,0
39.81,10,0,1,0,1732.02,0,1
60.94,8,0,0,0,1667.15,0,0
26.26,16,0,1,0,3583.58,2,0
23.52,19,0,1,0,1123.65,2,1
10.45,5,1,1,0,3240.82,0,0
22.87,7,0,0,0,393.04,0,0
1.2,14,0,0,1,2878.53,0,0
18.35,17,0,0,0,4241.5,0,0
30.51,17,0,0,0,2081.27,0,0
58.19,15,0,0,0,1901.04,0,0
25.31,18,0,0,0,2455.41,1,0
46.88,9,0,1,0,3252.07,0,0
3.74,7,0,0,0,1646.82,0,0
31.29,14,0,0,0,50.58,0,0
6.17,17,0,0,0,2284.28,0,0
9.89,13,0,0,0,1915.79,0,0
27.46,20,0,0,0,2420.53,1,0
118.66,17,0,0,0,3233.14,0,0
48.0,15,0,0,0,1311.09,0,0
33.72,5,1,0,0,2298.41,0,0
32.47,7,0,0,0,1177.58,0,0
16.22,17,0,0,0,2094.09,0,0
19.22,8,0,0,0,1583.2,0,0
50.77,2,1,0,0,1692.23,2,0
8.29,18,0,0,0,2628.16,0,0
59.92,18,0,0,0,3118.77,0,0
22.45,9,0,0,0,106.33,0,0
75.61,17,0,1,0,3951.05,1,0
86.58,4,1,0,1,1671.29,0,1
6.21,10,0,0,0,2914.07,0,0
18.51,14,0,1,0,594.65,0,0
14.08,16,0,0,0,2592.98,0,0
5.4,1,1,0,0,3069.14,0,0
11.79,10,0,1,0,750.6,0,0
380.41,9,0,0,0,4109.09,0,0
60.92,22,0,1,0,3420.73,0,0
225.27,15,0,0,0,2425.94,1,0
75.88,11,0,0,0,788.99,2,1
15.77,6,0,0,0,3901.7,0,0
22.61,13,0,0,0,355.39,0,0
59.65,14,0,0,0,562.51,1,0
51.29,17,0,1,0,3156.88,0,0
18.59,10,0,0,0,1179.68,1,0
7.32,21,0,1,0,2093.96,0,0
886.93,12,0,0,0,2448.15,0,0
28.76,10,0,1,0,2089.14,0,1
23.91,10,0,0,0,423.33,0,0
37.09,12,0,0,0,3331.76,0,0
25.98,19,0,0,0,1117.96,0,0
37.44,16,0,0,0,3336.47,0,0
119.93,13,0,0,0,3900.54,0,0
29.24,8,0,0,0,2436.86,0,0
10.35,7,0,0,0,3193.38,0,0
28.17,12,0,0,0,214.37,0,0
20.81,16,0,0,0,213.53,0,0
137.54,16,0,1,0,927.37,0,0
106.82,9,0,0,0,1644.81,0,0
36.87,7,0,0,0,863.39,0,0
9.22,11,0,1,0,2875.57,0,0
9.72,18,0,0,0,1282.15,0,0
33.62,13,0,1,0,3813.59,0,0
46.35,10,0,1,0,2544.69,0,0
22.77,10,0,0,0,1732.45,0,0
20.49,7,0,1,0,4024.2,1,0
18.31,12,0,0,0,3736.22,0,0
32.35,17,0,1,0,3699.16,0,0
3.06,20,0,0,0,3291.16,1,0
11.01,12,0,0,0,2783.25,0,0
17.69,8,0,1,0,1682.36,0,0
110.78,15,0,1,0,1930.57,0,0
14.68,16,0,0,0,2929.7,0,0
39.66,6,0,0,0,819.28,0,0
41.54,18,0,0,0,3733.78,0,0
121.26,17,0,1,0,4227.08,0,0
117.05,12,0,0,1,486.05,0,1
31.26,13,0,1,0,149.93,1,0
20.58,15,0,0,0,685.02,1,0
17.05,15,0,0,0,3431.57,0,0
26.02,1,1,0,0,529.83,0,0
21.46,7,0,1,0,1706.51,0,0
57.61,8,0,1,1,330.9,0,1
50.42,16,0,0,0,1974.88,0,0
59.85,12,0,1,0,2737.17,0,0
116.66,13,0,1,0,2846.87,0,0
213.34,16,0,1,0,2359.17,0,0
37.51,10,0,1,0,4224.58,0,0
99.43,16,0,0,0,2413.56,0,0
23.3,12,0,0,0,3873.61,0,0
108.31,11,0,0,0,4468.96,0,0
95.73,10,0,1,0,1072.37,1,0
90.78,20,0,1,0,1231.63,2,0
36.38,16,0,0,0,2372.32,0,0
16.97,2,1,1,0,861.58,2,0
8.21,19,0,1,0,2560.36,0,0
31.82,16,0,0,0,3095.54,0,0
153.39,7,0,0,0,318.77,0,0
24.29,6,0,1,0,3082.21,0,0
72.61,10,0,0,0,759.63,0,0
77.01,14,0,0,0,1381.97,0,0
24.94,14,0,0,0,3337.7,0,0
123.51,9,0,1,1,777.98,2,0
1.81,12,0,0,0,2415.99,1,0
9.75,9,0,1,0,2671.83,2,1
13.25,5,1,0,0,781.39,0,1
14.59,12,0,0,0,1272.78,0,0
46.35,10,0,0,0,2748.76,2,0
44.26,13,0,1,0,2102.33,0,0
49.11,19,0,0,0,2986.92,0,0
60.1,7,0,0,1,3853.49,0,0
12.81,0,1,0,0,650.9,3,1
9.79,6,0,1,0,364.32,0,1
49.22,12,0,0,0,3016.93,0,0
17.63,15,0,0,0,3479.36,0,0
6.89,13,0,0,0,2049.42,0,0
87.47,12,0,0,0,1802.9,0,0
133.63,11,0,0,0,2705.63,0,0
157.14,10,0,0,0,2503.97,0,0
39.93,11,0,0,0,2231.26,0,0
61.93,14,0,0,0,3693.24,0,0
130.3,8,0,0,0,822.08,0,0
17.44,16,0,0,0,3081.38,1,0
100.55,13,0,1,0,3348.96,0,0
43.61,9,0,0,0,4060.79,0,0
82.58,12,0,0,0,4255.7,0,0
39.89,20,0,1,0,2310.0,0,0
121.06,2,1,0,0,1979.7,0,0
41.41,8,0,0,0,2292.39,0,0
7.51,12,0,0,1,3309.98,0,0
141.45,14,0,0,0,126.41,0,0
12.84,9,0,0,0,824.94,0,0
115.94,19,0,1,0,4089.12,0,0
30.26,14,0,0,0,919.68,2,0
107.34,18,0,0,0,1066.75,0,0
103.0,10,0,1,0,4230.62,0,0
50.91,17,0,0,0,1359.55,0,0
55.07,11,0,0,0,1342.47,0,0
50.53,9,0,0,0,4160.5,0,0
4.42,18,0,1,0,1719.11,0,0
37.28,6,0,0,0,2248.04,0,0
10.85,19,0,0,0,2543.81,1,0
39.3,12,0,0,0,3913.86,1,0
10.56,22,0,0,1,395.19,0,1
10.13,13,0,0,0,1210.81,0,0
164.83,16,0,0,0,2662.19,0,0
96.49,0,1,0,0,1984.03,2,0
32.98,12,0,1,0,1288.35,2,0
39.84,16,0,1,0,1872.91,0,0
25.84,17,0,1,0,4349.78,2,0
58.55,8,0,0,0,143.59,0,0
16.84,11,0,0,0,704.04,0,0
89.46,11,0,0,0,133.02,0,0
25.71,7,0,0,0,2690.62,0,0
21.76,12,0,0,0,107.57,0,0
33.84,17,0,0,0,2070.37,0,0
18.34,10,0,0,0,3873.42,0,0
46.0,12,0,0,0,482.56,2,0
19.35,20,0,0,0,1675.02,0,0
52.91,3,1,0,0,1732.09,0,0
111.72,13,0,1,0,1662.03,0,0
16.13,16,0,0,0,3287.21,0,0
29.06,16,0,1,0,69.62,0,0
52.53,15,0,1,0,3520.84,0,0
21.42,16,0,1,0,3783.73,0,0
52.68,5,1,1,0,1970.01,0,0
57.71,13,0,0,0,3997.85,0,0
97.83,17,0,0,1,1745.62,0,1
18.07,6,0,1,0,3141.52,0,0
12.9,1,1,0,0,1780.27,0,1
24.35,17,0,0,0,218.4,0,0
12.58,15,0,0,0,421.25,0,0
58.24,11,0,0,0,2017.12,3,0
10.36,19,0,1,0,4455.93,0,1
341.39,16,0,0,0,840.13,0,1
121.02,20,0,0,0,4035.34,0,0
33.53,19,0,1,0,4141.3,0,0
78.84,12,0,0,0,1872.94,1,0
6.44,16,0,1,0,2105.12,1,0
412.97,15,0,1,0,2287.55,1,1
18.35,17,0,1,0,3478.31,0,0
29.36,17,0,0,0,600.57,0,0
5.18,8,0,1,0,1512.44,0,0
53.85,9,0,0,0,809.63,0,0
10.95,9,0,0,0,3958.94,0,0
36.66,17,0,0,0,363.81,0,0
19.22,17,0,0,0,3377.28,0,0
11.27,12,0,1,0,2006.85,1,0
14.81,13,0,0,0,3229.99,0,0
41.5,17,0,0,0,4010.03,0,0
9.19,10,0,0,0,1561.5,0,0
15.66,5,1,1,0,1060.16,0,1
64.28,12,0,1,0,2943.47,0,0
446.96,18,0,0,0,4488.99,0,0
53.39,17,0,0,0,3296.31,0,0
13.23,11,0,0,0,3590.52,1,0
22.94,5,1,0,0,2852.86,0,0
34.18,14,0,0,0,1688.42,0,0
23.35,17,0,1,0,2963.17,0,0
81.7,15,0,0,0,622.05,0,0
41.16,11,0,0,0,2225.24,3,0
82.09,7,0,1,0,2600.11,0,1
24.18,18,0,0,1,4085.04,0,0
124.65,9,0,0,0,4142.75,0,0
28.04,9,0,1,0,317.55,0,0
12.54,17,0,0,0,2861.87,0,0
292.17,21,0,1,0,3593.94,0,0
5.34,15,0,1,0,2437.2,0,0
15.82,14,0,0,0,475.73,0,0
17.69,10,0,0,0,1085.65,0,0
406.79,2,1,0,0,1445.72,0,1
201.72,8,0,0,0,2999.46,0,0
147.51,13,0,0,0,341.82,0,0
23.79,8,0,0,0,2495.81,0,0
374.72,18,0,1,0,534.76,2,1
47.86,8,0,1,0,1808.28,1,0
87.99,13,0,0,0,1943.73,0,0
39.63,12,0,0,0,2060.68,0,0
31.52,14,0,0,0,3213.37,0,0
25.74,10,0,1,0,411.32,0,1
26.85,18,0,0,0,1243.68,2,1
60.85,12,0,0,0,2903.03,0,0
47.81,15,0,0,0,4248.87,0,0
32.09,14,0,0,0,2812.55,0,0
149.83,7,0,1,0,3980.98,0,0
1.7,14,0,0,0,4359.41,0,0
55.14,13,0,0,0,3983.37,0,0
67.88,18,0,0,0,4376.32,0,0
104.27,18,0,1,0,3507.83,0,0
31.04,8,0,0,1,3997.85,0,1
40.77,6,0,0,0,2236.96,0,0
88.76,10,0,1,0,1587.2,0,0
147.11,21,0,0,0,4498.71,0,0
24.52,2,1,0,0,485.03,0,1
43.25,15,0,0,0,4313.98,0,0
177.43,14,0,1,0,1967.39,2,1
3.96,14,0,0,0,149.61,0,0
16.61,9,0,0,0,3623.42,0,0
143.43,9,0,0,0,2026.76,0,0
98.74,12,0,0,0,3604.15,0,0
55.84,6,0,0,0,249.43,0,0
21.14,6,0,1,0,4384.95,0,1
13.71,6,0,0,0,3036.12,0,0
18.33,13,0,1,0,263.58,0,0
155.71,11,0,0,0,70.68,1,0
17.66,10,0,1,0,2693.31,0,0
36.65,10,0,1,0,4395.42,0,0
15.58,8,0,0,0,2381.8,2,0
76.92,11,0,1,0,1624.83,1,0
19.32,8,0,0,0,4228.22,0,0
30.04,15,0,0,0,4428.59,0,0
6.15,7,0,0,0,3540.96,0,0
6.6,19,0,0,0,3244.72,0,0
33.37,6,0,1,1,59.18,1,0
8.8,19,0,0,1,1445.89,0,1
271.81,17,0,0,0,4167.03,0,0
4.21,15,0,0,0,1688.2,0,0
14.88,18,0,0,0,1538.88,0,0
33.67,7,0,1,0,2440.45,0,1
22.99,8,0,1,0,2042.65,0,0
10.98,9,0,0,0,3871.65,1,0
12.71,9,0,0,0,413.55,0,0
12.3,10,0,0,0,2981.43,2,0
24.86,13,0,0,0,3152.5,0,0
233.21,2,1,0,0,3966.5,1,0
35.8,11,0,0,0,1900.24,0,0
108.08,9,0,1,0,1362.77,0,1
54.98,14,0,0,0,2838.2,0,0
100.87,21,0,0,0,3275.92,0,0
2.01,12,0,1,0,810.86,0,0
24.42,11,0,0,0,753.83,1,0
122.38,11,0,0,0,1223.03,0,0
18.7,17,0,0,0,1153.23,0,0
192.96,6,0,0,0,3390.41,2,1
146.04,19,0,1,0,2411.63,0,0
20.72,11,0,0,0,2487.67,0,0
20.02,10,0,1,0,115.42,0,0
12.02,20,0,1,0,4474.45,0,0
17.64,19,0,0,0,3742.57,0,0
9.65,14,0,0,0,2024.31,0,0
50.85,1,1,0,0,347.63,0,1
7.72,16,0,0,0,3139.58,0,0
60.57,10,0,0,0,2430.96,0,0
62.06,11,0,0,0,3065.05,2,0
6.29,8,0,0,0,3065.22,0,0
155.99,13,0,1,0,738.57,0,0
55.35,16,0,0,0,1513.2,0,0
70.08,9,0,0,0,129.03,0,0
15.51,19,0,1,0,4421.07,0,1
61.71,8,0,0,0,3638.77,0,0
102.15,5,1,0,0,4183.2,0,0
30.01,14,0,1,0,246.38,0,1
245.16,17,0,0,0,2276.54,0,0
34.61,19,0,0,0,3376.08,0,0
103.63,16,0,0,0,511.49,0,0
44.39,8,0,0,1,3508.04,0,0
59.47,20,0,0,0,2931.39,0,0
6.23,18,0,0,0,4433.05,0,0
47.99,8,0,0,0,676.85,0,0
15.88,13,0,0,0,2850.28,0,0
14.21,13,0,1,0,4264.75,2,1
189.45,12,0,0,0,3359.33,0,0
26.74,21,0,0,0,1545.86,0,0
12.14,5,1,1,0,580.67,1,1
23.12,14,0,0,0,4338.76,1,0
9.02,8,0,0,0,369.97,1,0
138.92,13,0,0,0,4389.5,2,1
16.52,16,0,1,0,1400.63,0,0
56.22,9,0,1,0,3878.38,0,0
128.52,11,0,1,0,2516.69,0,0
20.08,19,0,0,0,4111.03,0,0
56.37,16,0,0,0,1948.45,0,0
11.82,13,0,0,0,3831.63,0,0
382.13,9,0,1,0,1110.81,0,1
84.47,11,0,0,0,2127.0,0,0
27.31,16,0,0,0,3816.05,0,0
15.29,17,0,0,1,576.71,0,1
29.55,9,0,0,0,3292.42,0,0
23.57,15,0,0,0,1994.08,0,0
233.44,6,0,0,1,2333.81,0,0
9.72,2,1,0,0,2626.69,0,0
37.89,13,0,0,0,1276.69,0,0
32.51,9,0,0,0,478.85,0,0
29.45,6,0,0,0,133.03,0,0
29.71,16,0,0,0,1967.6,0,0
29.49,12,0,0,0,1246.47,0,0
79.29,17,0,1,0,2866.54,0,0
60.88,15,0,0,0,3235.92,0,0
50.35,16,0,0,0,2291.66,0,0
1.59,10,0,0,0,2804.38,0,0
44.69,9,0,0,1,2545.32,0,1
6.32,14,0,0,0,70.37,0,0
63.2,8,0,1,0,3795.57,1,0
144.68,17,0,0,0,315.05,2,0
13.12,13,0,1,1,1876.01,0,0
25.49,9,0,1,0,544.03,2,1
18.19,14,0,0,0,2997.3,0,0
113.91,19,0,0,0,1498.87,0,0
36.42,6,0,0,1,366.63,0,1
186.48,7,0,0,0,251.82,0,0
50.09,17,0,1,0,1105.28,0,1
42.2,7,0,1,0,3019.33,0,0
35.45,3,1,0,0,3246.09,0,0
75.04,10,0,0,0,621.52,1,0
5.83,12,0,0,0,669.05,0,0
36.07,13,0,0,0,2689.86,0,0
30.88,12,0,0,0,4309.84,0,0
68.4,18,0,1,0,2510.45,1,0
27.45,16,0,0,0,3217.25,1,0
11.72,21,0,0,0,2610.6,0,0
33.36,12,0,0,0,516.52,0,0
11.21,6,0,1,0,4261.76,0,1
4.83,19,0,1,0,370.33,0,0
68.52,0,1,1,0,3431.42,1,0
59.09,16,0,0,0,4408.12,0,0
52.83,3,1,0,0,1469.54,0,0
121.87,16,0,0,0,813.75,0,0
17.03,19,0,0,0,2569.48,0,0
7.92,11,0,1,1,3588.05,0,1
30.88,9,0,0,0,4275.16,0,0
23.39,9,0,0,0,3136.85,0,0
14.26,12,0,1,0,1544.64,0,0
30.57,8,0,0,1,2249.84,0,0
17.96,15,0,0,0,3437.34,0,0
5.28,11,0,0,0,3556.3,0,0
21.3,10,0,0,0,381.25,0,0
10.63,12,0,1,0,2781.14,0,1
41.75,13,0,1,0,4354.8,0,0
17.18,7,0,0,0,3544.39,0,0
100.65,15,0,0,0,82.59,0,0
164.66,18,0,0,0,1050.99,0,0
65.33,9,0,0,0,2030.29,0,0
7.02,8,0,0,0,3192.9,0,0
149.19,16,0,1,0,2520.85,0,0
160.09,8,0,0,0,394.11,0,0
33.74,4,1,0,0,3335.3,0,1
124.33,14,0,0,0,3782.28,0,0
19.07,9,0,0,0,965.62,0,0
5.12,8,0,0,0,350.04,0,0
15.48,21,0,0,0,3569.76,0,0
186.66,10,0,0,0,2899.99,0,0
7.46,18,0,0,0,3625.59,0,0
33.1,8,0,0,0,2571.36,0,0
34.27,17,0,1,0,1956.99,1,0
19.83,12,0,0,0,4335.7,0,0
21.25,6,0,0,0,3520.82,1,0
35.6,16,0,0,0,1883.03,1,0
18.87,18,0,0,0,4088.46,1,0
7.99,8,0,0,0,4471.07,0,0
41.06,16,0,1,0,1421.65,1,0
96.87,12,0,1,0,4021.52,3,1
79.01,16,0,0,0,252.02,0,0
14.74,15,0,0,0,1003.85,1,0
9.48,2,1,0,0,766.06,1,0
24.92,8,0,0,0,1636.84,0,0
158.82,12,0,0,0,2553.67,0,0
63.16,19,0,1,1,3253.91,0,0
66.95,10,0,0,0,4067.48,0,0
80.63,14,0,0,0,755.54,0,0
50.44,1,1,0,0,2623.36,0,0
37.36,15,0,0,0,2518.39,0,0
64.22,14,0,0,0,2090.21,0,0
19.18,15,0,1,0,3140.89,0,0
8.05,18,0,0,0,2334.46,0,0
68.24,7,0,0,0,2498.35,0,0
114.18,9,0,1,0,4069.82,0,0
10.82,22,0,1,0,3878.21,0,0
75.33,8,0,1,0,2619.14,0,0
177.82,16,0,0,0,745.13,0,0
33.04,16,0,1,0,4316.22,2,0
14.61,15,0,1,0,2821.01,0,0
37.45,9,0,1,0,3643.26,0,0
19.1,9,0,1,0,294.85,0,0
17.87,15,0,1,0,4040.87,0,0
51.07,8,0,0,1,3136.06,0,1
6.66,15,0,0,1,3100.14,0,0
7.82,12,0,0,0,540.0,0,0
33.76,11,0,0,0,3222.24,0,0
32.38,10,0,0,0,391.04,0,0
46.69,19,0,0,0,298.43,0,0
215.99,12,0,0,0,1497.8,0,0
36.76,13,0,0,0,153.1,1,0
60.23,19,0,0,0,760.33,0,0
12.48,14,0,0,0,3281.26,0,0
71.37,19,0,1,1,3765.42,0,1
19.56,7,0,1,0,848.87,0,0
35.57,17,0,0,1,3713.67,0,0
29.7,10,0,0,0,2188.36,0,0
93.03,17,0,0,0,4312.63,0,0
8.94,18,0,0,0,669.92,0,0
3.38,9,0,1,0,288.36,0,0
26.75,11,0,0,1,3810.61,1,0
52.91,16,0,0,0,1660.84,0,0
38.56,6,0,1,0,2084.41,1,1
113.55,16,0,1,1,2327.48,0,1
51.28,7,0,0,0,3721.99,3,0
18.84,18,0,0,0,388.2,2,0
3.24,9,0,0,0,2502.5,0,0
26.12,13,0,0,0,1966.03,1,0
92.57,7,0,1,0,1564.25,0,0
22.38,9,0,1,0,1599.18,0,0
34.07,11,0,0,0,4190.02,0,0
50.47,12,0,1,0,1243.1,0,0
12.0,0,1,0,0,2073.06,0,0
61.76,18,0,0,0,2242.97,1,0
170.23,0,1,0,0,3253.39,0,0
27.86,16,0,1,0,2359.49,2,0
10.71,12,0,1,1,2814.49,0,1
30.98,13,0,0,0,1824.8,1,0
3.58,8,0,0,0,3247.84,0,0
46.38,14,0,0,0,2123.04,0,0
52.05,13,0,1,0,1041.07,0,0
176.91,8,0,0,1,3685.34,0,0
27.28,9,0,0,0,3456.26,0,0
49.82,5,1,1,0,2842.33,0,1
14.0,5,1,0,0,2372.67,0,1
23.19,1,1,0,0,977.81,0,0
7.21,9,0,1,0,3914.18,0,0
27.25,15,0,0,0,482.51,0,0
24.4,10,0,0,0,1755.17,0,0
44.67,10,0,0,0,3843.9,0,0
17.75,7,0,0,1,2700.27,0,0
35.99,13,0,0,0,2001.86,0,0
23.73,10,0,0,0,3571.56,0,0
23.77,15,0,0,0,4453.34,0,0
35.89,16,0,0,0,890.22,0,0
34.48,13,0,0,0,275.76,0,0
70.89,9,0,0,0,2110.3,0,0
29.35,12,0,0,0,1328.91,0,0
23.34,9,0,0,0,3017.04,0,0
27.64,18,0,0,1,2249.45,0,0
16.21,16,0,0,0,2270.56,2,0
23.11,12,0,0,0,1629.67,0,0
252.44,20,0,0,0,987.5,0,0
13.29,13,0,1,0,999.87,0,0
25.06,10,0,0,0,1772.02,0,0
22.48,6,0,0,0,3084.17,0,0
25.86,13,0,0,0,1550.31,0,0
23.78,18,0,0,0,1500.78,1,0
43.78,18,0,0,1,1941.25,0,1
5.99,14,0,0,0,4459.33,0,0
93.43,11,0,1,0,456.0,1,0
62.34,14,0,0,0,1361.2,0,0
9.56,16,0,0,0,1349.41,0,0
3.42,11,0,0,0,4386.53,0,0
12.47,12,0,0,0,1861.94,3,1
25.98,15,0,1,0,2573.03,0,0
437.16,18,0,0,1,931.68,0,0
57.01,17,0,0,0,106.55,0,0
5.43,2,1,0,0,1559.75,0,0
16.62,7,0,1,0,2893.7,0,0
31.4,18,0,0,0,3127.36,0,0
42.68,17,0,0,0,3404.75,0,0
8.89,11,0,0,0,3879.95,1,0
28.93,13,0,0,0,564.52,1,0
16.16,18,0,0,1,418.43,0,0
10.98,18,0,0,0,3555.2,0,0
42.93,17,0,1,0,1989.09,0,0
71.8,8,0,0,0,4264.67,2,0
76.79,16,0,0,0,4248.51,0,0
58.81,7,0,1,0,680.35,0,0
20.14,18,0,1,0,3125.95,0,0
67.66,7,0,0,0,348.63,0,0
45.11,15,0,0,0,1845.17,0,0
37.86,14,0,1,0,3795.61,0,0
17.96,16,0,0,0,2101.27,0,0
20.15,13,0,0,0,199.58,0,0
35.65,5,1,0,0,1119.46,0,0
379.89,15,0,0,0,434.35,0,1
44.76,11,0,1,0,1866.65,0,1
17.97,10,0,0,0,3150.31,0,0
14.41,22,0,0,0,2988.59,0,0
20.25,13,0,0,0,3249.28,0,0
292.16,15,0,0,0,1757.98,0,0
22.21,13,0,1,0,1230.49,0,1
82.01,16,0,0,0,303.35,0,0
22.74,16,0,0,0,4240.01,0,0
43.0,14,0,0,0,576.35,0,0
73.09,22,0,0,0,843.19,0,0
18.69,12,0,0,0,161.25,0,0
17.44,15,0,1,1,1461.4,0,1
173.97,17,0,0,0,3693.87,0,0
88.64,11,0,0,0,1528.5,0,0
73.02,12,0,0,0,3013.62,0,0
72.77,20,0,0,0,4346.67,0,0
52.44,3,1,0,1,4021.76,0,0
249.08,10,0,0,0,850.88,0,0
34.6,12,0,0,0,1648.47,0,0
58.98,0,1,1,0,3392.58,0,1
7.76,18,0,1,0,4400.58,0,0
14.51,10,0,0,0,3235.91,0,0
9.97,9,0,0,0,1172.35,0,0
118.4,17,0,0,0,641.06,0,0
2.58,9,0,1,0,2253.46,0,0
22.15,14,0,1,0,908.63,0,0
1.66,17,0,0,0,1062.89,0,0
14.42,17,0,1,0,2873.22,0,0
20.27,17,0,0,0,2341.02,0,0
132.27,6,0,0,0,587.09,0,0
49.24,6,0,0,0,733.87,0,0
14.39,10,0,1,0,136.48,0,0
96.16,3,1,0,0,1027.49,0,1
33.71,12,0,1,0,3998.54,0,0
34.38,11,0,0,1,3579.0,0,0
9.95,13,0,0,0,1895.78,0,0
12.3,10,0,0,0,3351.61,0,0
14.51,12,0,0,0,1861.01,1,0
34.69,10,0,0,0,3574.86,0,0
35.8,8,0,1,0,859.66,0,0
155.1,14,0,0,0,728.7,0,0
48.67,15,0,0,0,396.84,0,0
2.21,17,0,0,0,1126.04,0,0
43.06,18,0,1,0,701.11,0,0
7.77,15,0,0,0,3603.95,0,0
12.6,15,0,1,0,1117.87,1,1
14.7,5,1,1,0,2347.12,0,1
17.06,7,0,0,0,3415.08,0,0
8.37,17,0,0,0,3062.98,0,0
40.59,9,0,0,0,960.42,0,0
8.08,11,0,0,0,392.97,0,0
47.31,7,0,0,0,4107.34,0,0
310.12,8,0,0,0,2817.87,0,0
8.76,16,0,1,0,3194.21,0,0
24.92,9,0,1,0,1767.76,0,0
2.66,12,0,0,0,1125.15,0,0
24.51,8,0,0,0,2411.25,0,0
62.97,15,0,0,0,396.57,0,0
68.08,16,0,1,0,3609.9,0,0
35.78,11,0,0,1,2962.55,0,0
80.58,17,0,0,0,3439.27,0,0
422.44,9,0,0,0,2583.21,0,0
183.52,15,0,0,0,2621.7,0,0
19.64,16,0,0,0,2721.67,0,0
7.76,20,0,0,1,3539.51,1,0
22.06,9,0,0,0,1052.97,0,0
12.85,6,0,0,0,3082.82,0,0
52.01,9,0,1,0,2509.54,0,0
10.16,7,0,0,1,2253.23,0,0
30.79,8,0,0,0,2457.03,0,0
76.56,10,0,1,0,1261.29,0,0
29.94,11,0,1,0,215.01,0,0
12.85,18,0,0,0,3428.28,0,0
107.21,8,0,0,0,4126.97,0,0
5.06,20,0,1,0,2189.39,1,0
23.86,17,0,0,0,3778.66,0,0
31.76,18,0,1,0,2520.89,0,0
33.65,19,0,0,1,4189.84,0,1
39.67,16,0,1,0,2312.46,0,0
60.97,17,0,0,0,961.59,0,0
31.96,12,0,0,0,3922.01,0,0
22.92,12,0,1,0,3611.21,1,0
22.03,19,0,0,0,1821.15,0,0
17.97,11,0,0,0,3796.51,0,0
72.79,4,1,0,0,90.27,0,1
17.35,16,0,0,0,3608.88,0,0
77.23,13,0,0,0,3111.78,0,0
33.75,17,0,0,0,1739.57,0,0
19.66,6,0,0,0,3572.56,0,0
61.46,14,0,0,0,613.65,0,0
16.0,9,0,1,0,954.77,0,1
62.69,18,0,0,0,2424.43,0,0
40.97,7,0,0,0,3970.57,0,0
18.24,17,0,1,0,628.97,0,0
56.18,6,0,1,0,2561.0,0,0
57.2,2,1,0,0,3401.44,0,0
105.37,9,0,0,0,3357.92,0,0
87.02,10,0,0,0,2844.43,2,1
54.12,14,0,0,0,4237.1,0,0
10.72,7,0,1,0,2195.51,0,0
383.21,12,0,0,1,3967.09,0,1
8.14,8,0,1,1,2807.15,0,1
85.56,18,0,0,0,3331.73,1,0
50.97,4,1,0,0,2118.5,0,0
10.24,11,0,0,0,795.91,0,0
29.24,14,0,0,0,535.47,0,0
30.61,18,0,0,0,3086.37,0,0
122.19,18,0,0,0,1725.32,1,0
16.23,18,0,0,0,2575.3,0,0
25.48,5,1,0,1,3369.92,0,1
3.2,17,0,0,0,3549.84,0,0
187.68,16,0,0,0,2317.99,0,0
11.35,18,0,0,0,1449.54,0,0
45.92,10,0,0,0,3502.67,0,0
29.92,18,0,1,0,1898.29,0,0
30.02,11,0,1,0,4218.45,0,0
74.43,14,0,1,0,3719.35,0,0
176.14,11,0,1,0,3373.78,0,0
42.58,11,0,0,0,1123.54,0,0
63.76,13,0,0,0,1664.29,0,0
46.01,11,0,0,0,3827.96,0,0
91.61,17,0,0,0,152.97,0,0
20.84,14,0,0,0,3527.54,1,0
97.07,15,0,0,0,1848.47,0,0
100.53,9,0,0,0,3607.1,0,0
97.76,20,0,0,0,2508.14,0,0
17.11,15,0,0,0,2394.29,0,0
27.98,8,0,1,0,3172.08,0,0
42.08,16,0,0,0,3638.19,1,0
8.41,8,0,1,0,3135.87,0,1
163.19,5,1,0,0,2055.68,0,0
32.71,13,0,0,0,1477.72,0,0
43.99,13,0,0,0,3813.05,0,0
18.6,8,0,0,0,2367.46,0,0
8.79,10,0,1,0,3536.4,0,0
18.1,19,0,0,0,4480.94,0,0
41.23,10,0,0,0,2915.3,0,0
64.94,8,0,0,0,1288.64,0,0
38.93,22,0,1,0,3901.73,1,0
46.84,10,0,1,0,1267.85,0,0
23.64,15,0,1,0,1208.78,0,0
54.39,9,0,0,0,379.02,0,0
145.89,13,0,0,0,399.6,0,0
67.01,11,0,0,0,3887.33,0,0
74.41,20,0,0,0,1076.75,0,0
44.43,12,0,0,0,533.66,0,0
7.37,13,0,0,0,1619.02,2,0
11.65,19,0,0,0,3225.27,0,0
52.19,21,0,0,0,1561.36,0,0
32.76,7,0,0,0,1426.3,3,0
51.41,17,0,0,0,2221.89,0,0
177.05,11,0,0,1,144.34,0,0
68.45,13,0,0,0,2235.28,0,0
116.62,11,0,0,0,4455.58,0,0
36.4,11,0,0,0,3607.1,0,0
14.77,8,0,0,0,363.69,0,0
31.25,13,0,0,0,2963.96,0,0
14.81,13,0,1,0,2101.95,0,0
157.32,8,0,0,0,3726.81,0,0
73.0,13,0,0,1,488.44,0,0
55.73,20,0,0,0,1085.64,0,0
113.97,15,0,1,0,3570.58,0,0
4.39,12,0,0,0,3828.94,0,0
59.63,18,0,1,0,2405.46,0,0
8.93,13,0,1,0,137.65,0,0
32.88,7,0,0,0,4027.03,0,0
24.25,13,0,0,0,1753.31,0,0
64.18,8,0,0,1,226.58,0,0
41.6,16,0,0,0,3693.71,0,0
127.12,20,0,0,0,1910.41,1,0
18.14,11,0,1,0,895.46,0,0
67.3,12,0,0,0,3617.02,0,0
38.95,11,0,0,1,2086.83,0,1
6.45,10,0,0,0,2754.75,0,0
13.22,17,0,0,0,3712.89,0,0
28.51,14,0,0,0,2374.78,0,0
100.71,5,1,1,1,541.63,0,1
52.65,17,0,0,0,4338.74,0,0
10.3,8,0,0,0,1325.11,0,0
28.78,20,0,0,0,4474.41,0,0
249.09,11,0,1,0,76.81,0,0
37.01,14,0,1,0,2202.86,0,0
23.87,6,0,0,0,3186.96,0,0
54.15,10,0,0,0,4083.04,0,0
71.05,17,0,0,0,3522.5,2,0
20.99,12,0,1,0,1187.54,0,0
54.74,18,0,0,0,1132.7,0,0
23.83,13,0,0,0,1636.81,0,0
67.99,19,0,0,0,541.9,0,0
39.24,21,0,0,0,3029.6,0,0
53.62,12,0,0,0,4238.6,3,0
15.5,13,0,0,0,2907.36,0,0
14.57,17,0,0,0,2423.51,0,0
85.24,9,0,0,0,2289.9,0,0
30.59,18,0,0,0,2687.13,0,0
44.04,13,0,0,0,3212.23,1,0
24.38,16,0,1,0,3587.75,0,1
81.35,6,0,0,0,3157.53,0,0
18.03,16,0,0,0,3187.39,0,0
28.92,10,0,1,0,4285.22,0,0
72.67,17,0,1,0,4052.08,1,0
107.01,12,0,0,1,3716.46,1,0
19.61,9,0,0,0,242.95,0,0
235.02,19,0,1,0,3026.46,0,0
45.3,16,0,0,0,2074.66,0,0
11.67,21,0,1,0,2798.32,0,0
47.9,11,0,1,0,3103.96,0,0
22.58,14,0,0,0,3230.2,0,0
51.11,14,0,0,0,3918.95,1,0
31.73,15,0,0,0,4099.46,0,0
35.67,3,1,1,0,2750.39,0,0
13.31,10,0,1,0,4029.03,0,1
89.13,18,0,0,0,3452.57,2,1
10.42,11,0,0,0,952.13,0,0
10.93,20,0,0,1,207.14,0,0
47.82,9,0,1,1,94.0,0,0
164.49,22,0,1,0,2660.47,0,0
23.28,15,0,0,0,2371.09,0,0
66.75,16,0,0,0,3148.84,0,0
96.87,11,0,0,0,3800.59,0,0
74.79,18,0,1,0,781.77,0,0
24.26,13,0,0,0,3861.12,0,0
11.12,15,0,1,0,486.47,0,0
3.64,6,0,0,0,3980.43,0,0
25.46,14,0,0,1,3834.66,1,0
107.56,18,0,0,0,3151.45,0,0
10.76,8,0,1,0,1385.13,0,0
66.7,16,0,0,0,465.69,0,0
12.81,2,1,0,0,3512.49,0,0
36.82,19,0,0,0,1019.56,0,0
67.21,21,0,1,0,2012.17,0,0
17.12,11,0,0,0,2412.32,0,0
39.27,7,0,0,0,3100.22,2,0
21.87,14,0,0,0,2219.1,1,0
67.03,2,1,1,0,3140.67,0,0
41.9,12,0,1,1,3672.47,0,0
35.04,9,0,0,0,3223.12,1,0
157.33,12,0,1,1,1382.79,1,0
64.22,1,1,0,0,4029.57,0,0
16.6,5,1,0,0,2500.04,0,1
30.39,1,1,1,0,2120.92,0,1
30.7,14,0,0,0,2608.96,0,0
35.89,13,0,1,0,2200.33,0,0
413.44,9,0,0,0,3410.24,0,1
47.98,14,0,0,0,1921.95,0,0
4.32,18,0,0,0,3506.42,0,0
19.24,9,0,0,1,3432.69,1,0
4.8,17,0,0,0,1282.07,0,0
23.81,15,0,0,0,476.94,0,0
4.54,3,1,0,0,3836.76,0,0
13.85,11,0,1,0,801.69,0,0
7.24,12,0,0,0,188.76,1,0
48.63,16,0,1,0,1840.35,0,0
33.13,10,0,0,0,1180.96,1,0
44.83,21,0,0,0,1030.61,1,0
29.83,15,0,0,0,816.8,0,0
8.21,11,0,0,0,3383.92,0,0
55.34,6,0,1,0,3536.23,0,0
226.38,8,0,1,0,256.43,0,0
49.86,12,0,0,0,2483.31,1,0
21.63,12,0,0,0,651.4,0,0
7.94,16,0,0,0,2273.02,0,0
13.36,16,0,1,0,1598.29,1,0
52.09,8,0,1,0,948.08,0,0
96.85,13,0,0,0,4268.87,0,0
42.99,2,1,0,0,4307.52,0,0
73.69,11,0,0,0,2559.67,0,0
67.2,16,0,1,0,886.82,0,0
54.96,11,0,1,0,2645.53,2,0
17.14,17,0,1,0,4181.82,0,0
39.41,20,0,0,0,1731.04,0,0
14.18,14,0,0,0,662.93,0,0
33.7,7,0,0,0,3136.92,1,0
46.1,11,0,0,0,2970.4,1,0
177.47,0,1,0,0,56.18,0,1
8.94,14,0,1,0,3848.54,1,0
53.6,17,0,0,0,2990.32,0,0
145.65,14,0,0,0,920.86,0,0
70.73,17,0,1,0,64.41,0,0
76.17,17,0,1,0,4376.74,0,0
59.6,18,0,0,0,3408.32,1,0
121.31,9,0,1,0,1674.48,0,0
11.16,18,0,1,0,1975.91,0,1
8.28,14,0,0,0,2447.93,0,0
32.91,10,0,0,0,3247.89,0,0
3.81,21,0,1,0,819.54,0,0
113.37,19,0,1,0,920.99,0,0
112.25,13,0,0,0,264.8,0,0
21.47,17,0,0,0,4436.78,0,0
22.86,9,0,1,0,3946.29,0,0
30.8,11,0,1,0,2510.66,0,0
34.88,8,0,0,0,1964.72,0,0
37.61,13,0,0,0,1106.61,0,0
57.87,12,0,1,0,2697.67,0,1
27.87,9,0,0,0,3122.77,0,0
85.05,15,0,0,0,3116.86,1,0
51.73,7,0,0,0,78.64,0,0
18.05,5,1,0,0,3174.07,0,1
125.85,11,0,0,0,3905.36,0,0
8.51,11,0,0,1,561.38,0,0
30.2,10,0,0,0,3411.43,0,1
87.09,9,0,1,1,3713.41,0,0
16.07,10,0,0,0,1278.95,0,0
45.13,8,0,0,0,3218.87,0,0
57.02,11,0,0,0,480.56,0,0
14.01,18,0,0,0,2938.99,0,0
30.8,9,0,0,0,2320.97,0,0
28.32,15,0,1,0,3831.84,0,0
19.07,7,0,0,1,2061.26,0,1
330.85,11,0,0,1,1955.03,0,0
15.44,10,0,1,0,4205.34,0,1
90.46,19,0,0,0,4207.49,0,0
22.36,11,0,0,0,208.92,3,0
11.17,15,0,1,0,2210.76,0,1
36.7,14,0,1,0,766.26,0,0
63.38,7,0,1,0,1267.99,0,0
83.14,19,0,0,0,3014.32,2,0
157.95,10,0,1,0,625.33,0,1
629.7,4,1,1,0,100.15,0,1
42.54,10,0,0,0,3285.7,0,0
17.06,10,0,0,0,2903.98,0,0
52.08,6,0,0,0,4066.86,0,0
25.38,14,0,0,1,2463.28,0,0
83.59,10,0,0,0,4256.72,1,0
9.05,14,0,0,0,2761.44,0,0
353.66,0,1,0,1,1772.82,0,1
77.95,21,0,0,0,2757.66,0,0
6.15,8,0,0,0,3383.85,0,0
16.3,14,0,0,0,1596.56,0,0
74.89,15,0,0,0,1707.74,3,0
107.38,8,0,1,0,2853.22,0,0
9.28,7,0,0,0,2077.38,0,0
67.56,8,0,0,0,2395.03,0,0
4.72,9,0,0,0,4420.26,0,0
30.29,8,0,1,0,244.8,3,0
100.69,15,0,0,0,2933.16,0,0
19.08,11,0,1,0,4156.84,1,1
7.34,13,0,0,0,1101.14,0,0
38.33,4,1,0,1,993.52,0,1
18.09,18,0,0,0,1665.34,0,0
62.15,8,0,0,0,379.65,2,1
13.66,11,0,0,0,2543.27,0,0
15.29,6,0,1,0,2922.29,1,0
4.39,7,0,0,0,3698.5,0,0
39.25,15,0,0,0,344.48,0,0
28.19,15,0,1,0,1991.02,0,0
10.09,15,0,0,0,3539.72,0,0
40.2,13,0,0,0,3468.94,0,0
92.49,19,0,0,0,377.7,0,0
26.69,12,0,0,0,100.71,0,0
43.3,12,0,0,0,3535.81,0,0
43.52,9,0,0,0,664.0,0,0
9.93,6,0,0,0,2621.16,1,0
258.94,13,0,1,1,469.4,0,0
20.68,10,0,1,0,1365.02,0,0
63.82,13,0,0,0,753.27,0,0
71.47,8,0,0,0,3326.95,0,0
28.8,17,0,0,0,3043.62,1,0
60.75,22,0,0,0,652.11,0,0
42.34,10,0,1,0,314.02,0,1
8.02,17,0,0,0,2125.19,0,0
23.75,18,0,1,0,920.19,0,0
17.95,22,0,0,0,86.23,2,0
20.87,10,0,0,0,1226.01,0,0
8.99,16,0,0,0,1007.83,0,1
102.15,9,0,1,0,3098.07,0,0
164.35,14,0,1,0,3880.84,0,0
88.06,15,0,0,0,1107.49,0,0
117.98,16,0,0,0,1042.56,0,0
23.46,8,0,1,0,1775.56,0,0
17.53,17,0,0,0,817.88,0,0
15.2,11,0,0,0,4263.33,0,0
63.06,9,0,0,1,1133.69,0,1
41.56,13,0,0,0,465.31,0,0
30.65,18,0,0,0,2528.16,0,0
120.92,20,0,0,0,2442.41,0,0
49.65,16,0,0,1,2862.02,0,1
14.32,0,1,0,0,4351.83,2,1
16.76,7,0,0,0,1489.52,1,0
65.5,6,0,0,0,1650.09,0,0
93.85,7,0,1,0,1549.83,1,0
57.49,11,0,1,0,2847.4,0,0
220.72,10,0,0,1,2738.11,0,0
169.87,7,0,0,0,2403.19,0,0
51.47,18,0,0,0,1671.25,2,0
14.32,14,0,0,0,1953.04,0,0
8.94,17,0,1,0,3576.66,0,0
22.48,11,0,0,0,2761.15,0,0
70.33,11,0,0,0,3237.57,0,0
205.75,10,0,0,0,1281.45,0,0
50.27,12,0,0,0,4106.14,0,0
106.56,14,0,0,0,206.47,0,0
25.91,12,0,1,0,2700.85,1,0
61.73,17,0,1,0,3664.96,2,1
75.44,18,0,0,0,3904.97,0,0
4.57,12,0,0,0,1472.01,0,0
21.9,9,0,0,0,2095.89,0,0
85.6,19,0,0,0,205.26,1,0
43.57,16,0,0,0,3564.46,0,0
10.01,14,0,1,0,604.35,0,0
2.92,16,0,0,0,1954.96,0,0
22.97,6,0,0,0,4459.1,1,0
30.83,5,1,0,1,4133.93,1,0
13.68,8,0,0,0,1518.6,0,0
38.21,7,0,0,0,1046.27,0,0
54.95,11,0,0,0,1170.03,0,0
64.76,8,0,1,0,3097.3,0,0
3.14,18,0,0,0,3279.8,0,0
8.9,13,0,0,1,1013.39,0,1
24.42,11,0,0,0,1117.96,0,0
58.68,5,1,0,0,1489.08,0,0
54.01,13,0,0,0,1977.64,0,0
53.08,7,0,0,0,4132.75,2,0
22.57,16,0,0,0,167.96,0,0
23.86,17,0,0,0,2889.98,0,0
15.99,13,0,0,0,3884.55,0,0
71.39,7,0,1,0,3268.97,0,1
13.19,17,0,1,0,1014.5,0,0
77.48,10,0,0,0,2171.52,0,0
40.77,9,0,1,0,4100.75,0,1
31.66,12,0,1,0,564.94,0,0
17.17,19,0,0,0,4444.42,0,0
8.54,10,0,0,0,689.13,1,0
17.33,18,0,0,0,683.76,0,0
23.81,5,1,0,0,3667.22,0,1
3.1,6,0,0,0,3736.14,0,0
27.18,15,0,0,0,218.74,0,0
83.46,8,0,0,0,798.96,0,0
58.39,10,0,0,1,4270.95,0,0
20.16,7,0,0,0,1293.09,0,0
34.71,10,0,1,0,104.47,0,0
18.99,10,0,1,0,1180.49,0,0
38.43,16,0,1,0,3322.67,0,1
154.49,15,0,0,0,4128.22,1,0
87.23,19,0,0,0,740.45,0,0
55.75,16,0,0,0,1048.64,0,0
20.23,15,0,1,0,2014.81,2,0
70.1,15,0,1,0,3379.95,0,0
6.13,18,0,0,0,2981.2,0,0
25.73,10,0,0,0,1507.52,0,0
59.37,10,0,1,0,345.27,0,0
69.44,16,0,1,0,1175.67,1,0
64.71,9,0,1,0,1027.06,0,0
44.47,18,0,0,0,143.69,2,0
27.23,13,0,0,0,4388.93,0,0
56.71,10,0,0,0,1186.4,0,0
12.77,16,0,1,1,3772.58,2,1
14.23,10,0,0,0,2207.63,0,0
35.22,20,0,0,1,4376.69,0,0
39.38,21,0,0,0,715.51,0,0
5.34,15,0,1,0,542.5,0,0
52.2,7,0,0,0,60.96,0,0
71.72,9,0,0,0,3247.09,0,0
30.65,12,0,1,0,1413.37,0,1
355.83,18,0,0,0,3923.08,1,0
16.73,8,0,0,0,2870.43,0,0
23.08,7,0,1,0,2619.57,1,0
22.31,6,0,0,0,2216.67,0,0
30.69,12,0,1,0,1198.87,0,0
23.84,18,0,1,0,337.86,0,1
8.11,4,1,0,0,2023.88,1,0
19.17,9,0,1,0,491.08,0,0
30.04,15,0,0,0,4080.5,0,0
113.13,17,0,0,0,3740.51,0,0
299.54,17,0,0,1,2807.94,0,0
125.9,17,0,0,1,2063.36,0,0
15.25,7,0,1,0,2071.17,0,1
16.51,11,0,1,0,2117.09,0,0
28.24,21,0,0,0,3367.31,1,0
197.27,21,0,0,0,611.61,0,0
28.07,14,0,0,0,2414.27,0,0
8.78,15,0,1,0,3666.37,0,0
20.06,19,0,0,0,2320.06,0,0
70.6,12,0,0,0,111.15,0,0
66.02,7,0,1,0,1138.87,0,0
27.11,15,0,1,0,3025.2,0,0
65.59,20,0,0,0,4207.19,2,0
3.41,15,0,1,0,4027.18,0,0
36.74,17,0,0,0,3711.04,0,0
78.31,11,0,0,0,4278.23,2,1
14.4,6,0,1,0,1295.63,0,1
14.35,8,0,1,0,105.17,0,0
5.12,21,0,0,0,1626.97,1,0
162.37,12,0,0,0,2617.7,0,0
16.12,1,1,1,0,1458.27,0,1
42.14,19,0,0,0,246.71,0,0
60.58,12,0,0,0,2306.98,2,0
150.22,17,0,0,0,938.65,0,0
28.39,13,0,0,0,3287.69,0,0
19.31,7,0,0,0,446.95,0,0
39.37,14,0,0,0,4313.66,0,0
119.59,22,0,0,0,3951.23,0,0
27.93,3,1,0,0,3938.65,0,0
12.74,17,0,0,0,3565.01,2,0
7.09,9,0,1,0,2869.47,0,0
9.76,11,0,0,0,287.76,1,0
78.6,11,0,0,0,2997.8,0,0
24.03,18,0,1,0,3373.83,0,1
18.04,12,0,1,0,632.15,0,1
16.18,12,0,0,0,2790.11,0,0
36.06,17,0,0,0,2180.96,0,0
26.06,4,1,0,0,2152.36,0,0
25.2,6,0,1,0,937.61,1,0
127.65,2,1,0,0,3340.5,0,0
154.16,15,0,0,0,4166.8,0,0
6.62,13,0,0,0,3555.72,0,0
45.95,18,0,1,0,1692.19,0,0
15.23,12,0,0,0,4429.59,0,0
25.84,9,0,0,0,1670.56,0,0
45.12,17,0,1,0,1093.19,0,0
26.77,10,0,0,0,4357.98,0,0
41.7,19,0,0,0,3564.68,0,0
64.91,9,0,0,0,3437.54,1,0
44.46,8,0,0,0,394.57,0,0
17.34,12,0,0,0,904.51,0,0
17.65,5,1,0,0,132.4,0,1
7.85,3,1,1,0,3506.09,1,1
14.1,12,0,1,0,1288.18,1,0
235.58,9,0,0,1,638.4,0,0
15.0,0,1,0,0,859.42,0,0
10.04,10,0,1,0,2903.04,0,0
45.6,12,0,1,0,1977.08,0,0
29.66,11,0,0,0,4239.21,0,0
27.23,7,0,0,0,1678.22,0,0
135.51,13,0,1,0,3760.74,1,0
57.35,15,0,0,0,2481.77,0,0
19.49,15,0,0,0,3188.8,0,0
21.66,11,0,1,1,800.54,0,0
20.03,7,0,0,0,3382.98,0,0
79.42,12,0,0,0,431.17,0,0
24.33,18,0,0,1,3125.49,0,0
5.51,12,0,1,0,2121.55,0,0
31.55,8,0,1,0,1066.94,0,0
7.12,6,0,0,0,2187.72,0,0
294.19,19,0,0,0,3857.77,1,0
12.61,16,0,0,1,738.5,0,0
28.17,10,0,1,0,804.84,0,0
42.87,10,0,0,0,2426.29,0,0
24.81,18,0,0,0,2832.38,0,0
24.78,8,0,0,0,1919.89,0,0
50.49,13,0,0,0,1235.45,0,0
152.36,15,0,1,0,349.0,0,0
71.34,11,0,0,0,271.58,0,0
145.26,3,1,1,0,231.65,0,0
11.63,9,0,0,0,4060.71,0,0
45.48,18,0,0,0,634.54,0,0
38.68,13,0,1,0,1363.3,0,0
47.04,17,0,0,0,4437.22,0,0
131.14,13,0,0,0,4177.26,0,0
26.55,19,0,1,0,240.74,0,1
22.08,18,0,0,0,2503.12,0,0
56.49,12,0,0,0,2869.07,3,0
5.59,10,0,0,0,290.81,0,0
26.13,14,0,1,0,3290.16,0,1
28.96,15,0,0,0,4446.02,0,0
13.19,12,0,0,0,1960.74,0,0
95.3,17,0,1,0,2049.91,0,1
11.45,8,0,0,0,2984.09,1,0
28.91,10,0,0,0,3327.61,0,0
44.4,15,0,0,0,3564.49,0,0
128.18,9,0,1,0,395.23,0,0
32.77,12,0,1,0,3613.07,0,0
84.45,20,0,0,0,3895.13,0,0
66.73,14,0,0,0,251.26,0,0
37.47,19,0,0,0,224.15,0,0
11.14,16,0,0,0,2501.46,0,0
7.89,16,0,0,0,2260.79,0,0
36.84,13,0,0,0,4411.43,0,0
19.25,7,0,1,0,1360.09,0,0
83.03,12,0,0,1,2676.39,2,0
69.82,9,0,1,0,2304.7,1,0
27.53,22,0,0,0,2434.01,2,0
10.41,9,0,0,0,2985.52,2,1
55.19,9,0,0,0,2442.3,0,0
11.97,14,0,1,0,80.9,0,0
15.51,12,0,1,0,3804.51,0,0
12.44,2,1,0,0,945.14,0,1
28.83,7,0,0,0,1078.64,0,0
106.72,17,0,1,0,2933.48,1,0
32.95,12,0,1,0,2175.99,0,1
21.26,7,0,1,0,2606.44,0,0
7.2,12,0,0,0,2263.87,0,0
57.52,9,0,1,0,1909.49,0,0
15.17,9,0,0,0,2200.7,0,0
37.24,19,0,0,0,677.83,0,0
23.24,11,0,0,0,4363.41,0,0
76.57,4,1,0,0,2607.65,0,0
28.3,20,0,0,1,1326.34,0,0
31.22,17,0,0,0,3222.14,0,0
53.83,9,0,0,0,3966.47,0,0
272.31,11,0,1,0,1369.28,0,0
80.52,18,0,1,0,1494.08,0,0
30.31,11,0,0,0,2001.54,0,0
33.22,13,0,0,0,1016.94,0,0
19.59,13,0,0,0,3653.56,0,0
12.81,11,0,0,0,2649.59,0,0
19.05,14,0,0,0,303.85,0,0
15.3,12,0,0,0,4485.33,0,0
63.65,2,1,0,0,2608.62,0,1
11.35,17,0,1,0,4010.22,1,0
125.61,7,0,1,0,2282.2,0,0
70.25,12,0,1,0,2641.9,2,0
33.8,13,0,0,0,2072.41,0,0
33.13,15,0,1,0,1931.29,1,0
18.97,11,0,0,0,1021.45,2,0
43.38,16,0,0,0,4331.45,0,0
98.31,7,0,1,0,858.88,0,0
16.39,14,0,1,0,2392.5,1,0
7.15,17,0,0,0,437.58,0,0
66.9,18,0,0,0,4470.53,0,0
45.8,13,0,1,0,2522.76,0,1
10.8,10,0,1,1,3674.9,1,0
15.9,8,0,0,0,2555.03,0,0
14.03,10,0,0,0,3632.18,0,0
16.05,13,0,0,0,2428.12,0,0
23.96,8,0,0,0,2030.14,0,0
25.37,19,0,0,1,2078.78,0,0
17.27,18,0,0,0,60.43,1,0
15.52,3,1,1,0,1699.41,1,1
26.34,13,0,1,0,4286.15,2,1
39.16,17,0,0,0,3056.32,0,0
24.14,9,0,0,0,4140.97,0,0
105.5,13,0,0,0,941.17,0,0
55.04,11,0,0,0,2235.66,0,0
6.75,8,0,0,0,203.44,0,0
55.91,14,0,0,0,3062.88,2,0
60.68,22,0,1,0,3538.87,1,1
21.44,11,0,1,0,3377.72,0,0
7.42,13,0,1,0,436.13,0,0
33.38,10,0,0,0,1151.5,0,0
32.86,18,0,1,0,2968.43,0,0
10.79,18,0,0,0,3427.51,0,0
7.76,8,0,0,1,1270.24,0,0
30.34,18,0,0,0,1857.77,2,1
26.23,8,0,1,0,1613.13,0,1
21.82,6,0,0,1,70.31,0,0
30.47,14,0,0,0,2615.48,0,0
10.99,11,0,0,0,3027.55,0,0
21.44,13,0,0,0,1280.14,0,0
56.45,14,0,0,0,3110.64,0,0
23.34,5,1,0,0,1130.23,1,1
6.22,10,0,1,1,3234.11,0,0
20.64,12,0,1,0,2084.48,0,0
11.36,9,0,1,0,3930.11,1,1
43.26,4,1,0,0,2474.07,0,0
45.55,6,0,0,0,871.71,1,0
6.3,17,0,0,0,3707.95,0,0
70.74,18,0,1,0,3510.67,0,1
10.89,8,0,0,0,424.82,0,0
157.46,9,0,0,0,263.78,0,0
31.54,14,0,0,0,656.5,2,0
9.52,19,0,0,0,3811.65,0,0
10.57,10,0,0,0,1475.7,0,0
46.9,18,0,1,0,2296.14,0,0
22.39,12,0,0,0,2733.2,0,0
30.06,19,0,0,0,3358.49,2,1
166.13,7,0,0,0,3743.3,0,0
16.46,20,0,0,0,2345.6,0,0
35.16,12,0,0,0,1900.13,0,0
136.98,19,0,1,0,921.94,0,1
43.4,12,0,0,1,2753.47,0,1
6.64,13,0,0,0,2496.95,0,0
54.89,17,0,0,0,1345.66,0,0
10.35,16,0,0,0,2035.61,1,0
135.21,14,0,1,0,3341.45,0,0
14.54,11,0,1,1,2840.51,0,1
645.17,17,0,1,1,2193.75,0,1
143.65,19,0,0,0,1261.81,0,0
14.93,0,1,0,0,3022.62,0,0
33.78,13,0,1,0,2843.08,0,1
70.36,18,0,0,0,2089.14,0,0
72.51,14,0,1,0,1111.43,0,0
51.54,17,0,1,0,828.2,0,1
115.83,18,0,0,0,1560.33,0,0
29.28,16,0,0,0,4093.78,0,0
22.95,15,0,0,0,3404.8,0,0
23.41,20,0,0,0,4015.26,0,0
78.13,18,0,0,0,3799.57,0,1
47.71,17,0,0,0,2092.03,1,0
44.31,6,0,0,0,2410.47,0,0
73.35,9,0,0,0,804.66,0,0
4.26,13,0,0,0,3257.88,0,0
45.15,15,0,1,0,1927.67,0,0
41.21,10,0,1,1,767.65,1,1
175.71,6,0,0,0,474.33,0,0
7.18,10,0,1,0,3147.8,0,0
157.15,16,0,0,1,2195.8,0,0
35.71,18,0,0,0,90.03,0,0
54.0,18,0,1,0,3719.09,0,0
176.96,11,0,0,0,2806.61,0,0
58.02,11,0,0,0,220.77,0,0
49.42,11,0,0,0,1405.85,0,0
42.19,11,0,1,0,3264.71,1,0
20.42,15,0,0,1,312.68,0,0
32.19,11,0,1,0,3326.32,0,0
16.19,2,1,0,0,2296.78,0,0
31.67,12,0,1,0,3533.72,0,0
3.2,9,0,0,0,3855.8,0,0
50.86,2,1,0,0,3466.53,0,1
29.32,12,0,0,0,397.43,0,0
23.66,8,0,0,0,2098.66,0,0
41.25,12,0,0,0,1468.37,0,0
7.9,9,0,0,0,2312.79,1,0
227.98,14,0,0,0,4347.82,0,0
29.88,22,0,1,0,603.56,1,0
28.62,13,0,1,1,3901.91,2,1
12.61,14,0,1,0,4459.3,0,1
33.92,18,0,1,0,4455.6,0,0
132.55,11,0,0,0,3595.27,0,0
93.31,8,0,0,0,2121.83,0,0
77.82,10,0,1,1,842.1,0,0
57.19,11,0,1,0,2756.55,0,0
23.14,14,0,0,0,2766.16,0,0
7.77,0,1,0,0,1458.13,1,0
27.08,18,0,0,0,2794.86,0,0
26.16,6,0,0,0,568.63,0,0
94.52,18,0,0,0,2871.34,0,0
45.12,19,0,1,0,4040.41,0,0
166.05,22,0,0,0,2150.69,3,0
109.67,17,0,0,0,3452.31,0,0
20.98,7,0,0,0,2878.6,0,0
5.5,15,0,1,0,63.64,0,0
132.37,8,0,0,0,592.89,0,0
128.94,18,0,0,0,3498.02,0,0
8.45,10,0,0,0,230.02,0,0
149.79,10,0,0,0,4305.3,1,0
48.53,18,0,0,0,4028.64,1,0
38.89,1,1,1,1,1662.57,0,1
166.46,8,0,0,0,1431.21,0,0
127.06,11,0,0,0,2777.55,0,0
63.52,15,0,0,0,2772.48,0,0
53.16,14,0,0,0,446.2,1,0
61.34,15,0,1,1,1008.47,0,0
22.2,18,0,0,0,2882.28,0,0
31.34,7,0,0,0,3613.43,0,0
13.43,13,0,1,0,904.41,0,0
23.74,16,0,1,0,3173.6,3,1
22.95,14,0,1,1,3923.61,1,0
17.54,12,0,0,0,574.23,2,0
37.97,1,1,1,0,2004.01,0,1
23.95,5,1,0,0,3834.97,0,1
54.72,7,0,0,0,1699.29,0,0
6.54,10,0,1,0,1249.09,0,1
29.57,7,0,0,0,3367.99,1,0
37.77,11,0,0,1,1833.46,0,0
24.27,8,0,1,0,3193.09,0,0
27.87,16,0,0,0,612.44,0,0
6.79,18,0,0,0,2513.12,3,0
47.3,11,0,0,0,1738.6,0,0
63.28,12,0,0,0,4488.01,2,0
54.25,19,0,0,0,2681.69,0,0
93.57,13,0,1,1,3085.64,0,1
40.51,22,0,1,0,633.11,0,0
53.45,7,0,0,0,4464.26,0,0
38.71,18,0,0,1,278.75,0,1
65.86,12,0,0,1,365.22,0,1
6.84,2,1,0,0,387.02,0,0
13.55,20,0,0,0,3924.17,1,0
161.89,20,0,0,0,3292.22,0,0
2.83,11,0,1,0,4380.09,0,1
28.78,19,0,1,0,346.19,2,0
106.94,7,0,0,1,3127.96,0,0
30.17,15,0,0,1,2423.05,0,0
22.09,8,0,0,1,2894.16,0,1
37.69,9,0,0,0,2332.48,0,0
23.26,16,0,1,0,3055.29,1,1
34.15,11,0,0,0,4086.41,0,0
16.72,0,1,0,0,2664.26,0,0
100.35,11,0,0,0,4039.05,0,0
137.45,9,0,1,0,3530.62,0,0
28.98,15,0,0,0,3898.91,0,0
8.28,8,0,0,1,2983.67,0,1
19.61,17,0,1,0,2357.8,0,1
27.55,9,0,0,0,359.52,0,0
54.9,11,0,1,1,3765.32,0,1
12.09,10,0,0,1,1126.95,0,0
15.35,14,0,0,0,213.14,0,0
55.18,7,0,1,0,2359.87,0,0
84.68,12,0,0,1,2864.69,0,1
17.79,10,0,1,1,2995.15,0,1
8.73,18,0,1,0,3030.24,0,0
883.7,6,0,0,0,2959.06,0,0
72.48,17,0,0,0,3646.46,0,0
25.36,8,0,0,0,3473.66,0,0
78.97,6,0,0,0,3667.11,0,0
29.24,8,0,0,0,2098.17,0,0
78.82,7,0,0,0,329.54,0,0
38.84,13,0,0,0,2896.11,0,0
36.28,21,0,1,0,985.46,0,0
29.56,3,1,1,0,3874.87,0,1
7.79,12,0,0,0,3261.41,0,0
230.0,11,0,0,0,3458.12,0,0
12.92,10,0,0,0,1324.58,0,0
8.5,10,0,1,0,2867.09,0,1
26.77,18,0,0,0,2399.97,1,0
12.66,1,1,1,1,1244.61,0,1
31.45,16,0,1,1,3664.4,0,0
65.88,9,0,1,0,2497.31,0,1
89.6,11,0,0,0,899.01,0,0
74.79,11,0,0,0,1408.35,0,0
24.39,10,0,1,0,1060.63,1,0
34.8,6,0,0,0,1440.18,0,0
49.79,7,0,0,0,887.35,0,0
5.71,10,0,0,0,1701.57,0,0
58.59,17,0,0,0,3138.23,0,0
7.71,7,0,1,0,4318.88,0,0
254.77,16,0,0,0,986.89,0,0
22.1,10,0,1,0,1384.24,0,0
27.53,18,0,0,0,59.58,0,0
15.34,11,0,0,1,1052.61,0,0
17.64,8,0,1,0,1912.11,3,0
321.85,21,0,1,0,2104.73,0,0
84.81,8,0,1,0,1235.18,0,0
7.03,13,0,1,0,718.94,0,1
149.04,13,0,0,0,2555.66,0,0
109.21,11,0,0,0,1870.89,2,0
25.0,19,0,0,0,1946.88,0,0
45.0,17,0,0,1,4032.66,0,0
32.62,17,0,0,0,2548.42,0,0
238.07,20,0,0,0,1778.11,0,0
14.94,12,0,0,1,1179.36,0,0
38.32,6,0,0,0,1957.26,0,0
21.58,16,0,0,0,3885.31,0,0
7.9,11,0,0,0,4344.7,0,0
296.38,8,0,1,0,1728.68,0,0
10.16,12,0,0,0,979.97,0,0
41.27,19,0,0,0,4119.61,0,0
5.81,8,0,1,0,692.74,0,1
22.22,17,0,0,0,1373.36,0,0
50.5,11,0,1,0,958.45,0,0
14.52,7,0,0,0,2567.94,0,0
59.55,17,0,0,0,1868.45,0,0
25.3,20,0,0,0,1327.89,0,0
105.64,10,0,1,0,3467.28,0,0
129.25,10,0,0,1,3005.32,0,0
18.42,11,0,0,0,4480.03,0,0
35.76,17,0,1,0,1438.35,0,1
39.78,1,1,1,0,3811.5,0,0
61.52,9,0,1,0,1396.16,0,0
33.6,15,0,1,0,90.22,0,0
40.05,11,0,1,0,721.49,0,0
25.96,10,0,0,0,2312.69,0,0
37.16,18,0,0,0,3654.54,0,0
121.26,18,0,1,0,305.49,0,0
63.19,19,0,0,0,3752.46,0,0
66.77,9,0,0,0,3236.53,0,0
68.24,18,0,0,0,203.61,0,0
28.39,16,0,0,0,523.02,0,0
45.55,8,0,0,0,386.55,0,0
11.19,14,0,1,1,3071.52,0,1
117.78,2,1,1,1,2546.58,0,1
2.05,15,0,0,0,1646.92,0,0
30.35,16,0,1,0,442.99,0,0
103.64,17,0,0,1,1798.77,0,0
8.47,8,0,0,1,3085.67,0,0
49.39,14,0,0,0,465.68,0,0
16.76,8,0,0,0,3861.8,0,0
22.9,19,0,1,0,329.94,2,0
85.28,15,0,0,0,2756.46,0,0
40.37,6,0,0,0,891.71,0,0
4.33,8,0,0,0,457.8,0,0
12.47,15,0,1,0,1629.62,1,1
87.82,12,0,1,0,3017.83,1,0
51.88,16,0,0,0,588.69,0,0
190.21,10,0,1,0,2166.85,1,0
178.15,14,0,0,0,1857.18,0,0
23.52,8,0,0,0,1952.17,0,0
404.74,13,0,0,0,4248.2,0,1
33.94,19,0,0,0,1603.18,0,0
12.65,14,0,1,0,4462.75,0,0
17.57,4,1,1,0,2445.84,0,0
3.47,21,0,0,0,3799.04,0,0
165.18,8,0,0,0,1602.45,1,0
163.17,15,0,0,0,427.24,0,0
12.0,13,0,1,0,425.6,0,0
26.37,10,0,0,0,2604.96,0,0
36.44,8,0,0,0,4188.13,0,0
12.68,8,0,1,0,366.93,0,0
5.73,18,0,0,0,3116.57,0,0
26.83,18,0,1,0,2556.47,0,0
24.02,12,0,0,0,2952.52,0,0
22.46,7,0,0,0,1009.16,2,0
41.38,18,0,1,0,363.76,0,1
138.31,12,0,0,1,382.54,0,0
24.46,12,0,0,1,1147.93,0,0
39.27,11,0,1,0,1000.69,3,0
68.5,11,0,0,0,612.29,0,0
57.64,13,0,0,0,1227.84,0,0
17.91,14,0,0,0,2426.18,0,0
36.47,12,0,0,0,4275.34,0,0
57.26,18,0,0,0,4154.1,0,0
10.72,10,0,0,0,1259.13,0,0
117.16,13,0,0,0,344.63,0,0
138.6,10,0,0,0,4480.57,0,0
16.07,16,0,0,0,2170.02,2,1
40.19,7,0,0,0,4403.44,0,0
62.95,8,0,0,0,2442.51,0,0
19.19,17,0,0,0,3994.31,0,0
53.6,8,0,0,1,2040.13,2,1
38.99,14,0,0,0,2818.0,0,0
7.63,20,0,0,0,2434.04,0,0
52.41,13,0,0,0,1028.45,0,0
11.02,8,0,0,0,3448.9,0,0
84.71,10,0,1,0,293.88,0,0
16.92,17,0,0,0,1662.73,0,0
28.18,11,0,1,0,3921.07,0,0
130.62,16,0,0,0,2286.94,0,0
54.4,16,0,1,0,395.52,1,1
11.25,12,0,0,0,973.51,0,0
12.0,17,0,0,0,537.9,2,0
18.19,10,0,1,0,1285.47,0,0
49.14,12,0,0,0,785.64,0,0
47.38,15,0,0,0,3218.18,0,0
14.25,8,0,0,1,2984.45,0,0
10.31,9,0,1,0,651.1,0,0
43.89,14,0,1,0,2030.21,0,1
27.61,14,0,0,0,1366.5,1,0
286.35,12,0,0,0,1550.61,0,0
34.35,17,0,0,0,2613.11,0,0
203.21,12,0,0,0,4049.17,0,0
10.27,18,0,0,0,4043.1,2,0
6.87,16,0,0,0,1887.95,0,0
10.8,10,0,0,0,1799.72,0,0
108.76,11,0,0,0,2354.99,0,0
191.73,15,0,0,0,2159.81,1,0
15.15,18,0,0,0,324.94,0,0
20.89,8,0,1,0,2625.44,0,0
10.29,12,0,0,0,2652.06,0,0
5.41,7,0,0,0,2054.0,0,0
67.93,9,0,0,0,1892.14,0,0
41.39,15,0,1,0,4228.31,0,0
33.46,6,0,0,0,2723.67,0,0
8.17,15,0,0,0,3682.44,0,0
170.71,18,0,1,0,4294.59,2,1
20.02,20,0,0,0,3654.95,0,0
56.47,9,0,0,0,4246.26,2,0
7.73,16,0,0,0,3428.86,0,0
27.37,19,0,0,0,807.04,0,0
44.32,6,0,0,0,1059.84,0,0
45.93,11,0,0,0,912.83,0,0
38.65,18,0,0,0,1483.46,0,0
54.3,8,0,1,0,1629.72,0,0
10.69,19,0,1,0,3659.76,0,0
40.34,13,0,0,0,1655.79,0,0
37.11,6,0,0,0,3286.12,0,0
41.75,12,0,1,0,4071.98,0,0
35.6,10,0,0,0,559.76,0,0
9.27,10,0,1,0,51.16,0,1
8.87,13,0,0,0,4004.53,0,0
3.62,12,0,1,0,1110.24,0,0
75.0,12,0,1,0,732.8,0,1
75.77,6,0,0,0,1363.68,0,0
76.98,17,0,0,0,877.82,0,0
45.01,12,0,0,0,3581.75,0,0
3.92,17,0,0,0,2873.56,0,0
11.86,17,0,1,0,794.5,0,0
39.27,10,0,0,0,2646.86,0,0
37.92,0,1,1,1,976.01,0,1
26.5,18,0,1,0,929.12,1,0
47.89,16,0,0,0,2699.74,0,0
33.5,7,0,0,0,3007.86,0,0
37.37,15,0,0,0,1590.6,0,0
17.48,2,1,0,0,3447.16,0,0
88.41,2,1,1,1,3775.6,0,0
21.53,13,0,0,0,4127.73,1,0
8.75,6,0,0,0,2835.97,0,0
15.32,20,0,1,0,1029.11,1,0
23.37,18,0,0,0,3380.67,0,0
89.48,14,0,0,0,529.91,0,0
31.74,5,1,1,0,856.41,0,0
27.49,10,0,0,0,3755.91,0,0
9.5,11,0,1,0,4103.19,0,0
72.64,12,0,1,0,346.89,0,0
17.25,8,0,0,0,1438.94,0,0
29.96,13,0,0,0,2849.84,0,0
145.5,12,0,0,0,4226.98,0,0
55.08,19,0,0,0,2589.73,3,0
6.5,19,0,0,0,3703.42,0,0
5.64,13,0,0,0,4156.26,0,0
31.05,14,0,1,0,2359.74,0,0
9.85,7,0,0,0,3345.0,0,0
63.34,9,0,1,0,2997.74,2,0
34.55,18,0,0,0,3037.56,0,0
39.07,15,0,0,0,2350.95,0,0
16.33,8,0,1,0,2823.2,0,0
188.93,13,0,1,0,2516.97,0,1
568.27,19,0,0,0,2887.96,0,1
25.06,10,0,0,0,2298.13,0,0
47.14,8,0,0,0,1040.11,0,0
36.5,19,0,0,0,3136.6,0,0
25.54,12,0,1,0,1758.94,0,0
14.41,11,0,1,1,618.45,0,0
11.19,9,0,0,0,3838.39,0,0
10.64,18,0,0,0,856.99,0,0
49.66,17,0,0,0,2456.15,0,0
19.69,11,0,1,0,3258.97,0,0
2.51,3,1,0,0,2932.28,0,0
51.67,12,0,1,0,765.82,0,0
31.87,8,0,1,0,913.91,0,0
127.32,7,0,0,0,712.37,0,0
48.09,11,0,1,1,372.83,0,1
7.55,6,0,0,0,1310.57,0,0
3.56,19,0,0,0,2382.42,0,0
16.13,4,1,0,0,819.63,0,0
17.72,11,0,1,0,4370.32,0,0
85.04,8,0,0,0,3159.8,0,0
32.82,15,0,1,0,2646.28,0,0
102.89,6,0,0,0,3082.31,0,1
8.8,13,0,0,0,1989.98,0,0
86.94,16,0,1,0,2141.09,0,1
68.1,19,0,1,0,4004.56,0,1
4.4,15,0,0,0,3262.63,0,0
124.29,6,0,0,1,2667.43,0,1
36.36,6,0,0,0,4278.45,1,0
49.01,16,0,0,0,2998.75,0,0
13.94,9,0,1,0,1824.17,0,0
118.54,12,0,0,0,261.19,2,0
10.12,20,0,1,0,1788.51,0,0
76.1,17,0,0,0,4165.39,3,0
75.23,17,0,0,0,248.69,0,0
12.5,18,0,0,0,871.3,2,0
240.66,14,0,0,1,3648.93,0,1
41.74,16,0,0,0,1674.05,0,0
63.68,11,0,1,0,877.25,1,0
7.19,22,0,0,0,3679.71,0,0
275.26,9,0,0,0,2535.06,0,0
9.73,13,0,0,1,2490.66,0,1
92.29,10,0,0,0,1357.34,2,0
12.25,7,0,0,0,3054.35,0,0
17.83,13,0,1,0,3885.13,0,0
72.88,11,0,0,0,3388.41,0,0
92.53,13,0,0,0,2775.3,0,0
9.29,13,0,0,0,1609.81,0,0
98.54,13,0,0,0,3853.88,0,0
94.16,7,0,0,0,2569.18,0,0
12.96,12,0,0,1,4008.65,0,0
163.8,17,0,1,0,1181.09,2,1
7.71,10,0,0,0,2961.61,0,0
17.73,12,0,0,0,4211.59,2,0
53.46,12,0,0,1,1714.68,0,0
14.1,18,0,0,0,4283.14,0,0
43.11,14,0,0,0,1796.46,0,0
42.14,7,0,1,0,1997.71,1,1
27.47,18,0,0,0,3638.69,0,0
76.13,17,0,1,0,1210.43,0,1
26.35,16,0,0,0,3191.14,0,0
41.74,12,0,0,0,1377.83,2,0
104.22,16,0,1,0,2692.28,0,1
73.02,12,0,1,0,3503.03,0,0
72.68,16,0,0,0,166.32,0,0
10.49,18,0,0,0,443.72,0,0
55.97,18,0,0,1,4207.97,0,0
13.76,12,0,0,0,3680.44,1,0
9.19,18,0,1,0,3952.69,0,0
30.82,7,0,0,0,2003.29,0,0
13.41,7,0,0,0,3237.77,1,0
73.01,13,0,0,0,4492.32,0,0
74.78,14,0,0,0,1974.76,0,0
4.94,8,0,0,0,3818.17,0,0
14.46,12,0,0,0,402.81,2,0
7.69,6,0,0,0,2470.19,1,0
20.85,14,0,0,0,1532.92,0,0
52.2,18,0,0,1,2377.75,0,1
25.99,16,0,1,0,557.63,0,0
18.36,11,0,0,0,1686.18,0,0
121.53,22,0,0,0,390.56,0,0
3.3,15,0,1,0,2066.26,0,0
114.08,17,0,1,0,2015.99,1,0
19.22,15,0,0,0,1517.21,0,0
30.63,21,0,0,0,4269.99,0,0
19.54,17,0,0,0,419.05,0,0
154.92,12,0,0,0,3720.71,0,0
9.67,11,0,0,0,1629.43,0,0
33.51,15,0,0,0,936.95,0,0
56.12,13,0,0,0,1262.89,0,0
6.61,14,0,1,1,4063.43,0,0
13.2,10,0,0,0,3720.8,0,0
28.55,11,0,1,0,120.12,0,0
13.64,13,0,1,0,705.62,0,0
14.65,17,0,1,1,3053.87,0,1
23.34,16,0,0,0,1462.49,0,0
63.41,7,0,1,0,4140.18,0,0
23.51,9,0,0,0,3549.93,0,0
97.36,2,1,0,1,3943.92,1,1
12.21,0,1,0,1,908.27,0,1
9.47,9,0,1,0,720.64,1,0
227.32,17,0,0,0,4197.09,0,0
17.15,18,0,0,0,1848.66,0,0
8.93,11,0,1,0,1899.94,1,1
5.8,13,0,0,0,3096.34,0,0
97.04,15,0,0,0,1818.66,0,0
23.54,19,0,0,0,3944.6,0,0
25.69,18,0,0,0,4317.88,2,0
28.24,5,1,0,0,1529.71,2,0
91.19,9,0,0,0,975.86,0,0
27.67,4,1,0,0,385.11,0,0
345.18,14,0,1,0,1003.91,0,0
37.85,15,0,0,0,670.53,0,0
95.75,10,0,1,0,179.59,0,0
74.09,18,0,0,1,257.63,0,1
31.93,12,0,1,1,2316.67,0,1
18.41,22,0,0,0,3199.68,0,0
46.15,0,1,1,0,4425.5,0,0
55.15,7,0,0,0,742.78,0,0
18.68,10,0,0,0,3157.12,0,0
39.11,2,1,0,0,2515.29,1,0
114.0,17,0,0,0,2177.66,0,0
262.42,5,1,0,0,3262.19,0,0
77.82,16,0,1,0,1112.02,0,1
213.31,5,1,0,0,1435.25,0,1
17.65,9,0,1,0,1761.52,0,1
66.81,17,0,1,0,861.66,0,1
126.28,19,0,1,0,2179.87,0,1
13.51,11,0,0,0,636.81,0,0
20.38,20,0,0,0,1465.74,0,0
188.28,14,0,0,1,553.57,0,0
12.49,11,0,0,0,209.68,0,0
8.66,17,0,0,0,1630.68,0,0
152.62,10,0,0,0,2798.1,0,0
109.59,9,0,0,0,725.91,0,0
51.02,14,0,0,0,4470.88,1,0
31.64,11,0,0,0,1270.85,0,0
21.36,7,0,0,0,150.99,0,0
43.9,5,1,0,0,174.75,1,0
160.74,17,0,0,0,3016.23,0,0
42.04,15,0,0,0,3030.92,0,0
289.15,11,0,1,0,4067.03,0,1
13.49,18,0,1,0,454.24,0,0
32.47,11,0,1,1,1724.84,0,1
22.8,15,0,0,0,4007.27,0,0
11.19,18,0,0,0,3599.66,2,0
28.41,17,0,1,0,1088.85,0,0
50.27,12,0,1,0,4010.35,0,0
55.94,15,0,1,0,3079.63,0,1
290.17,11,0,1,0,1226.21,0,0
52.69,14,0,0,0,249.47,0,0
104.6,9,0,1,0,2263.62,1,0
35.38,12,0,0,0,3223.2,0,0
177.34,8,0,0,0,1245.47,0,0
364.47,3,1,0,0,800.88,0,0
56.32,13,0,0,0,385.0,0,0
12.27,18,0,0,0,3797.01,0,0
19.13,2,1,0,0,293.55,2,1
43.9,8,0,0,0,2761.85,0,0
52.27,12,0,0,0,3446.43,0,0
66.58,15,0,0,0,3523.14,0,0
52.47,8,0,0,1,2958.96,0,1
33.35,5,1,1,0,2954.94,0,0
17.53,12,0,0,0,2159.71,0,0
49.46,17,0,0,0,1904.35,0,0
211.66,3,1,0,0,661.23,0,0
91.83,10,0,0,0,2432.32,0,0
56.53,15,0,0,0,366.08,0,0
92.72,7,0,0,0,2133.48,0,0
22.85,9,0,0,0,3302.51,0,0
19.92,13,0,0,0,2020.74,0,0
15.68,19,0,0,0,2311.86,0,0
29.22,10,0,0,0,3797.82,0,0
21.71,12,0,1,0,2927.29,0,0
110.86,11,0,0,0,617.8,0,0
20.59,18,0,1,0,2466.07,0,1
14.84,6,0,1,0,1672.36,0,0
231.04,13,0,1,0,970.4,0,0
21.09,17,0,1,0,2933.46,0,0
38.61,21,0,0,0,1769.94,0,0
52.0,15,0,0,0,3464.52,2,1
10.63,11,0,1,0,2659.93,0,1
113.92,11,0,0,0,513.94,0,0
62.62,11,0,0,0,1609.05,0,0
157.34,14,0,0,0,1250.8,0,0
16.79,16,0,1,0,717.38,0,0
36.57,17,0,0,0,3610.98,1,0
34.44,11,0,0,0,1734.45,0,0
43.12,15,0,1,1,2779.0,0,1
7.73,18,0,0,0,3974.95,0,0
37.0,19,0,0,0,2466.38,1,0
7.95,15,0,0,0,1198.46,0,0
47.39,14,0,0,0,3568.55,0,0
3.94,13,0,0,0,1989.11,1,0
5.2,8,0,0,0,2559.07,0,0
75.08,7,0,1,0,4064.27,0,0
19.17,12,0,1,0,2227.27,0,1
12.33,8,0,0,0,1539.39,0,0
118.02,13,0,1,0,3286.9,0,0
45.95,14,0,0,0,644.08,0,0
79.21,13,0,0,0,4116.07,0,0
28.04,3,1,1,0,4124.18,0,0
482.81,5,1,0,0,2628.36,0,1
18.09,7,0,1,0,736.62,0,0
189.52,8,0,0,0,2061.81,0,0
31.14,21,0,0,0,1933.71,0,0
6.33,10,0,0,0,1377.5,1,0
53.67,10,0,0,0,829.2,0,0
45.37,5,1,0,0,1223.45,0,1
11.57,14,0,0,0,2522.1,0,0
13.17,14,0,0,0,3101.4,0,0
32.31,8,0,1,0,4409.2,0,0
46.98,18,0,1,0,1010.12,0,0
2.8,17,0,0,0,957.87,0,0
94.93,9,0,0,0,570.8,0,0
20.2,12,0,0,0,4228.52,0,0
8.74,12,0,1,0,1749.23,0,0
84.87,10,0,0,0,4161.71,0,0
32.34,17,0,0,0,4007.99,0,0
111.74,7,0,1,0,245.69,0,0
51.31,11,0,0,0,1294.98,0,0
33.07,11,0,0,0,1396.23,1,0
28.43,12,0,0,0,1284.19,0,0
53.66,18,0,1,0,1942.74,0,0
21.9,9,0,0,0,2271.92,0,0
14.12,7,0,1,0,3423.99,0,0
60.94,14,0,0,0,1241.28,0,0
28.66,8,0,1,0,1379.42,0,0
34.25,6,0,0,0,2713.8,0,0
98.43,11,0,0,0,847.75,0,0
29.55,9,0,1,0,2155.71,0,0
33.62,11,0,0,0,1166.88,0,0
18.18,9,0,0,0,931.06,0,0
50.94,6,0,1,1,3590.66,0,1
46.98,13,0,0,0,3196.7,1,0
81.51,2,1,1,0,1161.67,0,1
18.56,20,0,0,0,1897.52,0,0
20.95,10,0,0,0,736.3,1,0
73.12,15,0,0,0,286.6,3,0
42.62,17,0,1,0,2654.23,0,0
13.38,9,0,0,0,1667.86,0,0
122.31,16,0,0,0,972.27,0,0
6.06,17,0,0,0,560.0,0,0
72.55,9,0,0,0,3076.12,0,0
9.34,22,0,0,0,1258.0,0,0
218.28,2,1,0,0,4087.88,1,0
7.07,9,0,0,0,907.99,0,0
104.82,17,0,0,0,1134.8,0,0
30.52,8,0,1,0,3840.22,0,0
22.95,15,0,1,0,2597.32,1,0
39.86,18,0,0,0,532.29,0,0
62.3,19,0,0,0,2495.1,0,0
13.4,12,0,0,0,1421.17,0,0
14.65,20,0,0,0,3329.39,0,0
63.41,11,0,1,0,396.17,2,1
6.01,9,0,0,0,4134.59,0,0
18.46,12,0,0,0,2178.0,0,0
692.76,14,0,0,0,3317.57,0,1
12.58,12,0,1,0,3185.74,0,0
104.36,13,0,1,0,843.22,1,0
18.43,11,0,0,0,3966.42,0,0
55.09,13,0,1,0,1085.52,0,0
63.71,19,0,0,0,898.02,0,0
102.41,12,0,1,0,2366.86,0,0
27.11,9,0,0,0,4431.23,0,0
241.99,16,0,1,1,1444.61,0,0
18.37,10,0,0,0,4341.81,0,0
41.86,17,0,0,0,1986.16,0,0
42.32,5,1,0,1,3764.31,2,1
10.78,10,0,0,0,2408.43,0,0
24.88,6,0,0,0,963.41,0,0
38.92,6,0,1,0,3965.97,0,0
21.5,14,0,0,0,370.25,0,0
380.29,11,0,0,1,3088.26,1,1
14.32,18,0,0,0,3746.88,0,0
107.71,12,0,0,0,3752.51,0,0
77.98,10,0,1,0,2966.08,0,0
32.66,16,0,1,0,1166.94,0,0
13.94,14,0,1,0,2415.92,0,0
15.36,17,0,1,0,2851.44,0,0
19.73,14,0,1,0,4009.14,0,0
5.55,8,0,0,0,760.52,1,0
12.14,15,0,0,0,2118.89,0,0
7.52,11,0,1,0,1532.45,0,0
127.21,12,0,0,0,1953.32,0,0
61.46,19,0,1,0,864.57,0,1
72.67,11,0,1,0,1017.57,0,0
59.67,14,0,0,0,3475.83,0,0
39.13,11,0,0,0,2178.77,1,0
142.69,6,0,0,0,2337.96,0,0
17.98,12,0,1,0,4043.78,0,0
36.84,13,0,1,0,1117.91,0,1
69.9,11,0,0,0,1515.26,0,0
8.84,11,0,1,0,1423.34,0,0
732.59,17,0,0,0,2983.61,0,0
34.08,2,1,0,0,2552.91,1,0
38.17,10,0,0,0,2148.37,0,0
116.38,17,0,0,0,3022.53,0,0
82.68,19,0,0,0,2203.44,0,0
34.4,11,0,0,0,3681.01,0,0
37.72,18,0,0,0,1875.58,1,0
7.36,8,0,1,0,4013.2,0,1
18.98,9,0,0,0,582.35,0,0
55.55,17,0,0,0,468.07,0,0
51.62,18,0,0,0,2967.87,0,0
112.3,9,0,1,1,1784.19,0,0
29.36,5,1,1,0,2077.93,0,1
8.27,6,0,1,0,3147.28,0,0
95.27,9,0,0,0,1004.7,0,0
139.22,16,0,0,0,245.48,1,0
81.31,12,0,0,1,2003.06,0,0
28.12,12,0,0,0,4031.53,0,0
94.1,13,0,0,0,2055.78,0,0
1021.38,18,0,0,0,2595.24,1,0
37.16,6,0,0,0,977.24,0,0
8.92,15,0,1,0,2115.13,0,0
18.43,19,0,0,0,2188.91,0,0
61.9,9,0,0,0,1096.38,0,0
6.65,17,0,0,0,778.9,0,0
39.23,15,0,1,0,1608.65,0,0
48.44,1,1,0,0,222.95,0,0
153.72,9,0,0,0,790.71,0,0
122.76,14,0,0,0,3304.52,0,0
78.62,12,0,0,0,2938.65,0,0
3.81,13,0,0,0,1441.87,0,0
83.18,9,0,0,0,2502.67,0,0
67.06,15,0,1,1,3740.76,0,1
42.77,9,0,1,0,3784.19,0,0
5.87,11,0,0,0,2961.98,0,0
15.23,11,0,0,0,602.04,0,0
10.31,15,0,0,0,774.91,1,0
4.41,6,0,0,0,1347.95,0,0
33.02,8,0,1,0,3034.68,0,0
14.91,8,0,0,0,1198.12,0,0
457.28,7,0,1,0,2116.72,0,0
27.97,8,0,0,0,3723.59,0,0
120.75,14,0,0,0,4018.39,0,0
6.9,16,0,1,0,3781.53,0,0
19.49,15,0,0,0,568.15,0,1
36.48,12,0,0,1,4102.86,2,1
13.35,5,1,0,0,3094.42,1,0
21.71,19,0,0,0,2803.6,0,0
26.63,8,0,0,0,1151.58,0,0
26.21,15,0,1,0,4180.61,0,0
211.69,18,0,1,0,127.26,0,0
48.34,15,0,1,1,415.73,0,0
53.49,9,0,0,0,733.85,0,0
56.81,10,0,1,0,3138.94,0,0
61.11,3,1,1,0,2821.71,0,0
30.48,14,0,0,0,4253.82,0,0
24.03,14,0,0,0,1602.97,0,0
39.13,16,0,0,0,1596.89,0,0
105.3,1,1,1,0,3029.43,0,0
102.13,17,0,0,0,825.0,0,0
26.04,16,0,0,0,2114.99,0,0
71.37,7,0,1,0,118.68,0,0
27.26,10,0,0,0,2684.58,0,0
34.26,14,0,0,0,3538.76,0,0
20.62,12,0,1,0,956.71,0,0
27.61,7,0,0,0,1416.91,0,0
126.64,6,0,1,0,636.68,0,0
36.32,17,0,1,0,2789.75,0,1
37.91,8,0,0,0,2559.89,1,0
7.79,8,0,0,0,3727.46,0,0
24.31,17,0,0,0,4368.03,0,0
26.02,14,0,0,0,4427.21,0,0
14.45,14,0,1,0,526.9,0,0
33.84,12,0,0,0,2511.46,0,0
21.56,13,0,1,0,3563.96,0,0
35.87,14,0,0,0,2982.47,0,0
37.39,20,0,0,0,4041.59,0,0
12.73,9,0,1,0,2015.65,0,1
22.23,9,0,1,0,1950.58,0,1
35.78,5,1,1,0,166.2,0,1
108.23,14,0,0,0,119.64,0,0
42.81,13,0,1,0,3132.27,0,0
17.08,7,0,0,0,2148.02,0,0
49.35,11,0,1,0,2988.03,0,0
182.65,8,0,0,0,1110.09,0,0
82.82,10,0,0,0,3890.76,0,0
57.26,19,0,0,0,4067.75,0,0
68.41,15,0,0,0,2997.22,0,0
139.76,0,1,0,0,1286.22,0,1
97.09,9,0,0,0,1011.89,0,0
58.37,1,1,1,0,2833.47,0,1
96.41,15,0,0,0,4236.46,0,0
11.23,12,0,0,1,2622.6,0,0
7.37,22,0,1,0,3784.91,0,0
38.75,16,0,0,0,2566.05,0,0
35.47,12,0,1,0,3051.98,0,0
19.22,17,0,0,0,2576.61,0,0
75.63,15,0,0,0,2610.37,1,0
5.14,9,0,0,0,3339.66,0,0
19.4,13,0,1,0,1813.29,0,1
20.39,13,0,1,0,4072.79,0,0
6.45,12,0,1,0,3892.54,0,0
147.63,8,0,0,0,3277.65,0,0
8.51,9,0,1,0,3358.25,0,0
18.39,10,0,1,0,1888.92,0,0
82.1,1,1,0,0,3754.74,0,0
63.18,18,0,0,0,4200.11,0,0
10.93,15,0,1,0,3588.41,0,0
65.53,15,0,0,0,641.95,0,0
44.25,13,0,0,0,3550.47,0,0
341.39,15,0,1,0,2117.34,0,1
49.6,21,0,0,0,2758.71,0,0
28.75,11,0,1,0,4460.66,0,0
14.06,15,0,0,0,1649.13,1,0
15.73,11,0,0,0,1600.95,0,0
14.5,18,0,0,0,1220.94,0,0
130.46,18,0,1,0,615.7,0,0
33.72,18,0,0,1,798.37,0,1
58.28,0,1,0,0,2338.5,0,1
150.54,10,0,0,0,4098.61,0,0
3.13,7,0,0,0,3654.05,0,0
118.97,12,0,1,0,862.09,0,0
35.0,12,0,0,0,2549.52,0,0
51.16,9,0,0,0,3818.81,0,0
14.46,16,0,0,0,2450.74,0,0
15.56,9,0,0,0,4105.87,0,0
53.99,18,0,0,1,4090.09,0,0
359.46,8,0,1,0,1599.69,0,1
90.32,11,0,1,0,3938.99,0,0
117.39,14,0,0,0,2653.77,0,0
27.33,14,0,1,0,2185.32,0,0
18.17,6,0,1,0,3495.48,0,0
15.17,17,0,0,0,3563.79,0,0
20.32,13,0,0,0,3055.63,0,0
4.25,18,0,1,0,3658.48,0,1
16.04,18,0,1,0,4283.84,0,1
18.91,13,0,0,0,3935.24,0,0
27.79,18,0,1,0,380.43,3,1
37.78,17,0,0,0,3832.63,0,0
47.58,19,0,0,0,3527.8,1,0
32.62,18,0,1,1,4174.0,0,0
18.51,17,0,1,0,3341.08,0,0
4.65,12,0,0,0,3956.45,0,0
18.63,9,0,0,1,95.47,0,1
12.52,18,0,1,0,4401.23,0,0
52.78,16,0,0,0,899.53,0,0
82.21,10,0,0,1,3895.82,0,0
84.65,10,0,0,0,4186.77,0,0
70.59,15,0,0,0,59.89,0,0
28.98,12,0,0,0,4115.87,0,0
19.65,6,0,0,0,3739.99,0,0
15.69,7,0,0,0,4154.74,0,0
7.33,16,0,1,0,837.13,0,0
89.29,10,0,1,1,3509.61,0,1
27.81,12,0,0,0,2219.31,0,0
9.52,16,0,0,0,1196.72,0,0
14.49,16,0,0,0,3414.96,0,0
13.92,8,0,0,0,2155.98,0,0
34.57,6,0,0,0,4054.49,0,0
96.3,13,0,0,0,3212.76,0,0
23.38,16,0,1,0,669.2,0,1
3.48,7,0,1,0,1165.9,0,0
27.41,11,0,1,0,1227.17,0,0
28.33,18,0,0,1,1581.02,0,0
26.45,19,0,1,0,3015.7,2,1
17.68,12,0,0,0,4029.78,1,0
41.16,6,0,0,1,2691.97,1,0
35.38,9,0,0,0,3395.52,1,0
32.3,9,0,1,0,1459.46,0,0
50.03,9,0,0,0,2374.97,1,0
21.55,12,0,0,1,2293.36,0,1
20.36,13,0,1,0,3169.72,1,0
131.65,7,0,0,0,2354.92,0,0
57.94,18,0,0,0,1537.43,0,0
75.71,14,0,0,0,1135.39,2,1
112.86,13,0,0,0,1183.44,1,0
56.03,21,0,0,0,4414.94,0,0
83.8,14,0,0,0,1640.77,0,0
6.83,19,0,0,1,3639.39,1,0
40.62,10,0,0,0,367.58,0,0
27.59,9,0,0,0,448.96,0,0
177.27,12,0,0,0,3103.37,0,0
83.73,12,0,0,0,2084.58,0,0
17.63,9,0,1,0,3968.2,0,1
48.08,15,0,1,0,3886.88,0,0
39.16,2,1,0,0,3412.67,0,1
52.16,15,0,0,0,3678.16,0,0
11.96,12,0,0,1,3923.74,0,1
47.47,15,0,1,0,3536.91,0,0
26.36,12,0,0,0,2394.67,0,0
43.92,20,0,1,0,1228.12,0,0
16.05,10,0,0,0,3553.85,1,0
18.45,21,0,1,0,1463.8,1,0
107.11,5,1,0,0,1139.44,0,0
11.57,15,0,0,0,813.92,0,0
12.46,12,0,0,0,2840.99,0,0
31.45,17,0,0,0,1129.03,1,0
15.3,17,0,1,0,1717.98,1,0
13.67,17,0,0,0,3205.33,0,0
36.78,6,0,0,0,3582.54,0,0
7.35,17,0,0,0,1450.7,1,0
12.09,9,0,0,0,3800.46,0,0
258.29,2,1,0,0,307.91,0,0
52.43,9,0,1,0,4437.13,1,0
15.7,12,0,0,0,1905.1,0,0
50.31,16,0,1,0,1495.74,0,0
58.4,9,0,1,0,4160.36,2,0
89.52,7,0,0,0,639.13,0,0
29.16,14,0,0,0,1642.2,0,0
87.93,21,0,1,1,1647.11,0,1
4.31,14,0,0,0,1938.41,0,0
11.52,15,0,0,0,3825.11,0,0
39.01,13,0,1,0,3829.75,0,0
46.05,17,0,0,0,2682.79,1,0
13.31,20,0,0,0,4463.33,1,0
42.92,13,0,0,0,3806.52,0,0
17.75,11,0,1,0,3080.76,0,0
25.1,18,0,0,0,937.59,0,0
92.28,20,0,0,0,2496.3,0,0
82.18,7,0,0,0,1001.88,0,0
12.22,13,0,1,0,1392.37,0,0
11.5,17,0,1,0,3102.09,0,0
21.95,13,0,0,0,870.67,0,0
32.24,11,0,0,0,454.24,0,0
17.15,14,0,0,0,2415.38,0,0
93.75,9,0,0,0,54.23,0,0
46.87,10,0,1,0,2759.67,0,1
49.7,22,0,0,1,4060.97,3,0
9.33,14,0,1,0,896.58,0,0
106.41,18,0,1,0,1753.32,0,0
1.97,17,0,0,0,4127.83,0,0
76.25,14,0,1,0,3182.23,0,0
84.29,17,0,0,1,652.15,0,0
21.49,10,0,0,0,1749.88,0,0
118.26,14,0,0,0,3414.18,0,0
31.09,13,0,1,0,3008.26,0,0
35.25,14,0,0,0,742.68,1,0
46.5,8,0,1,0,328.05,0,0
801.57,9,0,1,0,3083.41,0,1
127.03,10,0,0,0,2760.15,0,0
66.76,14,0,1,0,314.08,0,0
13.29,20,0,0,0,4387.91,0,0
38.23,19,0,0,0,1173.35,0,0
14.69,9,0,1,0,1767.8,0,0
75.35,10,0,0,0,840.31,0,0
38.11,3,1,0,0,3736.92,0,0
10.76,11,0,0,0,4333.43,1,0
35.91,17,0,0,0,999.21,0,0
14.16,18,0,0,0,1310.1,0,0
38.52,9,0,0,0,3194.0,0,0
14.03,9,0,0,0,2399.11,0,0
34.04,9,0,1,0,517.55,0,0
70.14,11,0,1,0,4182.36,0,0
31.4,17,0,0,0,2769.62,0,0
22.4,14,0,0,0,1390.6,1,0
40.58,17,0,0,0,2229.62,2,0
66.5,13,0,1,0,2276.1,0,0
10.94,9,0,0,0,2388.11,0,0
42.98,9,0,0,0,2263.01,0,0
123.66,0,1,1,0,2549.98,0,1
58.77,17,0,0,0,1800.42,0,0
35.08,17,0,0,0,700.42,2,0
62.79,16,0,0,0,3007.39,0,0
52.07,6,0,1,0,3576.56,0,1
70.36,16,0,0,0,3792.53,0,0
4.38,4,1,0,0,147.69,0,0
7.0,7,0,1,0,1850.58,0,0
90.45,12,0,1,0,4404.05,0,1
7.35,12,0,0,0,328.41,0,0
49.48,17,0,0,0,3545.72,0,0
23.29,15,0,0,0,611.2,0,0
12.23,8,0,0,0,3719.64,0,0
46.98,9,0,0,0,3041.38,0,0
40.49,10,0,0,0,3276.4,0,0
273.24,7,0,0,0,4399.08,0,0
17.73,10,0,0,0,4230.7,0,0
139.79,16,0,0,0,1404.45,0,0
47.11,9,0,0,0,1719.71,1,0
17.1,17,0,1,0,1861.96,0,0
73.64,12,0,0,0,853.56,0,0
58.31,10,0,0,0,1746.05,2,0
34.32,11,0,0,0,4406.66,0,0
43.22,15,0,0,0,2228.56,0,0
18.23,12,0,0,0,4289.07,1,0
14.5,0,1,0,0,367.99,0,1
70.77,19,0,0,0,224.82,0,0
26.47,5,1,0,0,2610.22,0,0
30.57,19,0,0,0,3326.33,2,1
43.81,2,1,0,0,1017.69,0,0
43.18,16,0,0,0,2289.95,0,0
7.93,13,0,1,0,3934.59,0,0
119.85,12,0,0,0,3439.67,0,0
37.38,6,0,0,0,1081.57,0,0
27.04,9,0,0,0,1538.4,0,0
50.95,16,0,0,0,1410.77,0,0
41.95,18,0,0,0,3251.81,0,0
71.31,13,0,0,0,4358.41,0,0
56.71,11,0,0,0,1296.35,0,0
67.89,5,1,1,0,2667.94,0,0
127.87,15,0,0,0,4449.09,0,0
80.13,9,0,1,1,751.23,0,0
28.21,5,1,1,0,2982.92,0,1
10.77,15,0,0,0,1527.35,0,0
175.53,12,0,0,0,4462.93,0,0
26.11,1,1,0,0,534.03,0,1
20.63,7,0,0,0,2058.09,0,0
5.83,15,0,0,0,1184.63,0,0
46.45,5,1,0,0,190.99,0,0
38.43,18,0,0,0,4338.01,1,0
7.28,10,0,0,0,2578.36,0,0
52.11,6,0,1,0,3168.5,1,0
20.12,16,0,0,0,2810.22,1,0
488.0,13,0,1,1,710.71,0,1
18.74,10,0,0,0,808.99,0,0
21.43,11,0,0,0,2837.68,0,0
13.81,2,1,1,1,3520.15,0,1
118.85,15,0,0,0,2769.26,0,0
22.81,11,0,1,0,2588.16,0,0
16.04,15,0,0,0,3369.53,1,0
67.15,14,0,1,0,1134.06,0,0
8.33,14,0,1,0,3305.83,0,0
61.87,17,0,0,0,1879.93,0,0
196.64,14,0,0,0,3049.52,0,0
58.36,11,0,0,0,1272.49,0,0
62.67,11,0,1,0,661.72,0,0
79.05,7,0,0,0,179.76,0,0
183.04,16,0,1,0,3625.46,0,0
111.04,16,0,0,0,926.51,0,0
51.4,9,0,1,1,1667.42,0,1
81.77,18,0,0,0,3471.4,2,1
13.65,13,0,0,0,2053.31,0,0
71.97,12,0,0,0,1018.09,0,0
12.11,1,1,0,0,916.69,0,0
22.94,11,0,0,1,1865.31,0,0
1.52,14,0,1,0,2565.03,0,0
49.47,6,0,1,0,1795.97,0,0
17.39,12,0,1,0,4075.33,1,0
100.6,22,0,0,0,67.06,0,0
48.92,15,0,0,0,1838.95,0,0
101.91,13,0,0,0,3355.62,0,0
11.21,13,0,1,0,4014.47,0,0
93.54,4,1,0,1,1644.89,0,1
272.01,19,0,0,0,3047.47,0,0
71.11,19,0,0,0,2632.55,0,0
72.99,15,0,1,0,946.82,1,0
39.24,6,0,0,0,3080.2,0,0
19.6,8,0,0,0,1160.56,0,0
70.89,8,0,0,0,3538.39,0,0
7.34,12,0,0,0,3903.26,0,0
21.81,8,0,1,0,2178.98,1,1
5.63,15,0,0,0,290.85,0,0
16.38,13,0,1,0,3331.22,0,1
62.93,1,1,0,0,2129.11,3,0
54.89,16,0,0,0,470.61,2,0
34.85,8,0,0,0,1523.56,1,0
39.27,17,0,1,0,1343.35,0,0
5.02,11,0,1,0,3282.3,0,1
22.82,10,0,0,0,1937.1,0,0
16.75,1,1,0,0,2662.36,1,0
17.13,21,0,1,0,2279.89,3,0
60.31,14,0,1,0,3272.94,0,0
14.01,11,0,0,0,3245.33,0,0
18.09,6,0,1,0,2047.11,0,0
4.11,15,0,0,0,650.9,0,0
24.68,10,0,0,0,1865.05,0,0
11.16,21,0,1,0,762.6,0,0
35.84,19,0,0,0,4318.25,0,0
12.79,16,0,1,0,4278.14,0,0
36.76,20,0,1,0,2082.25,1,0
28.65,7,0,1,0,172.94,2,1
176.27,9,0,0,0,1717.16,0,0
54.45,9,0,0,0,4033.17,0,0
5.26,6,0,0,0,1331.69,0,0
9.35,20,0,0,0,2817.81,0,0
35.0,5,1,1,0,868.52,0,1
13.07,18,0,0,0,3721.98,0,0
1.7,16,0,1,1,4018.94,1,0
127.68,11,0,0,0,2787.28,0,0
68.05,1,1,0,0,2825.74,0,0
55.76,0,1,0,0,1734.59,0,0
18.04,8,0,0,0,3196.56,2,0
50.79,12,0,0,0,2179.15,0,0
16.37,12,0,0,0,3367.42,0,0
40.64,13,0,1,0,4359.88,0,1
13.19,16,0,0,0,3709.57,0,1
150.85,11,0,0,0,2352.12,0,0
6.89,8,0,1,0,4406.05,0,1
113.55,17,0,1,0,2751.52,0,0
34.43,10,0,0,0,338.68,0,0
20.3,10,0,0,1,3300.14,0,0
39.13,16,0,0,0,3699.28,0,0
68.95,19,0,0,0,650.04,1,0
129.9,18,0,0,0,3072.84,0,0
45.29,7,0,0,0,4148.08,0,0
13.59,12,0,1,1,1168.85,0,0
35.01,6,0,0,0,2653.29,0,0
203.73,20,0,1,0,1271.92,0,0
127.44,9,0,0,0,3496.11,0,0
82.17,8,0,1,0,2633.94,0,0
73.38,18,0,1,1,1954.94,0,0
66.65,20,0,1,0,179.0,0,1
105.5,15,0,0,0,4254.36,0,0
20.98,7,0,1,0,2264.94,0,1
8.54,12,0,0,0,3628.29,1,0
35.48,17,0,0,0,1793.93,0,0
14.62,13,0,1,0,3828.51,0,0
11.53,7,0,1,0,762.17,0,0
16.11,8,0,0,0,1080.15,0,0
397.55,18,0,1,0,1533.59,0,1
37.94,13,0,0,0,444.25,0,0
47.56,15,0,0,0,2025.09,0,0
9.75,11,0,0,0,2212.36,0,0
5.24,13,0,0,0,560.86,0,0
14.6,20,0,0,0,1950.59,0,0
139.52,10,0,0,0,927.97,0,0
46.26,15,0,1,0,3944.69,0,0
60.26,8,0,1,0,2316.36,0,0
69.31,7,0,0,0,4286.25,0,0
18.33,17,0,0,0,1569.37,0,0
132.68,17,0,0,0,1569.21,0,0
17.59,15,0,1,0,1557.27,0,0
135.13,8,0,1,0,1243.87,0,0
51.54,9,0,0,1,3539.85,0,0
5.53,18,0,1,0,1308.2,1,0
15.67,10,0,1,0,1331.66,1,0
5.56,17,0,0,0,258.69,0,0
105.98,10,0,0,0,4345.86,0,0
32.31,19,0,0,0,3994.01,0,0
3.57,18,0,0,0,1351.67,0,0
48.22,4,1,0,0,2367.42,0,0
19.35,16,0,0,0,2198.22,0,0
7.51,8,0,0,1,440.28,0,0
177.32,9,0,0,0,2413.83,0,0
36.87,12,0,0,0,554.3,0,0
24.69,13,0,1,1,1981.7,0,1
22.21,10,0,1,0,440.73,0,1
7.29,13,0,1,1,2670.68,0,1
8.98,8,0,1,0,268.09,0,0
119.69,2,1,0,0,2846.51,0,1
20.62,13,0,0,0,3197.12,0,0
33.85,12,0,0,0,2590.34,2,0
4.29,15,0,0,1,2139.23,0,0
8.86,14,0,0,0,320.53,0,0
60.94,18,0,0,0,100.52,0,0
48.31,12,0,1,0,1573.82,0,0
191.21,0,1,0,0,3482.07,0,1
126.84,14,0,0,0,2930.39,0,0
26.29,15,0,1,0,607.5,0,0
53.14,13,0,0,0,3111.33,0,0
24.13,15,0,0,0,2608.37,0,0
258.48,10,0,0,0,791.92,1,0
104.48,7,0,0,0,3411.09,0,0
39.24,15,0,0,0,3744.86,0,0
40.46,9,0,0,0,1084.88,0,0
140.45,12,0,0,0,2879.69,0,0
59.12,12,0,1,0,1732.69,0,0
157.37,12,0,1,1,310.15,1,0
3.69,13,0,0,0,3883.02,0,0
52.52,2,1,0,0,3702.31,1,0
19.78,21,0,1,0,1464.84,0,0
191.79,15,0,1,0,2415.2,0,0
155.46,11,0,0,0,2330.04,0,0
34.22,8,0,0,0,839.69,0,0
153.8,6,0,0,0,698.25,0,0
196.98,15,0,0,0,3806.99,0,0
35.67,10,0,0,0,3909.74,0,0
392.26,9,0,1,0,3277.05,0,1
32.09,11,0,1,0,373.81,0,0
26.72,13,0,1,0,4095.68,0,0
78.72,15,0,0,0,4414.35,0,0
23.25,14,0,0,0,3501.48,0,0
36.07,18,0,0,0,1622.69,0,0
135.56,9,0,0,0,1855.7,0,0
33.76,14,0,0,0,3919.88,0,0
6.08,7,0,0,0,1296.83,0,0
47.81,13,0,0,0,681.27,0,0
16.51,13,0,1,0,3711.48,0,1
78.67,9,0,0,0,910.33,0,0
66.43,11,0,0,0,4087.48,0,0
144.23,17,0,1,0,2700.79,1,0
82.07,7,0,1,0,2521.4,0,0
98.52,12,0,0,0,3502.08,0,0
16.96,19,0,0,0,123.27,0,0
73.99,12,0,1,0,3225.25,0,0
237.09,16,0,0,0,2713.3,0,0
16.63,17,0,1,0,2380.82,0,0
200.28,8,0,0,1,1017.1,0,1
19.12,9,0,0,0,3740.98,0,0
14.13,16,0,0,0,1165.39,0,0
44.53,16,0,0,0,2229.49,0,0
67.76,5,1,1,0,753.46,0,0
82.41,10,0,0,0,4383.01,0,0
12.66,11,0,0,1,915.67,0,1
51.14,17,0,0,0,3624.32,0,0
16.68,11,0,1,0,1220.7,0,0
7.47,19,0,1,0,1189.39,0,0
13.08,22,0,0,0,1926.61,0,0
15.63,17,0,1,0,3814.02,0,0
55.79,15,0,0,0,3109.63,0,0
104.82,11,0,0,0,3928.78,0,0
7.59,5,1,0,0,260.09,1,0
47.09,13,0,0,0,4302.83,0,0
10.21,11,0,1,0,393.26,1,1
62.12,11,0,0,0,3258.74,0,0
17.77,15,0,1,0,971.92,0,0
11.57,12,0,1,0,3791.76,0,0
73.68,16,0,0,0,3887.51,0,0
18.41,11,0,0,0,2503.06,0,0
24.14,8,0,1,0,1842.77,0,0
3.6,12,0,0,0,3580.5,1,0
85.33,19,0,1,0,3939.44,0,0
75.26,17,0,0,0,3335.26,0,0
33.3,8,0,1,0,4085.78,0,0
7.19,11,0,1,0,2838.07,0,1
110.98,19,0,1,0,3033.6,0,1
17.01,7,0,0,0,2594.79,0,0
21.04,9,0,0,0,2222.32,0,0
334.3,9,0,0,0,2964.13,0,0
16.38,13,0,0,0,2547.14,0,0
69.56,11,0,0,0,3304.02,3,0
58.1,6,0,1,0,4207.34,1,0
48.92,14,0,0,0,1710.06,0,0
43.9,6,0,0,0,1879.7,0,0
48.25,14,0,1,1,116.9,2,1
43.46,12,0,1,0,2395.3,2,0
31.44,12,0,1,0,634.73,0,0
150.1,5,1,1,0,3236.2,0,0
8.91,14,0,1,0,3519.16,0,1
91.97,12,0,0,0,3266.2,0,0
75.36,11,0,1,0,2482.57,0,0
66.58,13,0,0,0,2427.27,0,0
101.19,14,0,0,0,2927.17,0,0
30.19,1,1,1,0,2518.42,0,0
5.11,7,0,0,0,3388.79,1,0
30.81,9,0,0,1,4030.65,0,1
12.29,15,0,0,0,2435.78,0,0
15.93,13,0,0,0,541.02,0,0
9.56,16,0,0,0,633.1,0,0
20.55,16,0,1,0,1722.84,0,0
18.24,18,0,0,0,2258.5,0,0
3.07,11,0,1,0,1051.47,0,0
66.7,10,0,0,0,2064.74,0,0
305.0,17,0,0,0,654.02,0,0
60.72,9,0,1,1,1121.69,0,0
27.03,12,0,0,0,3316.12,0,0
31.35,8,0,0,0,4435.79,0,0
21.74,18,0,0,0,878.6,0,0
36.24,11,0,0,0,1558.98,0,0
31.91,9,0,0,0,1610.56,0,0
14.28,15,0,0,0,1043.8,0,0
178.2,9,0,0,0,958.05,0,0
7.48,19,0,0,0,636.04,0,0
67.92,11,0,1,0,4088.44,0,1
29.93,15,0,0,1,2939.71,0,0
221.59,10,0,1,0,1342.58,0,0
46.57,17,0,0,0,1198.52,0,0
23.11,18,0,1,0,2674.27,0,0
25.85,17,0,0,0,3152.64,0,0
34.46,17,0,0,0,1175.89,0,0
10.56,7,0,0,0,1594.87,0,0
15.38,19,0,0,0,1343.22,0,0
5.56,14,0,1,0,440.3,0,0
13.16,18,0,0,0,1770.05,0,0
36.38,15,0,0,0,2424.57,0,0
44.71,8,0,1,0,2966.38,0,1
4.58,14,0,0,0,1904.48,0,0
28.87,6,0,0,1,4426.0,0,0
58.17,15,0,0,0,2834.98,0,0
28.14,11,0,0,0,3995.3,0,0
17.57,8,0,0,0,4126.15,0,1
21.93,20,0,1,1,3705.23,0,1
19.28,18,0,0,0,1251.44,2,0
17.52,18,0,0,0,1969.18,0,0
39.4,17,0,1,0,51.71,0,0
332.85,15,0,1,0,2058.76,0,0
15.74,14,0,0,0,1357.2,0,0
24.09,7,0,0,0,547.94,0,0
31.45,18,0,0,0,3781.72,0,0
16.65,18,0,1,0,3046.84,0,1
99.31,16,0,1,0,4496.01,0,0
3.09,19,0,0,0,2267.83,0,0
19.47,13,0,1,0,1521.64,1,0
75.06,12,0,0,0,1223.96,0,0
24.68,20,0,1,0,1987.36,0,0
14.57,12,0,1,0,1428.93,0,0
51.46,14,0,1,0,4458.88,1,0
81.97,11,0,1,1,863.43,0,1
40.88,14,0,0,0,135.13,0,0
14.86,16,0,0,0,628.5,0,0
52.26,14,0,0,0,4017.32,0,0
22.15,12,0,1,1,3137.94,0,1
69.77,10,0,1,0,3538.68,0,1
145.95,14,0,0,0,1476.1,0,0
2.45,18,0,0,0,2821.03,0,0
37.01,0,1,0,0,3200.15,1,1
5.84,7,0,0,0,1502.55,0,0
380.62,7,0,0,0,3274.15,0,1
20.74,19,0,1,0,2851.98,0,1
69.85,15,0,0,0,1368.25,0,0
31.97,19,0,0,0,285.21,1,0
14.83,13,0,0,0,1108.5,0,0
13.17,12,0,1,0,2806.94,0,0
161.69,17,0,1,0,2715.69,0,1
86.14,8,0,0,0,2309.04,0,0
231.27,11,0,0,0,1169.06,0,0
35.0,12,0,0,1,2028.19,0,0
44.16,10,0,1,0,690.99,0,0
25.35,11,0,1,0,2997.6,0,0
24.85,6,0,1,0,3917.76,0,0
11.68,8,0,0,1,2113.4,0,0
36.02,10,0,0,0,997.84,0,0
15.04,17,0,0,0,3734.09,2,1
51.52,8,0,0,0,1443.2,0,0
39.25,10,0,1,0,2693.16,0,0
44.15,5,1,0,0,385.63,0,0
176.82,13,0,0,0,3244.82,0,0
31.89,14,0,0,0,2099.99,0,0
70.58,18,0,1,0,1933.9,0,1
257.63,17,0,1,0,4210.02,0,0
122.32,10,0,0,0,2237.13,0,0
104.92,7,0,0,0,124.54,0,0
24.37,8,0,0,0,4321.2,3,1
41.66,20,0,0,0,104.35,0,0
8.86,15,0,1,0,2434.62,0,1
54.54,4,1,1,0,2869.51,0,1
43.57,7,0,1,0,4030.45,0,0
33.9,12,0,1,0,3072.5,0,0
92.5,8,0,1,0,3659.54,0,0
9.9,17,0,0,0,3476.16,0,0
169.84,13,0,1,0,1000.23,0,0
81.59,14,0,0,0,3167.08,0,0
30.86,12,0,0,0,2887.24,0,0
28.54,9,0,0,0,1135.67,1,0
53.55,13,0,0,0,621.07,0,0
151.54,15,0,1,0,3394.8,0,0
36.66,11,0,0,0,4371.51,0,0
38.25,12,0,0,0,3336.08,2,1
33.72,17,0,0,1,3385.05,0,0
196.77,7,0,1,0,791.84,0,1
22.9,13,0,1,0,1149.4,0,1
32.15,10,0,1,0,2656.64,0,0
143.08,15,0,0,0,189.87,0,0
38.36,1,1,0,0,3022.26,0,0
103.24,15,0,0,0,694.41,0,0
13.31,7,0,1,1,1889.61,0,1
26.97,5,1,1,0,1474.84,0,1
146.12,16,0,1,0,523.73,0,0
16.84,14,0,0,0,2625.53,0,0
28.47,18,0,1,0,1657.54,0,1
42.81,12,0,0,0,245.73,0,0
12.32,13,0,0,0,2027.67,0,0
21.89,15,0,1,0,2676.65,0,0
37.06,10,0,0,0,630.34,0,0
34.7,3,1,1,0,2653.22,0,1
119.15,9,0,0,0,1394.01,0,0
154.7,9,0,0,0,1205.43,0,0
14.07,10,0,0,0,3589.9,1,0
37.01,19,0,0,0,2131.45,1,0
64.99,17,0,1,0,1731.76,0,0
150.86,19,0,0,0,3667.95,0,0
67.93,22,0,0,0,4101.03,0,0
44.3,12,0,0,0,1452.12,0,0
64.49,9,0,0,0,274.27,0,0
64.96,13,0,0,1,2456.19,1,0
13.1,18,0,0,0,3232.43,0,0
40.16,12,0,0,0,2665.67,0,0
142.47,12,0,0,0,3111.85,0,0
26.91,7,0,1,1,2927.92,0,0
37.69,11,0,0,0,4304.18,0,0
25.98,11,0,1,0,3903.34,0,0
3.27,11,0,0,1,636.7,0,0
33.8,18,0,0,0,2064.09,1,0
44.78,5,1,1,0,2073.72,1,1
19.84,20,0,0,0,2080.69,0,0
10.44,0,1,0,0,4191.63,0,0
13.73,19,0,0,0,1506.01,0,0
71.11,13,0,1,0,2783.52,0,0
238.06,15,0,0,0,4038.59,0,0
131.95,8,0,0,0,274.9,0,0
8.63,14,0,0,0,3959.57,1,0
77.84,18,0,0,0,3454.07,0,0
17.06,7,0,1,0,975.03,0,0
18.5,7,0,1,0,1498.53,0,0
20.86,10,0,0,0,1432.11,0,0
67.09,8,0,0,0,1034.81,0,0
86.42,7,0,0,0,2891.42,0,0
30.02,15,0,0,0,4423.59,3,1
30.54,9,0,1,0,791.42,0,1
52.68,15,0,0,0,1083.24,1,0
58.44,18,0,1,0,1342.16,0,0
107.36,14,0,0,0,4222.19,3,0
9.17,7,0,1,0,2834.91,0,0
33.79,13,0,0,0,996.37,0,0
11.38,11,0,1,0,3627.75,3,1
31.47,10,0,0,0,4156.78,0,0
26.41,10,0,0,0,1845.32,0,0
31.6,19,0,1,0,819.04,3,1
14.88,16,0,1,0,1429.13,1,0
7.48,7,0,0,0,1016.16,0,0
4.08,12,0,0,0,946.35,0,0
29.04,10,0,0,0,810.01,0,0
21.52,20,0,1,0,3948.41,0,0
16.85,20,0,0,0,432.2,0,0
124.28,10,0,0,0,1889.41,0,0
14.02,11,0,1,0,115.57,0,1
136.57,13,0,0,0,1355.61,0,0
167.98,12,0,0,0,3195.86,0,0
4.71,9,0,0,1,952.62,0,1
36.32,15,0,1,0,4494.35,0,0
22.2,10,0,0,0,264.93,0,0
1.8,14,0,0,0,657.35,0,0
7.81,11,0,0,0,3551.62,1,0
71.88,15,0,0,0,4393.19,0,0
249.44,15,0,0,0,4295.36,0,0
81.67,12,0,0,0,3602.15,0,0
45.77,15,0,1,0,4379.79,0,0
32.42,12,0,0,0,3791.54,0,0
178.16,7,0,0,0,308.21,0,0
283.79,8,0,0,0,3813.07,0,0
18.41,9,0,0,0,2202.82,0,0
4.48,5,1,0,0,2082.55,0,1
4.06,15,0,1,0,61.25,0,0
124.2,11,0,0,0,2810.14,0,0
31.59,6,0,0,0,3038.66,0,0
39.78,17,0,0,0,3568.68,0,0
5.53,15,0,0,0,1500.49,0,0
15.59,12,0,0,0,620.19,0,0
24.64,9,0,0,0,2007.33,0,0
40.77,8,0,0,0,1662.18,0,0
22.23,12,0,1,1,3401.44,0,0
11.74,18,0,1,0,1071.0,0,0
15.11,8,0,0,0,664.86,0,0
110.87,13,0,0,0,2008.83,0,0
42.3,20,0,1,0,2844.55,0,0
61.08,14,0,0,0,1300.44,2,0
13.48,12,0,0,0,559.23,0,0
1.73,15,0,0,0,2004.07,0,0
19.63,17,0,0,0,4330.35,0,0
13.92,13,0,0,0,4354.55,0,0
46.95,18,0,0,0,3203.65,0,0
885.12,12,0,0,0,3508.33,0,0
66.36,17,0,1,0,955.62,0,0
510.79,19,0,0,1,1717.21,0,0
58.48,12,0,0,0,2741.16,0,0
17.64,14,0,0,0,3389.35,0,0
46.9,14,0,0,0,791.48,0,0
196.5,17,0,0,0,2086.45,1,0
206.35,17,0,0,0,774.26,0,0
18.63,2,1,0,1,2868.45,0,1
42.66,16,0,0,0,3486.12,0,0
7.93,17,0,1,0,3758.22,0,0
75.54,15,0,0,0,3309.02,0,0
156.55,15,0,0,0,758.2,0,0
34.46,4,1,1,0,3736.43,1,1
16.99,12,0,1,0,1538.14,0,0
47.47,17,0,1,0,3769.16,0,1
50.27,19,0,1,0,1166.51,0,0
35.91,9,0,0,1,2166.88,0,0
39.6,13,0,0,0,2615.74,1,0
27.83,17,0,1,0,204.51,0,1
89.65,16,0,0,0,4071.44,0,0
69.15,14,0,0,1,2326.37,1,1
12.39,1,1,0,0,904.59,1,0
12.05,16,0,0,0,765.61,1,1
25.68,16,0,0,0,3105.14,0,0
69.19,16,0,0,0,413.71,0,0
38.4,16,0,0,1,2007.21,0,0
17.41,12,0,1,0,2454.23,0,0
43.01,22,0,1,0,1087.43,0,1
23.79,16,0,0,0,624.94,0,0
79.88,13,0,0,0,2233.64,0,0
46.2,19,0,0,0,1564.46,0,0
24.16,18,0,0,0,674.08,0,0
41.74,17,0,0,0,986.16,2,0
123.35,13,0,0,0,2145.68,0,0
18.73,13,0,0,0,642.07,0,0
49.53,10,0,0,0,4215.73,1,0
30.86,9,0,0,0,3500.78,0,0
50.75,12,0,1,1,1498.73,1,0
17.21,13,0,0,0,1199.68,0,0
36.98,9,0,0,1,3940.62,0,0
100.27,19,0,1,0,1949.83,0,0
12.97,13,0,1,0,3889.09,0,0
8.76,13,0,0,0,3353.93,0,0
9.1,12,0,0,0,459.93,0,0
10.27,5,1,0,1,3670.54,0,1
60.06,18,0,0,0,2452.47,0,0
8.12,10,0,0,1,3065.32,0,0
24.58,14,0,0,1,1024.57,2,1
61.45,14,0,1,0,51.2,0,0
50.23,13,0,0,0,1534.91,0,0
22.52,13,0,1,0,898.29,0,0
40.08,8,0,0,0,1986.71,0,0
36.86,10,0,0,0,454.5,0,0
26.46,13,0,0,0,4032.96,1,0
26.82,17,0,0,0,578.32,0,0
309.65,12,0,0,0,3450.62,0,0
74.39,8,0,0,0,4229.99,0,0
395.7,6,0,0,0,709.62,1,0
20.15,15,0,0,0,1591.82,0,0
30.42,11,0,0,0,3303.23,0,0
8.74,7,0,0,0,3229.36,2,0
14.74,15,0,0,0,216.41,0,0
221.83,8,0,0,0,364.59,0,0
19.65,12,0,0,0,584.62,0,0
225.72,10,0,0,0,2577.7,0,0
9.55,19,0,0,0,294.94,0,0
11.55,9,0,0,0,2668.42,0,0
23.54,11,0,1,0,1573.96,0,1
31.07,19,0,0,0,3028.88,0,0
83.35,10,0,0,0,3530.09,0,0
51.98,14,0,0,1,3571.73,1,0
21.84,10,0,1,0,217.47,0,0
28.98,7,0,0,0,4265.02,0,0
24.07,14,0,0,0,2660.58,0,0
13.27,18,0,1,0,4035.86,0,0
13.63,12,0,0,0,2787.4,0,0
92.56,14,0,0,0,2204.32,0,0
5.32,14,0,0,0,3297.29,0,0
166.89,11,0,0,0,1026.42,0,0
23.5,14,0,0,0,509.36,0,0
15.29,9,0,0,0,452.72,0,0
69.39,11,0,0,0,3828.66,0,0
146.24,12,0,0,1,4110.38,0,0
101.25,18,0,1,0,3674.14,0,0
54.7,10,0,1,0,4074.73,0,0
98.19,14,0,0,0,4432.25,0,0
5.95,9,0,0,0,2390.96,0,0
19.65,9,0,1,1,734.77,0,1
13.31,14,0,0,0,2755.27,0,0
112.69,16,0,1,0,1624.83,0,0
22.57,12,0,0,0,1591.7,3,0
77.12,10,0,1,0,3288.75,0,0
56.59,18,0,0,0,453.4,0,0
13.98,7,0,0,0,217.02,0,0
18.41,16,0,0,0,3143.97,0,0
120.76,15,0,0,0,1210.25,0,0
15.25,15,0,1,0,1765.48,0,0
37.52,19,0,1,0,1418.97,0,0
15.14,16,0,1,0,2786.04,0,0
24.19,10,0,0,0,737.59,0,0
31.62,11,0,1,0,3256.62,0,1
15.14,11,0,0,0,4165.92,0,0
12.67,3,1,1,0,3770.68,0,0
44.09,18,0,0,0,4086.31,0,0
14.23,6,0,0,0,4219.97,0,0
14.72,15,0,1,0,1706.89,0,0
12.95,16,0,1,0,3591.04,1,0
30.63,17,0,1,0,2251.97,0,0
85.09,13,0,0,0,1250.49,0,0
149.39,16,0,1,0,3373.63,0,1
16.02,10,0,0,0,1136.37,1,0
284.38,16,0,0,0,537.81,0,0
12.13,10,0,0,0,3185.56,0,0
97.86,18,0,1,0,1329.62,0,0
16.09,8,0,0,0,1411.34,0,0
13.86,10,0,0,0,3971.0,0,0
15.72,12,0,0,0,653.15,0,0
31.42,16,0,1,0,3453.56,0,0
59.14,16,0,0,0,1768.65,0,0
64.71,9,0,0,0,4023.9,0,0
12.88,7,0,0,0,2009.53,0,0
12.31,10,0,0,0,1870.15,0,0
13.24,12,0,0,0,1962.9,0,0
29.63,13,0,1,0,3777.72,0,0
26.84,11,0,0,1,96.77,0,1
12.8,15,0,0,0,3186.64,1,0
43.36,11,0,0,0,963.32,0,0
318.16,19,0,0,0,3975.46,0,0
19.99,9,0,0,0,1722.87,0,0
21.47,14,0,1,0,1558.35,0,0
57.95,14,0,0,0,3221.18,1,0
18.94,10,0,0,0,3264.9,1,0
64.65,11,0,0,0,2870.01,0,0
16.14,11,0,0,0,1517.65,0,0
206.88,8,0,0,0,2766.07,0,0
46.75,12,0,1,0,291.48,0,1
17.81,11,0,0,1,4300.55,0,1
18.38,8,0,0,0,2064.57,0,0
19.81,12,0,1,0,1404.93,0,0
130.68,11,0,1,0,3880.47,0,0
9.31,7,0,0,0,1492.57,0,0
16.98,7,0,0,0,4487.42,0,0
18.88,14,0,0,0,3123.17,0,0
32.6,15,0,1,1,2940.62,0,1
25.25,19,0,0,0,725.76,0,0
7.45,6,0,0,0,2763.89,0,0
22.2,7,0,1,0,740.31,0,1
29.98,5,1,0,0,3537.04,0,0
17.67,13,0,0,0,665.89,0,0
65.81,14,0,0,0,1646.81,0,0
83.05,11,0,0,0,2171.46,0,0
30.62,17,0,1,0,3633.11,0,0
41.7,15,0,0,0,2865.78,0,0
3.82,21,0,0,0,3378.45,0,0
21.73,7,0,1,0,1135.68,0,1
90.45,5,1,0,0,1105.82,0,0
21.68,9,0,0,0,1743.76,1,0
15.84,1,1,0,0,133.13,0,1
323.01,19,0,1,0,3746.63,1,1
204.2,10,0,1,0,1696.36,0,0
52.86,13,0,0,0,350.61,0,0
103.43,10,0,0,0,3931.36,0,0
3.58,9,0,1,1,4356.83,2,1
15.07,8,0,0,0,2927.3,0,0
20.7,10,0,0,0,1636.82,2,1
26.15,14,0,0,1,1891.22,0,0
20.29,20,0,1,1,1189.89,0,1
2.59,13,0,1,0,3215.18,0,1
48.72,13,0,1,0,1634.52,0,1
57.03,3,1,1,0,194.55,0,0
164.33,17,0,1,0,255.42,1,0
15.05,4,1,0,0,2785.64,0,1
13.87,18,0,0,0,1342.21,0,0
2.27,13,0,1,0,800.23,0,0
24.69,8,0,0,0,2508.02,0,0
81.54,12,0,1,0,1289.04,1,0
17.96,22,0,1,0,376.34,0,0
282.43,10,0,0,0,911.44,0,0
25.62,9,0,0,0,3511.68,0,0
38.36,7,0,0,0,3841.45,0,0
8.47,13,0,0,0,3931.06,0,0
44.13,6,0,1,0,2430.01,0,0
4.58,16,0,0,0,4281.73,1,0
66.27,18,0,1,0,724.93,0,1
68.34,19,0,0,0,3068.68,0,0
128.93,7,0,1,0,3183.96,0,0
11.94,13,0,0,0,286.68,0,0
38.88,6,0,0,0,1306.89,0,0
58.2,13,0,0,0,4273.26,0,0
51.54,17,0,0,0,3427.68,0,0
13.94,13,0,0,0,293.39,1,0
3.03,18,0,1,0,2456.53,0,1
46.85,17,0,0,0,2936.37,0,0
28.43,9,0,0,0,4380.22,0,0
18.79,14,0,1,0,3238.13,0,0
71.09,0,1,1,0,2892.01,0,0
31.66,11,0,0,0,4092.95,0,0
8.85,9,0,0,0,2991.17,0,0
4.8,19,0,0,0,4197.94,0,0
10.71,11,0,0,0,2242.85,0,0
362.5,14,0,0,0,3247.61,3,0
68.22,16,0,0,0,2861.31,0,0
39.99,16,0,0,0,2508.74,0,0
27.61,16,0,0,1,1492.22,0,1
25.86,10,0,0,0,4071.81,0,0
106.4,15,0,0,0,1251.7,0,0
20.28,13,0,0,0,759.28,0,0
58.96,13,0,0,0,3218.62,0,0
23.37,0,1,0,0,2482.16,0,0
230.48,9,0,0,0,1219.73,0,0
69.57,19,0,1,0,3922.87,0,0
115.07,10,0,0,0,1323.62,0,0
18.46,12,0,1,0,333.83,0,0
95.41,8,0,0,0,118.38,0,0
24.23,7,0,0,0,4156.7,0,0
36.97,8,0,0,0,1839.69,1,0
169.87,13,0,0,0,1000.03,1,0
11.67,18,0,0,0,2573.6,0,0
40.58,10,0,0,0,2221.09,0,0
51.32,10,0,0,0,4499.3,0,0
55.7,13,0,0,0,4003.85,0,0
21.1,11,0,0,1,1256.41,0,1
266.74,18,0,0,0,3154.81,0,0
9.07,11,0,1,0,1772.93,0,0
142.43,12,0,0,0,1671.75,3,1
111.62,13,0,0,0,1683.63,0,0
221.6,17,0,1,0,2894.69,0,0
6.77,13,0,0,0,2444.03,0,0
13.89,9,0,1,0,3409.97,0,0
147.22,7,0,0,0,730.79,3,1
5.07,19,0,0,0,1943.15,0,0
6.64,17,0,0,0,3878.44,0,0
20.32,2,1,0,0,64.08,0,0
40.12,17,0,0,0,2824.54,0,0
162.75,13,0,0,0,3546.53,0,0
27.52,12,0,0,0,1758.15,0,0
18.03,1,1,0,0,3982.09,0,0
45.21,17,0,0,0,3323.83,0,0
52.96,8,0,1,0,2746.91,0,1
51.48,16,0,0,0,932.54,0,0
27.72,1,1,1,1,3031.96,0,1
4.69,17,0,0,0,3760.26,0,0
13.23,2,1,0,0,3298.1,0,0
137.04,9,0,0,0,2608.11,0,0
39.93,9,0,1,0,3229.87,0,0
23.99,8,0,1,0,4397.15,0,0
101.31,12,0,0,0,98.08,0,0
10.7,10,0,0,0,3004.48,0,0
26.43,22,0,0,1,3578.82,0,0
38.01,13,0,0,0,2893.07,0,0
21.3,13,0,0,0,1265.26,0,0
36.63,9,0,1,0,3711.27,0,0
27.45,11,0,0,0,4114.18,0,0
8.17,7,0,1,0,3091.6,0,0
39.71,16,0,0,0,2324.06,0,0
8.77,10,0,1,0,1680.13,2,0
39.08,16,0,0,0,1518.75,1,0
130.86,11,0,0,0,3268.36,0,0
25.0,21,0,0,0,2751.7,0,0
10.26,8,0,0,0,747.99,0,0
29.17,0,1,0,1,677.88,0,1
14.41,13,0,1,0,366.39,0,1
60.01,19,0,1,0,3091.63,0,0
28.56,14,0,0,0,1448.92,0,0
183.05,6,0,0,0,140.08,0,0
105.95,13,0,1,0,1552.73,1,0
28.42,18,0,0,0,3752.92,0,0
67.74,0,1,1,0,1152.1,1,0
22.35,8,0,0,0,2869.29,0,0
34.26,17,0,1,0,2006.54,0,0
23.07,18,0,0,0,2492.59,0,0
71.27,15,0,0,0,2701.19,0,0
138.79,22,0,0,0,2073.91,0,0
73.6,6,0,1,0,307.46,0,1
83.26,13,0,0,0,2576.24,0,0
83.35,15,0,1,0,1818.99,0,0
57.47,15,0,0,0,939.47,0,0
10.6,17,0,1,0,4039.46,0,0
181.45,18,0,0,0,3325.5,0,0
201.22,11,0,0,0,1314.1,0,0
26.21,4,1,1,0,2448.36,0,1
22.86,11,0,1,0,4335.85,0,0
61.09,15,0,0,0,1142.3,0,0
57.44,9,0,1,1,4265.86,0,1
27.06,17,0,0,0,3090.96,2,0
9.49,9,0,0,0,2456.72,0,0
44.96,1,1,0,0,4425.27,0,0
57.48,12,0,0,0,1535.0,0,0
68.43,16,0,0,0,1288.13,0,0
46.96,10,0,0,0,1561.19,0,0
25.25,16,0,0,0,3391.32,0,0
89.48,12,0,0,1,1549.68,0,0
35.37,8,0,0,0,507.29,2,0
20.8,6,0,0,0,2917.19,0,0
27.64,15,0,0,0,1042.28,0,0
5.78,11,0,0,0,68.53,0,0
27.6,18,0,1,1,936.25,1,0
65.92,13,0,0,0,3695.2,0,0
46.52,10,0,1,0,4234.1,0,0
151.51,10,0,0,0,2995.69,0,0
25.46,7,0,0,0,1431.68,0,0
53.91,13,0,0,0,1992.41,0,0
73.17,13,0,0,0,915.74,0,0
344.76,17,0,1,1,3969.46,0,1
38.27,8,0,0,0,3011.84,0,0
11.66,10,0,0,0,425.64,0,0
77.32,6,0,0,0,1682.85,0,0
213.95,10,0,0,0,2444.2,0,0
23.99,11,0,1,0,3598.12,1,0
76.79,20,0,0,0,4146.25,0,0
113.15,14,0,0,1,640.4,0,1
91.57,17,0,1,0,3763.77,0,1
37.55,10,0,0,0,342.74,0,0
16.47,7,0,0,0,1120.18,0,0
30.53,9,0,0,0,143.5,0,1
52.38,9,0,0,0,334.04,2,0
82.12,13,0,0,1,194.27,0,0
46.24,10,0,0,0,699.73,0,0
22.65,18,0,1,0,3950.55,0,0
57.71,21,0,1,0,1313.03,1,1
78.26,10,0,0,0,2184.73,0,0
48.41,15,0,0,0,2217.67,0,0
14.35,14,0,0,0,4478.92,2,0
27.62,8,0,0,0,1672.79,0,0
85.44,18,0,0,0,1229.69,0,0
8.31,8,0,1,0,4336.44,0,0
4.08,16,0,0,0,2686.74,0,0
149.62,10,0,1,0,1338.19,0,0
55.22,11,0,0,0,1329.31,0,0
60.75,12,0,0,0,434.31,0,0
11.28,18,0,1,0,2528.07,0,1
69.24,7,0,0,0,3270.41,0,0
43.61,5,1,1,0,2162.48,0,0
6.79,11,0,0,0,3985.74,0,0
137.59,5,1,0,0,2203.64,0,1
38.81,15,0,1,0,1591.29,0,0
22.29,16,0,0,0,1165.98,0,0
22.69,18,0,0,0,1132.66,0,0
4.41,16,0,0,0,1458.49,0,0
59.94,18,0,0,1,4464.29,0,0
43.03,16,0,0,0,1655.68,0,0
27.27,19,0,1,0,2384.47,0,1
118.92,8,0,1,0,1272.3,0,0
8.3,12,0,0,0,688.73,0,0
18.23,22,0,0,0,2923.96,0,0
14.15,15,0,0,0,2476.23,1,0
25.06,18,0,1,0,351.83,0,0
35.43,3,1,0,0,3978.4,0,0
50.91,18,0,0,0,2309.31,0,0
23.41,15,0,0,0,1542.17,0,0
13.77,8,0,1,0,3518.15,0,0
178.75,2,1,0,0,548.8,0,0
369.31,9,0,0,0,2158.32,0,1
38.22,18,0,0,0,2492.04,0,0
15.54,15,0,0,0,3499.31,0,0
144.81,18,0,0,0,1697.59,0,0
7.79,12,0,0,0,3854.59,0,0
23.69,19,0,0,0,3154.64,0,0
16.51,12,0,0,0,3481.29,1,0
10.39,8,0,0,0,4362.4,0,0
25.03,8,0,0,0,3809.15,0,0
13.95,22,0,0,0,1593.21,1,0
33.54,10,0,0,0,2923.86,0,0
34.03,8,0,0,0,3915.32,0,0
17.79,0,1,0,0,2386.79,0,0
22.86,10,0,0,0,3088.46,1,0
26.29,18,0,0,0,816.56,3,0
74.43,13,0,0,0,3680.82,1,0
28.55,14,0,0,0,3420.7,0,0
75.54,19,0,0,0,4005.58,0,0
59.49,12,0,0,0,3210.16,0,0
58.65,17,0,0,0,3952.21,2,0
132.67,10,0,0,1,771.86,0,1
10.81,20,0,1,0,3670.73,0,0
20.63,6,0,0,0,4290.7,2,0
193.12,16,0,0,0,3679.01,0,0
25.6,15,0,0,1,2787.76,0,0
1.98,8,0,0,0,4172.93,0,0
27.03,11,0,0,0,470.46,0,0
37.9,10,0,1,0,125.05,0,0
2.42,6,0,0,0,4345.67,0,0
125.7,13,0,0,0,3089.37,0,0
16.22,22,0,1,0,558.04,0,0
46.0,13,0,0,0,1563.05,0,0
26.42,13,0,0,0,3382.17,0,0
9.13,4,1,0,0,3389.22,1,0
11.35,7,0,0,0,806.46,1,0
13.0,12,0,1,0,2142.16,0,0
98.07,21,0,0,0,3642.53,0,0
28.57,18,0,1,0,4352.25,0,0
19.65,10,0,1,0,2820.42,0,0
13.01,13,0,0,1,2889.69,0,0
109.52,13,0,0,0,2138.6,0,0
143.19,15,0,0,0,2448.81,0,0
108.28,15,0,1,0,490.25,0,0
54.19,17,0,0,0,1605.67,0,0
44.25,2,1,0,0,2307.46,0,1
9.82,19,0,1,0,1273.67,0,0
25.9,6,0,0,0,1651.24,0,0
16.71,12,0,0,0,4371.83,0,0
5.34,18,0,0,0,73.15,0,0
95.3,12,0,0,0,1396.76,0,0
16.51,5,1,0,0,2648.6,0,1
109.5,9,0,1,0,1291.4,0,0
79.98,13,0,0,0,3060.26,0,0
57.78,6,0,0,0,1381.77,0,0
61.12,11,0,0,0,2890.02,0,0
17.9,10,0,1,0,3831.89,0,1
212.27,17,0,1,0,2980.97,0,1
34.57,7,0,0,0,271.99,0,0
44.79,15,0,0,0,3588.7,0,0
17.3,11,0,1,0,996.97,0,0
13.05,13,0,0,0,2874.82,0,0
53.37,8,0,0,0,2927.96,0,0
41.16,14,0,0,0,3626.63,0,0
15.04,15,0,0,0,2300.91,0,0
7.86,6,0,0,0,1723.04,0,0
9.3,17,0,1,0,2355.23,0,1
109.52,18,0,0,0,2478.62,1,0
17.93,5,1,0,0,3705.84,1,1
23.6,14,0,0,0,962.57,0,0
141.22,13,0,0,0,3818.4,1,0
10.78,1,1,0,0,1677.4,0,0
16.01,10,0,0,0,3360.19,0,0
15.35,20,0,0,0,1543.92,0,0
167.01,13,0,0,0,3204.54,0,0
243.08,19,0,0,0,3606.35,0,0
70.22,15,0,1,0,2533.39,0,0
72.49,2,1,0,0,2806.97,0,0
18.53,6,0,1,0,3199.53,0,0
232.14,16,0,0,0,3113.5,0,0
43.28,13,0,0,0,3287.0,0,0
77.72,7,0,0,0,3831.06,0,0
29.8,14,0,0,0,1031.3,0,0
25.33,17,0,0,0,1005.56,0,0
174.7,16,0,0,0,4369.54,0,0
56.81,9,0,0,1,3838.38,0,0
141.37,9,0,0,0,2683.09,1,0
42.75,20,0,0,0,86.4,0,0
14.18,18,0,0,1,3853.67,0,1
18.48,10,0,0,0,3394.6,0,0
36.71,17,0,1,0,4305.87,0,1
17.7,8,0,0,0,108.57,0,0
10.94,8,0,0,0,176.94,0,0
110.1,8,0,1,0,2352.65,0,0
19.2,6,0,0,0,3859.42,0,0
38.02,18,0,0,0,4461.36,0,0
44.53,13,0,1,0,1474.11,0,0
18.39,9,0,0,0,211.82,0,0
141.29,17,0,0,0,920.01,1,0
10.84,17,0,0,0,3952.7,1,0
43.02,7,0,0,0,2125.7,0,0
42.36,14,0,1,0,3847.22,0,0
31.37,16,0,0,0,2025.39,0,0
9.05,15,0,0,0,287.58,0,0
79.11,16,0,0,0,2798.21,0,0
69.65,8,0,0,0,1988.78,0,0
16.85,10,0,0,0,2236.52,0,0
67.19,17,0,1,0,4272.92,0,0
48.18,18,0,1,0,2083.98,0,0
9.2,9,0,0,0,3594.55,0,0
14.1,2,1,0,0,312.16,0,0
103.37,18,0,0,0,2181.72,0,0
45.12,11,0,0,0,2660.79,0,0
18.83,10,0,0,0,553.88,1,0
14.03,10,0,1,0,1394.94,0,0
19.78,11,0,0,0,3341.19,0,0
21.23,11,0,1,0,868.38,0,0
14.21,13,0,0,0,621.61,1,0
5.8,6,0,1,0,1381.78,2,1
103.55,20,0,0,0,3872.38,0,0
87.41,19,0,1,0,3445.1,0,1
9.27,19,0,0,0,3506.77,1,0
37.95,18,0,1,0,1484.94,0,0
13.43,15,0,1,0,490.28,0,0
25.49,9,0,1,0,192.19,0,0
23.46,4,1,0,0,2658.58,0,0
21.59,6,0,0,0,3175.17,1,0
245.41,10,0,0,0,1731.62,0,0
21.32,12,0,0,0,2403.43,0,0
14.76,22,0,1,0,1291.57,0,0
15.45,12,0,0,0,1671.14,2,1
94.05,13,0,0,1,3297.68,0,1
6.35,15,0,0,0,3246.08,0,1
15.45,8,0,0,0,175.01,0,0
140.73,19,0,0,0,4251.83,0,0
42.27,13,0,0,0,1247.1,0,0
40.12,9,0,0,0,4088.76,0,0
279.26,19,0,0,0,2327.94,0,0
42.37,14,0,0,0,2271.36,0,0
16.31,12,0,1,1,2055.23,0,0
24.98,13,0,1,0,4154.8,2,1
10.64,16,0,0,0,976.08,0,0
116.27,8,0,0,0,2771.82,0,0
58.82,18,0,0,0,1464.13,0,0
101.94,19,0,1,0,4122.81,0,0
111.38,13,0,0,0,803.57,0,0
21.88,15,0,0,0,3059.04,0,0
12.87,18,0,1,0,1926.83,0,0
31.45,11,0,1,0,2992.44,0,0
13.84,22,0,1,0,751.35,0,0
39.05,15,0,1,0,1801.78,0,0
102.73,11,0,1,0,527.32,0,0
27.99,15,0,1,0,4361.06,0,0
38.47,13,0,0,0,1002.27,0,0
30.15,7,0,1,0,4469.86,1,0
73.9,17,0,1,0,1912.32,0,0
16.98,13,0,0,0,368.39,0,0
3.68,17,0,0,0,128.21,1,0
53.03,8,0,0,0,2715.36,0,0
88.93,13,0,0,0,2785.55,0,0
51.75,16,0,1,0,2385.33,0,0
17.46,21,0,0,0,345.48,0,0
10.64,18,0,1,0,1525.19,0,0
54.3,18,0,0,0,1647.87,0,0
38.15,9,0,0,0,3186.43,0,0
29.2,17,0,1,0,1913.9,1,0
204.89,8,0,0,0,2599.7,0,0
12.85,8,0,1,0,1324.17,0,0
195.4,7,0,0,0,3280.62,0,0
34.18,18,0,1,0,258.11,0,0
5.28,7,0,0,0,4448.84,0,0
27.68,7,0,0,0,2904.64,0,0
86.44,9,0,1,0,712.43,1,0
22.99,13,0,0,1,3242.83,0,1
7.58,18,0,1,1,3550.18,1,1
28.09,11,0,1,0,3559.25,0,0
14.05,13,0,0,0,1254.76,0,0
54.15,8,0,0,0,4315.94,0,0
71.77,9,0,0,0,128.93,0,0
11.52,7,0,0,0,1740.29,0,0
16.35,11,0,0,0,513.77,0,0
70.57,13,0,0,0,1762.62,1,0
14.03,10,0,1,0,304.65,2,1
11.22,17,0,0,0,2920.16,0,0
10.19,21,0,0,0,327.95,0,0
47.09,7,0,0,0,2790.52,0,0
45.11,1,1,0,0,1091.67,0,1
16.71,17,0,1,0,847.21,0,0
33.28,8,0,0,1,1594.15,1,0
152.5,11,0,1,0,2902.28,0,0
12.5,11,0,0,0,2622.99,0,0
4.7,18,0,0,0,3078.1,2,0
52.2,14,0,1,0,4139.47,0,0
29.65,4,1,1,0,954.7,0,0
16.28,1,1,1,0,1889.44,0,1
63.57,8,0,0,0,1232.9,0,0
76.65,10,0,0,0,2659.25,0,0
3.64,12,0,0,0,1311.13,0,0
17.24,17,0,0,0,2533.17,0,0
336.14,10,0,0,0,3713.08,0,1
59.35,11,0,1,0,2501.71,0,1
65.11,10,0,0,0,3779.67,0,0
107.01,0,1,0,0,2770.51,0,0
33.69,19,0,0,0,3922.83,1,0
73.46,7,0,0,0,4190.36,0,0
67.9,10,0,0,0,2309.77,0,0
56.77,7,0,1,0,3568.37,0,0
24.0,12,0,1,0,2136.23,0,1
39.33,19,0,0,0,3188.11,1,0
18.39,7,0,0,0,216.91,0,0
33.54,12,0,1,0,4352.76,1,0
10.29,2,1,0,0,4029.78,1,1
15.02,16,0,0,0,4025.13,0,0
24.97,14,0,0,0,1301.57,0,0
12.89,15,0,0,0,1310.09,0,0
19.99,12,0,1,0,1841.57,1,0
28.11,18,0,1,0,3966.84,0,0
49.51,11,0,0,0,3870.94,0,0
85.56,12,0,0,0,1338.1,0,0
20.83,15,0,0,0,2460.9,0,0
125.85,13,0,0,0,2164.51,0,0
84.66,8,0,1,0,2945.5,0,0
54.82,10,0,0,0,1001.85,0,0
38.62,6,0,0,0,428.48,0,0
45.56,12,0,0,0,171.29,0,0
108.53,14,0,0,0,1747.31,0,0
112.57,7,0,0,0,4262.42,0,0
125.83,14,0,0,0,3097.42,0,0
34.51,18,0,1,0,3383.63,0,1
57.68,10,0,0,0,4255.98,0,0
126.92,9,0,0,0,1928.13,1,0
17.75,18,0,1,0,2160.94,0,1
24.08,15,0,1,0,1649.96,0,0
33.65,7,0,0,0,857.11,0,0
81.42,11,0,0,0,3460.45,0,0
82.7,15,0,1,0,4084.75,0,0
26.29,13,0,0,1,3671.75,0,0
7.33,14,0,1,0,262.35,0,0
42.36,13,0,0,0,1381.19,0,0
13.22,17,0,1,0,2684.78,0,1
7.46,10,0,0,0,1505.97,0,0
9.36,15,0,1,0,718.03,0,0
45.9,22,0,0,1,2445.72,0,0
129.16,11,0,0,1,2370.64,0,1
34.43,17,0,0,0,3209.03,0,0
40.91,9,0,0,0,4499.41,0,0
108.08,10,0,1,1,2934.66,0,0
7.07,19,0,0,0,1460.14,1,0
55.71,2,1,0,0,4305.9,0,0
32.73,9,0,0,0,2592.29,0,0
58.33,12,0,0,0,2923.53,0,0
20.42,11,0,0,1,1641.15,0,0
14.62,14,0,0,0,2060.67,0,0
38.11,8,0,0,0,1912.91,0,0
172.29,6,0,1,0,4216.16,1,0
78.33,11,0,1,1,3652.68,0,0
19.93,13,0,1,0,453.63,0,0
8.66,13,0,0,0,1446.71,0,0
6.16,14,0,1,0,297.81,0,1
123.48,13,0,0,0,2349.58,0,0
12.74,9,0,0,0,1293.44,0,0
23.91,16,0,0,0,376.63,0,0
124.12,6,0,0,0,3485.44,0,0
6.59,8,0,1,0,455.52,0,0
147.27,16,0,0,0,1258.46,0,0
25.7,9,0,1,0,3483.79,0,0
10.5,12,0,0,0,2326.49,0,0
25.86,10,0,0,1,3686.17,0,0
16.08,12,0,0,0,1894.44,0,0
51.46,10,0,0,0,3676.14,0,0
17.32,22,0,1,0,2444.83,0,0
4.9,11,0,0,1,441.39,0,0
26.56,14,0,0,1,2148.13,0,1
8.53,18,0,0,0,2513.27,0,0
40.62,14,0,0,0,2773.85,0,0
10.1,13,0,0,0,4179.08,0,0
20.33,13,0,1,0,866.83,0,0
39.75,12,0,0,1,2746.82,0,0
26.78,17,0,0,0,3396.5,0,0
42.54,5,1,0,1,4010.3,0,0
65.38,18,0,0,0,2387.61,1,0
10.4,13,0,0,0,1002.08,0,0
31.05,17,0,1,0,3688.69,0,1
1.19,1,1,0,0,4077.46,0,1
42.41,18,0,0,0,523.34,0,0
24.51,7,0,1,0,1072.24,0,0
12.39,16,0,0,0,3928.01,0,0
45.41,11,0,0,0,2205.65,0,0
106.99,15,0,0,1,802.5,0,1
20.57,14,0,1,0,2921.56,0,0
12.87,8,0,0,0,2089.39,0,0
39.06,12,0,0,0,4357.42,0,0
8.71,9,0,0,0,1041.08,0,0
17.11,13,0,0,0,1661.62,0,0
112.44,16,0,0,0,789.37,1,0
35.24,6,0,0,0,271.31,0,0
5.06,12,0,0,0,1268.87,0,0
5.49,14,0,1,1,3698.23,0,0
38.94,10,0,1,0,1239.19,0,1
78.44,19,0,0,0,3148.73,0,0
6.57,13,0,1,0,2390.8,0,0
51.92,8,0,0,0,2362.71,0,0
125.25,7,0,0,0,3527.87,2,0
218.73,13,0,0,0,2799.07,0,0
46.12,11,0,0,0,761.36,0,0
54.97,8,0,0,0,1032.4,0,0
3.92,3,1,0,0,2469.84,0,0
270.36,13,0,1,0,3811.65,2,1
18.63,13,0,0,0,727.82,0,0
13.02,7,0,0,0,525.68,2,1
25.66,14,0,1,0,2353.05,0,0
150.16,19,0,0,0,889.5,0,0
301.28,20,0,0,0,4474.35,0,0
37.54,18,0,0,0,69.39,0,0
89.84,17,0,1,0,2047.44,0,0
34.58,8,0,0,0,773.31,0,0
11.73,8,0,0,0,3080.8,0,0
145.0,12,0,0,1,2854.1,0,0
17.78,14,0,0,0,3641.45,2,0
153.78,18,0,1,0,2557.14,0,0
121.33,9,0,0,0,892.69,0,0
61.19,12,0,1,0,287.25,0,1
206.23,14,0,0,0,3263.55,0,0
308.69,12,0,0,0,2007.65,0,0
27.79,12,0,1,0,1038.85,0,0
14.75,9,0,0,0,1170.61,0,1
5.13,21,0,1,0,713.17,0,0
312.52,12,0,0,0,1311.93,1,0
21.33,13,0,1,0,3574.5,0,0
103.03,9,0,1,0,2811.94,0,0
15.78,12,0,1,0,4443.92,0,0
154.2,9,0,1,0,2383.05,0,0
16.44,8,0,0,0,2370.63,0,0
10.06,9,0,0,0,901.67,1,0
26.88,0,1,1,0,2659.73,0,1
19.46,13,0,0,0,2757.24,0,0
60.12,11,0,0,0,969.06,0,0
31.46,18,0,0,0,441.45,0,0
62.04,4,1,0,0,1691.03,0,0
24.75,4,1,0,0,815.86,0,0
17.03,18,0,1,0,2289.26,1,0
18.48,7,0,0,1,2391.19,0,0
255.94,0,1,0,0,2756.29,0,0
41.48,8,0,0,0,2732.6,2,0
4.56,17,0,1,0,3053.21,0,0
19.68,17,0,0,0,1075.52,0,0
36.48,10,0,1,0,3302.25,0,0
209.64,15,0,0,0,2385.46,0,0
92.64,12,0,1,0,1996.01,0,1
13.17,18,0,1,0,2933.13,0,0
371.8,5,1,1,0,2280.61,2,1
32.1,17,0,1,0,2389.22,0,0
115.16,8,0,0,0,153.45,0,0
10.43,11,0,1,0,3619.06,0,0
3.01,8,0,0,0,1937.58,0,0
8.1,15,0,0,0,2355.44,0,0
1.28,15,0,0,0,1785.1,0,0
273.72,13,0,0,0,2504.31,0,0
41.04,15,0,1,0,290.49,2,0
13.14,14,0,0,0,1758.4,0,0
52.07,16,0,0,0,3025.62,0,0
40.02,9,0,0,0,4226.09,0,0
61.62,11,0,0,0,3828.85,0,0
111.0,8,0,0,0,4334.54,0,0
24.78,11,0,0,0,3527.74,0,0
13.74,15,0,1,0,2865.15,0,0
75.78,15,0,1,0,1933.56,0,1
73.87,15,0,0,0,597.98,0,0
36.63,10,0,0,0,1166.07,0,0
292.23,15,0,0,0,1256.73,0,0
21.37,11,0,0,0,1954.08,0,0
13.47,19,0,1,0,2763.79,0,0
50.3,10,0,0,0,2803.05,0,0
16.86,14,0,0,0,2077.16,0,0
54.35,16,0,0,0,1272.16,0,0
14.4,18,0,0,0,301.4,0,0
22.19,12,0,0,0,4450.32,0,0
219.39,11,0,0,0,4231.04,0,0
22.07,12,0,0,0,864.02,0,0
14.9,10,0,0,0,2744.01,0,0
106.77,14,0,1,0,1365.66,0,1
11.58,19,0,1,0,915.21,0,0
16.56,7,0,1,0,3095.63,0,1
58.94,13,0,1,1,3548.56,0,0
84.64,18,0,1,0,1859.34,0,0
112.22,7,0,0,0,312.83,0,0
15.69,12,0,0,0,1836.66,0,0
60.1,18,0,0,0,2418.26,0,0
20.78,18,0,0,0,4024.81,0,0
18.07,12,0,0,1,2972.77,0,0
110.3,2,1,0,0,3211.71,0,0
19.11,7,0,0,0,951.71,0,0
43.74,13,0,0,0,3255.21,1,0
38.69,7,0,0,0,2283.12,0,0
11.35,7,0,1,0,3700.83,0,0
87.02,16,0,1,0,1012.84,0,1
57.99,16,0,1,0,2341.14,1,0
4.54,17,0,1,0,982.17,0,0
43.7,7,0,0,0,1322.33,0,0
15.29,8,0,0,0,3753.31,0,0
99.19,17,0,1,0,3110.68,0,0
7.8,16,0,0,0,3291.77,0,0
23.19,17,0,0,0,354.99,0,0
47.56,21,0,1,0,3292.97,0,0
34.96,18,0,1,0,2236.76,0,1
71.02,13,0,0,0,2093.19,0,0
7.25,10,0,1,0,1886.19,0,1
172.76,13,0,0,0,3840.49,0,0
55.99,14,0,0,0,839.71,0,0
128.99,10,0,0,0,3672.81,0,0
79.38,16,0,1,0,4181.04,0,0
32.73,6,0,0,0,798.66,0,0
9.17,16,0,1,0,4498.2,0,0
18.85,3,1,0,1,4457.88,3,1
162.32,12,0,0,0,2814.87,0,0
132.35,18,0,0,0,1244.98,0,0
17.82,6,0,0,0,1961.83,0,0
1.98,12,0,0,0,808.21,1,0
26.77,8,0,0,0,584.9,0,0
24.84,18,0,1,0,3182.93,0,0
25.8,17,0,1,1,2630.31,0,1
56.18,19,0,0,0,2557.9,1,0
79.54,18,0,0,0,1152.54,0,0
89.15,16,0,0,0,1095.33,0,0
51.71,8,0,0,0,4454.32,0,0
5.47,10,0,0,0,2848.04,0,0
23.54,12,0,0,0,3696.58,0,0
331.65,13,0,1,0,1734.38,0,0
48.14,17,0,1,0,3804.38,0,0
47.84,9,0,0,0,3264.59,0,0
47.44,7,0,1,0,1608.05,1,0
50.17,12,0,0,0,3243.74,0,0
3.06,8,0,0,0,4169.02,0,0
26.06,15,0,1,0,1001.11,0,0
31.88,13,0,0,0,2486.97,0,0
119.28,16,0,0,0,4351.59,2,0
34.73,5,1,0,0,3705.22,0,0
6.38,20,0,1,0,2810.3,0,0
50.91,0,1,1,0,360.46,0,0
14.82,10,0,0,0,1858.14,0,0
9.81,15,0,1,0,2945.91,0,1
14.38,4,1,1,0,1873.0,0,1
56.97,6,0,0,0,4487.02,0,0
116.6,6,0,0,1,3402.6,0,1
53.67,13,0,0,0,882.51,0,0
62.3,18,0,0,0,2232.22,0,0
53.15,13,0,0,1,1758.68,0,0
36.65,14,0,1,0,2692.6,0,0
66.48,10,0,1,0,2037.21,0,1
2.95,1,1,0,0,1108.66,0,1
37.01,2,1,1,0,3273.45,0,0
11.65,18,0,1,0,524.64,1,0
105.94,7,0,0,0,2418.0,0,0
28.58,22,0,0,0,1430.21,0,0
34.16,8,0,0,1,4351.06,1,0
7.35,15,0,0,0,1400.85,0,0
91.55,19,0,0,0,1567.19,0,0
62.01,11,0,0,0,3196.54,0,0
57.8,16,0,1,0,621.71,0,0
14.69,11,0,0,0,1494.58,2,1
15.28,10,0,0,0,3146.82,0,0
41.41,8,0,1,0,186.85,0,0
16.54,17,0,1,0,1433.95,0,1
51.16,9,0,1,0,86.74,0,0
3.82,10,0,0,0,718.52,1,0
20.34,22,0,0,0,2738.68,0,0
199.69,10,0,0,0,2082.38,0,0
51.39,11,0,0,0,744.32,0,0
39.13,22,0,0,0,397.21,0,0
241.1,11,0,0,0,300.64,0,0
3.2,11,0,1,0,429.84,0,0
14.65,17,0,0,0,477.54,0,0
22.17,10,0,0,0,434.09,0,0
78.13,9,0,0,1,295.11,0,1
79.49,11,0,0,0,3151.79,0,0
13.93,15,0,0,0,4238.64,0,0
89.83,4,1,1,0,3859.11,0,0
22.12,11,0,0,0,1233.05,0,0
111.23,10,0,0,0,959.04,0,0
11.79,9,0,0,0,263.21,1,0
29.27,14,0,1,0,744.35,0,0
20.28,10,0,1,0,2576.58,0,0
95.2,14,0,0,0,4491.66,0,0
19.63,12,0,0,0,3872.7,0,0
31.74,9,0,0,0,2341.4,0,0
54.97,9,0,1,0,1934.37,0,0
57.13,8,0,0,0,707.83,0,0
80.4,5,1,1,0,1912.73,2,0
40.9,14,0,1,0,2697.12,0,0
21.8,15,0,0,0,2699.86,0,0
23.34,8,0,0,0,2531.08,0,0
33.98,14,0,0,0,3716.88,0,0
42.5,21,0,0,0,2319.87,0,0
28.58,6,0,1,0,2154.18,0,0
33.76,12,0,0,0,1410.69,0,0
7.26,16,0,0,0,852.08,0,0
64.54,4,1,0,0,56.25,0,0
39.69,16,0,0,0,1483.34,0,0
90.19,20,0,0,0,2867.21,0,0
33.12,6,0,0,0,2537.09,0,0
5.82,17,0,0,0,2410.8,0,0
23.14,11,0,0,0,3487.08,0,0
27.11,7,0,0,0,1086.17,0,0
69.61,12,0,1,0,3069.49,0,0
4.18,6,0,1,0,2751.88,0,0
34.51,13,0,0,0,1558.51,0,0
55.35,1,1,1,0,1022.52,0,0
17.09,16,0,0,0,2553.97,0,0
35.68,12,0,0,1,4255.91,0,0
17.69,12,0,0,0,389.76,0,0
15.97,8,0,0,0,4290.78,1,0
22.01,11,0,1,0,2118.17,0,1
16.27,8,0,0,0,3209.69,0,0
65.6,16,0,0,0,3624.26,0,0
15.88,8,0,0,0,724.24,0,0
13.42,14,0,1,0,250.06,0,1
194.01,9,0,0,0,621.79,1,0
86.55,14,0,0,0,1567.24,0,0
5.15,13,0,1,0,4306.67,0,0
15.41,11,0,0,0,240.35,2,1
42.2,15,0,1,0,4143.1,0,0
45.78,11,0,1,0,2547.76,0,0
7.46,17,0,0,0,505.42,0,1
105.48,16,0,0,0,729.73,0,0
75.58,13,0,1,0,3117.52,0,0
53.62,18,0,0,0,2757.62,0,0
128.6,17,0,0,1,795.18,1,1
52.05,13,0,1,1,4074.27,0,0
51.86,5,1,0,0,641.42,0,0
157.23,13,0,0,0,2326.5,0,0
99.61,11,0,1,0,2400.91,0,0
14.27,13,0,0,0,3923.74,0,0
62.38,14,0,1,0,148.57,0,0
17.04,14,0,0,0,657.21,0,0
54.83,15,0,1,0,809.52,1,1
53.34,15,0,0,1,329.82,0,1
8.3,7,0,0,0,2860.1,0,0
29.32,8,0,0,0,1071.72,0,0
43.17,14,0,0,0,2616.18,0,0
21.41,11,0,0,0,3532.62,0,0
45.36,16,0,0,0,1867.95,0,0
74.14,7,0,1,0,3471.38,0,0
32.12,8,0,0,0,3511.52,0,0
41.45,13,0,0,0,1222.23,0,0
132.08,12,0,0,0,120.06,0,0
53.15,9,0,1,0,509.6,0,0
40.48,11,0,0,0,3714.68,0,0
12.7,3,1,1,0,1853.62,0,1
64.78,3,1,0,0,3783.98,0,0
46.07,6,0,0,0,2486.44,0,0
119.55,13,0,0,0,928.41,0,0
34.7,18,0,0,0,3219.46,0,0
5.39,9,0,0,0,2533.93,2,0
6.05,3,1,1,0,1615.53,1,0
69.11,15,0,0,0,440.34,0,0
18.72,18,0,0,0,505.23,0,0
51.25,7,0,0,1,888.88,0,0
37.12,11,0,0,0,3044.54,0,0
28.03,8,0,0,0,3289.47,0,0
30.07,7,0,0,0,2857.58,1,0
13.94,14,0,0,0,1550.84,0,0
32.6,20,0,0,0,2010.09,0,0
18.46,15,0,0,0,3207.54,0,0
22.82,21,0,0,0,2986.36,0,0
23.96,12,0,0,0,3489.91,0,0
26.4,18,0,0,0,1123.06,1,0
83.28,8,0,0,0,69.98,0,0
29.08,7,0,0,0,1235.67,0,0
92.18,15,0,0,0,1598.12,0,0
154.14,11,0,0,0,4324.28,1,0
77.86,10,0,1,0,1018.91,0,0
56.51,15,0,0,0,3727.5,1,0
45.92,10,0,0,0,2820.18,0,0
78.68,13,0,0,0,795.54,0,0
36.21,10,0,0,1,1845.6,0,0
88.64,17,0,0,1,2320.21,0,0
61.2,10,0,0,0,1581.47,0,0
23.11,13,0,0,0,1056.37,2,1
81.11,2,1,1,0,1175.19,0,1
36.29,17,0,0,0,2654.17,0,0
29.78,14,0,0,0,3112.07,0,0
20.57,8,0,0,0,2136.92,0,0
39.1,9,0,0,0,4240.72,0,0
89.7,9,0,1,0,3292.12,0,0
80.55,13,0,0,1,4018.32,0,0
47.15,13,0,0,0,2166.7,2,0
60.32,9,0,1,0,116.23,0,0
118.12,15,0,0,0,2684.71,0,0
28.5,18,0,1,0,3691.25,2,1
10.85,4,1,0,0,2437.58,0,0
121.65,11,0,0,0,2577.16,0,0
19.5,13,0,0,0,4388.62,0,0
16.6,13,0,0,0,1679.33,0,0
5.49,1,1,0,0,3618.33,1,0
58.63,9,0,1,0,2297.58,0,0
6.54,5,1,0,0,2113.51,1,1
15.64,13,0,0,0,697.82,0,0
59.63,14,0,0,0,3380.36,0,0
68.16,8,0,0,0,3713.66,0,0
17.26,10,0,0,0,1967.4,0,0
28.96,10,0,0,0,3447.71,0,0
13.84,17,0,0,0,2635.99,0,0
19.14,8,0,1,0,1196.12,0,1
43.22,13,0,0,0,4160.53,0,0
20.05,17,0,1,0,3150.63,2,1
25.94,17,0,0,0,3958.59,1,0
7.65,15,0,0,0,1302.52,0,0
102.82,10,0,0,0,4127.82,1,0
55.15,17,0,1,0,1672.77,0,0
73.18,16,0,0,0,92.42,0,0
120.35,15,0,0,0,383.88,1,0
14.51,5,1,0,0,447.56,0,0
23.14,4,1,0,0,971.79,0,1
4.98,15,0,1,0,880.02,0,1
765.42,19,0,0,0,307.63,0,0
28.51,16,0,0,0,4034.5,0,0
93.57,17,0,0,0,3735.98,0,0
9.6,13,0,0,0,3444.56,0,0
89.69,10,0,1,0,2182.14,0,0
212.21,15,0,1,0,1941.91,0,0
31.18,15,0,0,0,1942.87,1,0
12.05,15,0,0,0,1214.86,0,0
28.82,19,0,0,1,2756.75,0,1
3.57,11,0,0,0,312.9,0,0
31.88,3,1,0,0,2981.59,0,1
75.26,18,0,0,1,2336.67,0,0
31.95,8,0,0,0,3683.51,0,0
24.92,15,0,1,0,4378.7,1,0
56.12,18,0,0,0,3950.92,0,0
60.58,10,0,0,0,3253.66,0,0
6.3,17,0,1,0,1975.89,0,0
36.19,10,0,0,0,1004.63,0,0
378.41,17,0,1,1,3008.69,0,1
8.71,5,1,0,0,947.12,0,1
30.4,14,0,1,0,140.15,0,0
230.84,15,0,1,0,2600.89,0,0
99.9,12,0,0,0,1803.88,0,0
19.82,15,0,0,0,3948.28,0,0
40.7,19,0,0,0,2923.72,0,0
33.05,16,0,0,0,2930.26,0,0
15.67,20,0,0,0,3556.12,0,0
30.75,12,0,0,0,1543.65,1,0
25.03,13,0,0,0,4313.87,0,0
37.07,9,0,0,0,1034.88,0,0
15.67,21,0,0,0,3928.98,0,0
9.24,5,1,0,0,4103.24,0,0
31.78,11,0,0,0,223.73,0,0
184.03,10,0,1,0,2861.61,0,0
35.95,11,0,0,0,3384.92,2,0
23.77,18,0,0,0,4294.55,0,0
70.39,11,0,1,0,1168.64,0,0
28.27,18,0,0,0,2550.23,0,0
214.44,11,0,1,0,3490.37,0,1
32.99,18,0,0,0,710.18,0,0
66.72,13,0,0,0,3845.77,0,0
15.57,10,0,0,0,1846.19,0,0
54.77,12,0,1,0,2896.89,2,1
43.6,11,0,1,1,237.07,0,0
31.3,9,0,0,1,1042.07,0,0
20.05,10,0,0,0,2177.92,0,0
17.5,8,0,0,0,1336.98,0,0
43.92,10,0,0,0,4312.4,0,0
62.11,14,0,0,0,3587.45,0,0
29.16,11,0,1,0,3898.72,0,0
44.14,15,0,0,0,2125.11,0,0
31.88,21,0,0,0,2157.71,0,0
36.54,11,0,0,0,3633.09,1,0
27.1,12,0,0,0,1774.52,0,0
33.72,8,0,0,0,2189.78,0,0
491.78,11,0,0,0,2402.22,0,0
45.22,16,0,0,0,2751.85,0,0
63.14,9,0,1,1,2942.37,0,1
51.32,8,0,0,0,3079.35,0,0
25.46,11,0,0,0,2025.84,0,0
120.78,17,0,0,0,1363.4,0,0
24.75,14,0,0,0,4144.69,1,0
95.11,19,0,0,0,3728.91,0,0
23.71,18,0,0,0,65.3,0,0
12.68,8,0,1,1,2332.51,0,0
47.72,4,1,0,0,1271.98,0,1
10.97,11,0,0,0,2910.14,0,0
56.58,13,0,0,0,2286.75,2,0
10.03,12,0,1,0,144.19,0,0
24.07,7,0,0,0,3288.59,0,0
7.91,7,0,1,0,1275.47,0,0
557.89,4,1,0,0,1208.05,0,1
6.33,18,0,0,0,192.07,1,0
33.44,19,0,1,0,3736.1,0,0
103.89,7,0,0,0,2625.84,0,0
93.35,9,0,0,0,2207.55,0,0
77.58,6,0,0,0,3057.37,0,0
24.11,18,0,0,0,1586.9,0,0
127.88,19,0,1,0,2584.16,0,0
82.55,9,0,0,0,1159.27,0,0
40.95,10,0,0,0,330.15,0,0
42.12,11,0,0,0,2547.98,0,0
24.44,12,0,0,0,1034.3,0,0
13.33,15,0,1,0,3387.69,0,0
114.11,12,0,1,0,2060.7,0,1
123.0,19,0,0,0,1164.27,0,0
13.68,6,0,1,0,2757.14,0,0
28.4,17,0,0,0,568.96,0,0
